ply
format ascii 1.0
element vertex 19283
property float x
property float y
property float z
end_header
0.303308 0.056120 -0.149535
0.304251 0.055164 -0.146479
0.304853 0.055195 -0.146826
0.305230 0.055303 -0.147219
0.305157 0.055561 -0.147705
0.305085 0.055820 -0.148191
0.303665 0.056533 -0.148955
0.304491 0.056489 -0.149256
0.304756 0.056634 -0.149672
0.304909 0.056817 -0.150112
0.304724 0.057113 -0.150621
0.304652 0.057372 -0.151107
0.304355 0.057707 -0.151639
0.303721 0.058155 -0.152241
0.304098 0.058262 -0.152635
0.304250 0.058445 -0.153074
0.304066 0.058741 -0.153583
0.302871 0.059379 -0.154301
0.303135 0.059524 -0.154718
0.302531 0.054637 -0.143029
0.302796 0.054782 -0.143446
0.302948 0.054965 -0.143886
0.305058 0.055425 -0.145806
0.305098 0.055646 -0.146269
0.305475 0.055753 -0.146663
0.305515 0.055974 -0.147125
0.305555 0.056194 -0.147588
0.305483 0.056453 -0.148074
0.304288 0.057091 -0.148791
0.304889 0.057122 -0.149139
0.304929 0.057343 -0.149601
0.304969 0.057564 -0.150064
0.305009 0.057785 -0.150527
0.304937 0.058044 -0.151013
0.303967 0.058606 -0.151684
0.304344 0.058713 -0.152077
0.304721 0.058820 -0.152471
0.304648 0.059079 -0.152957
0.303902 0.059565 -0.153582
0.303381 0.059976 -0.154160
0.303154 0.055195 -0.142866
0.305824 0.055464 -0.144671
0.318150 0.059034 -0.157679
0.318302 0.059216 -0.158118
0.317260 0.060038 -0.159275
0.317637 0.060145 -0.159668
0.317677 0.060366 -0.160131
0.318166 0.060435 -0.160502
0.317348 0.061180 -0.161612
0.264825 0.084840 -0.184185
0.265333 0.084902 -0.184551
0.265841 0.084964 -0.184918
0.266112 0.085107 -0.185333
0.266146 0.085330 -0.185797
0.319561 0.049075 -0.137168
0.320555 0.048950 -0.137444
0.320918 0.049057 -0.137842
0.321843 0.049673 -0.139540
0.322416 0.049702 -0.139898
0.322463 0.049924 -0.140358
0.322300 0.050222 -0.140859
0.322557 0.050366 -0.141278
0.321810 0.051116 -0.142362
0.321963 0.051299 -0.142802
0.321799 0.051598 -0.143303
0.320037 0.053434 -0.145992
0.319874 0.053732 -0.146493
0.318391 0.054751 -0.147721
0.319279 0.054665 -0.148017
0.319479 0.055070 -0.148917
0.319631 0.055253 -0.149357
0.320078 0.056283 -0.151616
0.318482 0.057340 -0.152867
0.318747 0.057484 -0.153283
0.319320 0.057514 -0.153641
0.319788 0.057581 -0.154019
0.320045 0.057726 -0.154439
0.320198 0.057909 -0.154878
0.319766 0.058544 -0.155901
0.320234 0.058611 -0.156279
0.318394 0.059480 -0.157124
0.318771 0.059587 -0.157517
0.319597 0.059542 -0.157819
0.319862 0.059687 -0.158235
0.319902 0.059908 -0.158698
0.319942 0.060129 -0.159161
0.318523 0.060844 -0.159924
0.319012 0.060913 -0.160294
0.318041 0.061476 -0.160965
0.318306 0.061621 -0.161381
0.318458 0.061804 -0.161821
0.263884 0.084781 -0.181976
0.264392 0.084843 -0.182343
0.264781 0.084945 -0.182734
0.265052 0.085088 -0.183150
0.265560 0.085150 -0.183516
0.265831 0.085293 -0.183932
0.266220 0.085395 -0.184323
0.266491 0.085537 -0.184738
0.266881 0.085640 -0.185129
0.267033 0.085823 -0.185569
0.267186 0.086005 -0.186009
0.267575 0.086108 -0.186400
0.267609 0.086331 -0.186864
0.267524 0.086595 -0.187352
0.267914 0.086697 -0.187743
0.320076 0.048699 -0.135155
0.320860 0.048651 -0.135473
0.321538 0.048642 -0.135810
0.322006 0.048709 -0.136188
0.320475 0.049508 -0.136955
0.321364 0.049422 -0.137252
0.322147 0.049374 -0.137569
0.322510 0.049480 -0.137968
0.322978 0.049547 -0.138346
0.323130 0.049730 -0.138786
0.323282 0.049913 -0.139225
0.323330 0.050134 -0.139685
0.323272 0.050394 -0.140166
0.323214 0.050654 -0.140646
0.323471 0.050799 -0.141066
0.322467 0.051405 -0.141730
0.322619 0.051588 -0.142170
0.322772 0.051771 -0.142610
0.322819 0.051992 -0.143070
0.322445 0.052367 -0.143612
0.322387 0.052627 -0.144092
0.322435 0.052849 -0.144552
0.322271 0.053147 -0.145053
0.320952 0.053868 -0.145779
0.321525 0.053898 -0.146137
0.321256 0.054234 -0.146658
0.321514 0.054379 -0.147078
0.319984 0.055177 -0.147844
0.321188 0.054976 -0.148080
0.319973 0.055659 -0.148785
0.320441 0.055726 -0.149163
0.320803 0.055832 -0.149562
0.320851 0.056053 -0.150022
0.321003 0.056236 -0.150462
0.321050 0.056458 -0.150922
0.320992 0.056718 -0.151403
0.320934 0.056978 -0.151883
0.321087 0.057161 -0.152323
0.321029 0.057420 -0.152803
0.320866 0.057719 -0.153304
0.320597 0.058056 -0.153826
0.320960 0.058162 -0.154225
0.320902 0.058421 -0.154705
0.320949 0.058643 -0.155165
0.320996 0.058864 -0.155625
0.321044 0.059086 -0.156086
0.320986 0.059346 -0.156566
0.320928 0.059605 -0.157047
0.320765 0.059904 -0.157548
0.320482 0.060240 -0.158074
0.320522 0.060461 -0.158537
0.320562 0.060682 -0.159000
0.319929 0.061131 -0.159601
0.319857 0.061390 -0.160087
0.319673 0.061687 -0.160596
0.319264 0.062060 -0.161151
0.319079 0.062358 -0.161659
0.319007 0.062617 -0.162145
0.262706 0.084804 -0.179816
0.263214 0.084866 -0.180183
0.263485 0.085008 -0.180599
0.263874 0.085110 -0.180990
0.264264 0.085212 -0.181381
0.264772 0.085274 -0.181748
0.265043 0.085417 -0.182163
0.265550 0.085478 -0.182530
0.265940 0.085580 -0.182922
0.266211 0.085723 -0.183337
0.266600 0.085825 -0.183728
0.266752 0.086008 -0.184168
0.267023 0.086151 -0.184583
0.267294 0.086293 -0.184999
0.267446 0.086476 -0.185438
0.267836 0.086578 -0.185830
0.268225 0.086680 -0.186221
0.268377 0.086863 -0.186660
0.268293 0.087127 -0.187149
0.268327 0.087350 -0.187612
0.267650 0.087816 -0.188222
0.322426 0.047889 -0.133257
0.322894 0.047957 -0.133635
0.320675 0.049247 -0.135004
0.321773 0.049083 -0.135260
0.322346 0.049112 -0.135618
0.322709 0.049218 -0.136017
0.323072 0.049324 -0.136416
0.323434 0.049430 -0.136815
0.323166 0.049767 -0.137336
0.323319 0.049950 -0.137776
0.323681 0.050056 -0.138175
0.323728 0.050277 -0.138635
0.323881 0.050460 -0.139075
0.323823 0.050720 -0.139555
0.323870 0.050941 -0.140015
0.323707 0.051240 -0.140516
0.323649 0.051500 -0.140997
0.323591 0.051760 -0.141477
0.323323 0.052097 -0.141998
0.323370 0.052318 -0.142459
0.323417 0.052540 -0.142919
0.323254 0.052838 -0.143420
0.323091 0.053137 -0.143920
0.323033 0.053397 -0.144401
0.322975 0.053657 -0.144881
0.322707 0.053994 -0.145403
0.322754 0.054215 -0.145863
0.322486 0.054552 -0.146384
0.322323 0.054851 -0.146885
0.322370 0.055072 -0.147345
0.322312 0.055332 -0.147826
0.322254 0.055592 -0.148306
0.321986 0.055929 -0.148828
0.321823 0.056228 -0.149328
0.321870 0.056449 -0.149789
0.321812 0.056709 -0.150269
0.321754 0.056969 -0.150750
0.321802 0.057191 -0.151210
0.321639 0.057489 -0.151711
0.321686 0.057711 -0.152171
0.321628 0.057971 -0.152651
0.321675 0.058192 -0.153111
0.321617 0.058452 -0.153592
0.321559 0.058712 -0.154072
0.321501 0.058972 -0.154553
0.321549 0.059194 -0.155013
0.321491 0.059453 -0.155493
0.321433 0.059713 -0.155974
0.321480 0.059935 -0.156434
0.321422 0.060195 -0.156914
0.321364 0.060455 -0.157395
0.321201 0.060753 -0.157896
0.321031 0.061051 -0.158399
0.320959 0.061311 -0.158885
0.320662 0.061646 -0.159417
0.320478 0.061943 -0.159926
0.320181 0.062279 -0.160458
0.319997 0.062576 -0.160966
0.319700 0.062911 -0.161498
0.319516 0.063208 -0.162007
0.261682 0.085010 -0.178096
0.262545 0.084950 -0.178390
0.262815 0.085093 -0.178805
0.263205 0.085195 -0.179197
0.263594 0.085297 -0.179588
0.263746 0.085480 -0.180028
0.264017 0.085622 -0.180443
0.264407 0.085724 -0.180834
0.264796 0.085826 -0.181226
0.265304 0.085888 -0.181593
0.265574 0.086030 -0.182008
0.266082 0.086092 -0.182375
0.266472 0.086194 -0.182766
0.266742 0.086336 -0.183182
0.266895 0.086519 -0.183622
0.267047 0.086702 -0.184061
0.267199 0.086885 -0.184501
0.267352 0.087068 -0.184941
0.267860 0.087129 -0.185308
0.268249 0.087231 -0.185699
0.268520 0.087374 -0.186114
0.268672 0.087557 -0.186554
0.268588 0.087821 -0.187042
0.268503 0.088085 -0.187530
0.268418 0.088348 -0.188018
0.323734 0.046981 -0.130623
0.323992 0.047125 -0.131042
0.323829 0.047424 -0.131543
0.323666 0.047723 -0.132043
0.323292 0.048098 -0.132585
0.323340 0.048320 -0.133045
0.323597 0.048464 -0.133464
0.323434 0.048763 -0.133965
0.323376 0.049023 -0.134446
0.323318 0.049283 -0.134926
0.323050 0.049620 -0.135447
0.323518 0.049688 -0.135826
0.323670 0.049871 -0.136266
0.323928 0.050015 -0.136685
0.323975 0.050236 -0.137145
0.324022 0.050458 -0.137605
0.324174 0.050641 -0.138045
0.324222 0.050862 -0.138505
0.324269 0.051084 -0.138965
0.324316 0.051305 -0.139425
0.324258 0.051565 -0.139905
0.324095 0.051864 -0.140406
0.323932 0.052163 -0.140907
0.323979 0.052384 -0.141367
0.323921 0.052644 -0.141848
0.323758 0.052943 -0.142348
0.323701 0.053203 -0.142829
0.323643 0.053463 -0.143309
0.323269 0.053839 -0.143851
0.323422 0.054022 -0.144291
0.323259 0.054321 -0.144791
0.323306 0.054542 -0.145251
0.323248 0.054802 -0.145732
0.322980 0.055139 -0.146253
0.322922 0.055400 -0.146734
0.322759 0.055698 -0.147234
0.322701 0.055958 -0.147715
0.322643 0.056218 -0.148195
0.322480 0.056517 -0.148696
0.322527 0.056739 -0.149156
0.322469 0.056999 -0.149637
0.322306 0.057297 -0.150138
0.322248 0.057557 -0.150618
0.322296 0.057779 -0.151078
0.322238 0.058039 -0.151558
0.322075 0.058338 -0.152059
0.322122 0.058559 -0.152519
0.322064 0.058819 -0.153000
0.322111 0.059041 -0.153460
0.321948 0.059339 -0.153961
0.321890 0.059600 -0.154441
0.321937 0.059821 -0.154901
0.321879 0.060081 -0.155382
0.321716 0.060380 -0.155883
0.321764 0.060601 -0.156343
0.321706 0.060861 -0.156823
0.321648 0.061121 -0.157303
0.321485 0.061420 -0.157804
0.321315 0.061718 -0.158308
0.321130 0.062016 -0.158817
0.321058 0.062275 -0.159302
0.320874 0.062572 -0.159811
0.320690 0.062870 -0.160320
0.320393 0.063205 -0.160851
0.320209 0.063503 -0.161360
0.319688 0.063915 -0.161938
0.319167 0.064326 -0.162516
0.318759 0.064700 -0.163070
0.261875 0.085036 -0.176596
0.262265 0.085137 -0.176988
0.262417 0.085320 -0.177427
0.263043 0.085341 -0.177770
0.263432 0.085443 -0.178162
0.263821 0.085545 -0.178553
0.264092 0.085687 -0.178969
0.264126 0.085911 -0.179432
0.264160 0.086134 -0.179896
0.264431 0.086277 -0.180312
0.264702 0.086419 -0.180727
0.265091 0.086521 -0.181119
0.265480 0.086623 -0.181510
0.265988 0.086684 -0.181877
0.266377 0.086786 -0.182268
0.266766 0.086888 -0.182660
0.267037 0.087030 -0.183075
0.267189 0.087213 -0.183515
0.267223 0.087437 -0.183979
0.267376 0.087619 -0.184418
0.267647 0.087762 -0.184834
0.268036 0.087864 -0.185225
0.268425 0.087966 -0.185617
0.268577 0.088148 -0.186056
0.268493 0.088413 -0.186544
0.268645 0.088595 -0.186984
0.268679 0.088819 -0.187448
0.324096 0.046418 -0.128172
0.324564 0.046485 -0.128551
0.324716 0.046668 -0.128991
0.324763 0.046890 -0.129451
0.324811 0.047112 -0.129911
0.324648 0.047410 -0.130412
0.324695 0.047632 -0.130872
0.324742 0.047853 -0.131332
0.324579 0.048152 -0.131832
0.324416 0.048451 -0.132333
0.324358 0.048711 -0.132814
0.324300 0.048972 -0.133294
0.324137 0.049270 -0.133795
0.324185 0.049492 -0.134255
0.324127 0.049752 -0.134735
0.324069 0.050012 -0.135216
0.324116 0.050234 -0.135676
0.324163 0.050455 -0.136136
0.324316 0.050638 -0.136575
0.324363 0.050860 -0.137035
0.324410 0.051081 -0.137495
0.324563 0.051264 -0.137935
0.324610 0.051486 -0.138395
0.324447 0.051785 -0.138896
0.324599 0.051968 -0.139336
0.324331 0.052305 -0.139857
0.324063 0.052643 -0.140378
0.324005 0.052903 -0.140858
0.323947 0.053163 -0.141339
0.323889 0.053423 -0.141819
0.323831 0.053683 -0.142299
0.323773 0.053944 -0.142780
0.323610 0.054242 -0.143281
0.323552 0.054503 -0.143761
0.323705 0.054686 -0.144201
0.323437 0.055023 -0.144722
0.323484 0.055245 -0.145182
0.323216 0.055582 -0.145703
0.323263 0.055804 -0.146163
0.322995 0.056141 -0.146684
0.323042 0.056363 -0.147144
0.322984 0.056623 -0.147624
0.322821 0.056922 -0.148125
0.322763 0.057182 -0.148606
0.322811 0.057403 -0.149066
0.322648 0.057702 -0.149566
0.322590 0.057962 -0.150047
0.322637 0.058184 -0.150507
0.322579 0.058444 -0.150987
0.322416 0.058743 -0.151488
0.322358 0.059003 -0.151968
0.322405 0.059225 -0.152428
0.322348 0.059485 -0.152909
0.322290 0.059745 -0.153389
0.322127 0.060044 -0.153890
0.322174 0.060265 -0.154350
0.322011 0.060564 -0.154851
0.321953 0.060825 -0.155331
0.321895 0.061085 -0.155812
0.321837 0.061345 -0.156292
0.321779 0.061605 -0.156772
0.321616 0.061904 -0.157273
0.321558 0.062164 -0.157754
0.321599 0.062385 -0.158216
0.321414 0.062683 -0.158725
0.321455 0.062904 -0.159188
0.321270 0.063201 -0.159696
0.320862 0.063575 -0.160251
0.320678 0.063873 -0.160759
0.320381 0.064209 -0.161291
0.319972 0.064583 -0.161846
0.319564 0.064956 -0.162400
0.319380 0.065254 -0.162909
0.261240 0.085345 -0.175266
0.261984 0.085324 -0.175585
0.262492 0.085386 -0.175953
0.262881 0.085487 -0.176344
0.263152 0.085630 -0.176760
0.263423 0.085772 -0.177175
0.263812 0.085874 -0.177567
0.264083 0.086016 -0.177982
0.264353 0.086158 -0.178398
0.264506 0.086341 -0.178837
0.264777 0.086484 -0.179253
0.264692 0.086748 -0.179741
0.264608 0.087012 -0.180229
0.264997 0.087114 -0.180620
0.265268 0.087256 -0.181036
0.265775 0.087317 -0.181403
0.266283 0.087378 -0.181770
0.266672 0.087480 -0.182162
0.266824 0.087663 -0.182601
0.267095 0.087805 -0.183017
0.267247 0.087988 -0.183457
0.267281 0.088212 -0.183920
0.267552 0.088354 -0.184336
0.266994 0.088781 -0.184920
0.267975 0.088679 -0.185191
0.268365 0.088781 -0.185583
0.268280 0.089045 -0.186071
0.268196 0.089309 -0.186559
0.268230 0.089533 -0.187022
0.325078 0.046105 -0.126541
0.325335 0.046249 -0.126961
0.325383 0.046471 -0.127421
0.325535 0.046654 -0.127860
0.325267 0.046991 -0.128381
0.325419 0.047174 -0.128821
0.325361 0.047435 -0.129301
0.325303 0.047695 -0.129782
0.325246 0.047955 -0.130262
0.325083 0.048254 -0.130763
0.325235 0.048437 -0.131202
0.325177 0.048697 -0.131683
0.325014 0.048996 -0.132183
0.324956 0.049257 -0.132664
0.324898 0.049517 -0.133144
0.324841 0.049777 -0.133624
0.324783 0.050038 -0.134105
0.324725 0.050298 -0.134585
0.324772 0.050520 -0.135045
0.324609 0.050819 -0.135546
0.324656 0.051040 -0.136006
0.324704 0.051262 -0.136466
0.324646 0.051522 -0.136946
0.324798 0.051705 -0.137386
0.324845 0.051927 -0.137846
0.324682 0.052226 -0.138347
0.324625 0.052486 -0.138827
0.324462 0.052785 -0.139328
0.324088 0.053161 -0.139869
0.324030 0.053422 -0.140349
0.323868 0.053720 -0.140850
0.323915 0.053942 -0.141310
0.323857 0.054202 -0.141790
0.323694 0.054501 -0.142291
0.323741 0.054723 -0.142751
0.323473 0.055061 -0.143272
0.323625 0.055244 -0.143712
0.323568 0.055504 -0.144192
0.323405 0.055803 -0.144693
0.323347 0.056063 -0.145173
0.323394 0.056285 -0.145633
0.323126 0.056622 -0.146154
0.323068 0.056883 -0.146634
0.323115 0.057104 -0.147094
0.323057 0.057365 -0.147575
0.322894 0.057664 -0.148075
0.322837 0.057924 -0.148556
0.322884 0.058146 -0.149016
0.322721 0.058445 -0.149516
0.322768 0.058666 -0.149976
0.322605 0.058965 -0.150477
0.322547 0.059225 -0.150958
0.322595 0.059447 -0.151418
0.322432 0.059746 -0.151918
0.322479 0.059968 -0.152378
0.322316 0.060267 -0.152879
0.322153 0.060566 -0.153380
0.322200 0.060787 -0.153840
0.322037 0.061086 -0.154340
0.321769 0.061424 -0.154861
0.321816 0.061645 -0.155321
0.321758 0.061906 -0.155802
0.321701 0.062166 -0.156282
0.321643 0.062426 -0.156762
0.321578 0.062686 -0.157245
0.321730 0.062869 -0.157685
0.321658 0.063129 -0.158171
0.321586 0.063388 -0.158656
0.321626 0.063609 -0.159119
0.321442 0.063907 -0.159627
0.321146 0.064243 -0.160159
0.320849 0.064579 -0.160690
0.320553 0.064915 -0.161222
0.320145 0.065289 -0.161776
0.319960 0.065586 -0.162285
0.318991 0.066152 -0.162954
0.262246 0.085796 -0.175014
0.262753 0.085857 -0.175382
0.263024 0.085999 -0.175797
0.263295 0.086142 -0.176213
0.263684 0.086243 -0.176604
0.263955 0.086386 -0.177020
0.264225 0.086528 -0.177435
0.264496 0.086670 -0.177851
0.264767 0.086812 -0.178267
0.264919 0.086995 -0.178706
0.265072 0.087178 -0.179146
0.265106 0.087402 -0.179610
0.265021 0.087666 -0.180098
0.265174 0.087849 -0.180537
0.265444 0.087991 -0.180953
0.265834 0.088093 -0.181344
0.266341 0.088154 -0.181712
0.266730 0.088255 -0.182103
0.266764 0.088479 -0.182567
0.267035 0.088621 -0.182983
0.267187 0.088804 -0.183422
0.267340 0.088987 -0.183862
0.266545 0.089496 -0.184494
0.266697 0.089678 -0.184934
0.266021 0.090146 -0.185542
0.266529 0.090207 -0.185910
0.325266 0.046322 -0.125533
0.325839 0.046350 -0.125891
0.326201 0.046455 -0.126290
0.326248 0.046677 -0.126750
0.326085 0.046976 -0.127251
0.325922 0.047275 -0.127752
0.325865 0.047536 -0.128232
0.325807 0.047796 -0.128712
0.325854 0.048018 -0.129172
0.325586 0.048356 -0.129693
0.325738 0.048539 -0.130133
0.325575 0.048838 -0.130633
0.325518 0.049098 -0.131114
0.325460 0.049358 -0.131594
0.325507 0.049580 -0.132054
0.325449 0.049841 -0.132534
0.325391 0.050101 -0.133015
0.325334 0.050361 -0.133495
0.325276 0.050622 -0.133975
0.325218 0.050882 -0.134455
0.325160 0.051143 -0.134936
0.325102 0.051403 -0.135416
0.325044 0.051663 -0.135896
0.324881 0.051963 -0.136397
0.325034 0.052145 -0.136837
0.324871 0.052445 -0.137337
0.324813 0.052705 -0.137818
0.324440 0.053082 -0.138359
0.324382 0.053342 -0.138839
0.324114 0.053680 -0.139360
0.324056 0.053940 -0.139840
0.323998 0.054201 -0.140321
0.323835 0.054500 -0.140821
0.323777 0.054760 -0.141301
0.323615 0.055059 -0.141802
0.323662 0.055281 -0.142262
0.323604 0.055541 -0.142742
0.323546 0.055802 -0.143223
0.323593 0.056024 -0.143683
0.323325 0.056361 -0.144203
0.323267 0.056622 -0.144684
0.323315 0.056843 -0.145144
0.323152 0.057143 -0.145644
0.322989 0.057442 -0.146145
0.323036 0.057663 -0.146605
0.323083 0.057885 -0.147065
0.322920 0.058184 -0.147566
0.322758 0.058483 -0.148066
0.322910 0.058666 -0.148506
0.322747 0.058965 -0.149006
0.322689 0.059226 -0.149487
0.322631 0.059486 -0.149967
0.322573 0.059747 -0.150447
0.322621 0.059968 -0.150907
0.322458 0.060267 -0.151408
0.322505 0.060489 -0.151868
0.322237 0.060827 -0.152389
0.322179 0.061087 -0.152869
0.322121 0.061348 -0.153349
0.322063 0.061608 -0.153830
0.321795 0.061946 -0.154351
0.321843 0.062168 -0.154811
0.321680 0.062467 -0.155311
0.321622 0.062727 -0.155791
0.321669 0.062949 -0.156251
0.321597 0.063208 -0.156737
0.321750 0.063391 -0.157177
0.321790 0.063613 -0.157639
0.321718 0.063872 -0.158125
0.321646 0.064132 -0.158610
0.321686 0.064353 -0.159073
0.321726 0.064574 -0.159536
0.321318 0.064949 -0.160090
0.321134 0.065246 -0.160598
0.320837 0.065582 -0.161130
0.320317 0.065995 -0.161707
0.319908 0.066370 -0.162262
0.319275 0.066821 -0.162862
0.262778 0.086410 -0.174859
0.263167 0.086512 -0.175250
0.263438 0.086654 -0.175666
0.263709 0.086796 -0.176082
0.263979 0.086938 -0.176497
0.264368 0.087040 -0.176889
0.264639 0.087182 -0.177304
0.264910 0.087324 -0.177720
0.265062 0.087507 -0.178160
0.265096 0.087731 -0.178623
0.265367 0.087873 -0.179039
0.265401 0.088097 -0.179503
0.265080 0.088442 -0.180039
0.265114 0.088666 -0.180502
0.265385 0.088808 -0.180918
0.265774 0.088910 -0.181310
0.266163 0.089011 -0.181701
0.266197 0.089235 -0.182165
0.266704 0.089296 -0.182532
0.266975 0.089438 -0.182948
0.267009 0.089662 -0.183412
0.266451 0.090089 -0.183996
0.266485 0.090313 -0.184459
0.266519 0.090536 -0.184923
0.201306 0.051062 -0.072984
0.203081 0.051641 -0.074971
0.203360 0.051782 -0.075385
0.203765 0.051881 -0.075772
0.203791 0.052105 -0.076238
0.203943 0.052288 -0.076677
0.203083 0.052807 -0.077328
0.203514 0.053131 -0.078181
0.202857 0.054283 -0.080204
0.202756 0.054550 -0.080696
0.325711 0.046683 -0.124944
0.326284 0.046710 -0.125303
0.326541 0.046855 -0.125722
0.326799 0.046999 -0.126142
0.326636 0.047298 -0.126642
0.326473 0.047597 -0.127143
0.326310 0.047897 -0.127643
0.326147 0.048196 -0.128144
0.326089 0.048456 -0.128624
0.326031 0.048717 -0.129104
0.326079 0.048939 -0.129564
0.326021 0.049199 -0.130044
0.325858 0.049498 -0.130545
0.325800 0.049759 -0.131025
0.325742 0.050019 -0.131505
0.325790 0.050241 -0.131965
0.325942 0.050424 -0.132405
0.325779 0.050723 -0.132905
0.325721 0.050984 -0.133386
0.325558 0.051283 -0.133886
0.325606 0.051505 -0.134346
0.325338 0.051843 -0.134867
0.325490 0.052026 -0.135307
0.325327 0.052325 -0.135807
0.325164 0.052625 -0.136308
0.325106 0.052885 -0.136788
0.324733 0.053262 -0.137329
0.324465 0.053600 -0.137850
0.324302 0.053899 -0.138350
0.324245 0.054160 -0.138831
0.324187 0.054420 -0.139311
0.324129 0.054681 -0.139791
0.323966 0.054980 -0.140292
0.323803 0.055279 -0.140792
0.323850 0.055501 -0.141252
0.323688 0.055800 -0.141753
0.323630 0.056061 -0.142233
0.323467 0.056360 -0.142733
0.323514 0.056582 -0.143193
0.323456 0.056843 -0.143674
0.323293 0.057142 -0.144174
0.323236 0.057402 -0.144654
0.323178 0.057663 -0.145135
0.323120 0.057923 -0.145615
0.323062 0.058184 -0.146095
0.323109 0.058406 -0.146555
0.322946 0.058705 -0.147056
0.322889 0.058965 -0.147536
0.322831 0.059226 -0.148016
0.322773 0.059486 -0.148496
0.322715 0.059747 -0.148977
0.322552 0.060046 -0.149477
0.322494 0.060307 -0.149957
0.322542 0.060528 -0.150417
0.322379 0.060828 -0.150918
0.322426 0.061049 -0.151378
0.322263 0.061349 -0.151878
0.322205 0.061609 -0.152359
0.322148 0.061870 -0.152839
0.321985 0.062169 -0.153339
0.322032 0.062391 -0.153799
0.321869 0.062690 -0.154300
0.321916 0.062912 -0.154760
0.321648 0.063250 -0.155281
0.321689 0.063471 -0.155743
0.321617 0.063731 -0.156229
0.321769 0.063914 -0.156668
0.321697 0.064173 -0.157154
0.321737 0.064395 -0.157616
0.321777 0.064616 -0.158079
0.321706 0.064876 -0.158565
0.321858 0.065058 -0.159004
0.321786 0.065318 -0.159490
0.321490 0.065654 -0.160021
0.321194 0.065991 -0.160552
0.320785 0.066365 -0.161107
0.320489 0.066702 -0.161638
0.319968 0.067115 -0.162215
0.319560 0.067489 -0.162769
0.263547 0.086942 -0.174655
0.263581 0.087166 -0.175119
0.263851 0.087308 -0.175535
0.264122 0.087450 -0.175950
0.264393 0.087592 -0.176366
0.264663 0.087734 -0.176782
0.264816 0.087917 -0.177221
0.265086 0.088059 -0.177637
0.265239 0.088242 -0.178077
0.265273 0.088466 -0.178540
0.265307 0.088690 -0.179004
0.265223 0.088954 -0.179492
0.265138 0.089219 -0.179980
0.264936 0.089524 -0.180491
0.264024 0.090074 -0.181147
0.263584 0.090461 -0.181707
0.266087 0.090540 -0.183081
0.266121 0.090764 -0.183545
0.266155 0.090988 -0.184009
0.198310 0.050528 -0.068843
0.199222 0.050459 -0.069124
0.199501 0.050599 -0.069538
0.200718 0.050896 -0.070698
0.201682 0.051277 -0.071912
0.202214 0.051333 -0.072272
0.202619 0.051432 -0.072659
0.203152 0.051489 -0.073020
0.203304 0.051672 -0.073460
0.203456 0.051855 -0.073899
0.203862 0.051954 -0.074286
0.204141 0.052094 -0.074699
0.204420 0.052235 -0.075113
0.204826 0.052334 -0.075500
0.204851 0.052559 -0.075966
0.205130 0.052700 -0.076379
0.205030 0.052967 -0.076871
0.204549 0.053360 -0.077443
0.204701 0.053543 -0.077883
0.204094 0.053979 -0.078481
0.203032 0.055032 -0.080116
0.203564 0.055089 -0.080477
0.202956 0.055524 -0.081075
0.325631 0.047237 -0.124457
0.326309 0.047226 -0.124795
0.326671 0.047331 -0.125194
0.326929 0.047475 -0.125614
0.327186 0.047620 -0.126033
0.326603 0.048074 -0.126615
0.326440 0.048374 -0.127115
0.326487 0.048596 -0.127575
0.326324 0.048895 -0.128076
0.326162 0.049194 -0.128576
0.326209 0.049416 -0.129036
0.326361 0.049599 -0.129476
0.326198 0.049899 -0.129976
0.326141 0.050159 -0.130456
0.326083 0.050420 -0.130936
0.326025 0.050680 -0.131417
0.326072 0.050902 -0.131877
0.326120 0.051124 -0.132337
0.325957 0.051424 -0.132837
0.326004 0.051645 -0.133297
0.325946 0.051906 -0.133777
0.325783 0.052205 -0.134278
0.325726 0.052466 -0.134758
0.325773 0.052688 -0.135218
0.325505 0.053026 -0.135738
0.325132 0.053403 -0.136279
0.324969 0.053703 -0.136780
0.324491 0.054119 -0.137341
0.324433 0.054379 -0.137821
0.324480 0.054601 -0.138281
0.324423 0.054862 -0.138761
0.324260 0.055161 -0.139262
0.324097 0.055461 -0.139762
0.324039 0.055721 -0.140242
0.323876 0.056021 -0.140743
0.323923 0.056242 -0.141203
0.323761 0.056542 -0.141703
0.323598 0.056841 -0.142204
0.323540 0.057102 -0.142684
0.323692 0.057285 -0.143123
0.323319 0.057662 -0.143664
0.323367 0.057884 -0.144124
0.323309 0.058144 -0.144605
0.323356 0.058366 -0.145065
0.323193 0.058666 -0.145565
0.323240 0.058887 -0.146025
0.322972 0.059226 -0.146546
0.323125 0.059409 -0.146985
0.322962 0.059708 -0.147486
0.322904 0.059969 -0.147966
0.322846 0.060229 -0.148446
0.322789 0.060490 -0.148926
0.322626 0.060789 -0.149427
0.322673 0.061011 -0.149887
0.322615 0.061272 -0.150367
0.322452 0.061571 -0.150867
0.322395 0.061832 -0.151347
0.322337 0.062092 -0.151828
0.322279 0.062353 -0.152308
0.322116 0.062652 -0.152808
0.322163 0.062874 -0.153268
0.322001 0.063174 -0.153769
0.322048 0.063395 -0.154229
0.321885 0.063695 -0.154729
0.321820 0.063955 -0.155212
0.321748 0.064215 -0.155697
0.321676 0.064475 -0.156183
0.321717 0.064696 -0.156645
0.321757 0.064917 -0.157108
0.321797 0.065139 -0.157571
0.321725 0.065398 -0.158056
0.321877 0.065581 -0.158496
0.322142 0.065726 -0.158912
0.321734 0.066101 -0.159467
0.321662 0.066360 -0.159952
0.321253 0.066735 -0.160506
0.320957 0.067072 -0.161037
0.320437 0.067485 -0.161614
0.319916 0.067898 -0.162191
0.318723 0.068542 -0.162906
0.264552 0.087392 -0.174404
0.263994 0.087820 -0.174988
0.264147 0.088003 -0.175428
0.264417 0.088145 -0.175843
0.264688 0.088287 -0.176259
0.264840 0.088470 -0.176699
0.264993 0.088653 -0.177138
0.265145 0.088836 -0.177578
0.265179 0.089060 -0.178042
0.265213 0.089283 -0.178505
0.265129 0.089548 -0.178993
0.265163 0.089772 -0.179457
0.264961 0.090077 -0.179968
0.264522 0.090465 -0.180528
0.263964 0.090893 -0.181111
0.263525 0.091280 -0.181671
0.262850 0.091749 -0.182279
0.199066 0.050617 -0.067691
0.199598 0.050673 -0.068052
0.199751 0.050856 -0.068491
0.200409 0.050871 -0.068826
0.200435 0.051096 -0.069292
0.200841 0.051194 -0.069679
0.201246 0.051293 -0.070066
0.202032 0.051266 -0.070374
0.202437 0.051364 -0.070761
0.202843 0.051463 -0.071148
0.203248 0.051562 -0.071534
0.203527 0.051703 -0.071948
0.203933 0.051801 -0.072335
0.204212 0.051942 -0.072748
0.204238 0.052167 -0.073214
0.204643 0.052266 -0.073601
0.204922 0.052407 -0.074014
0.205075 0.052590 -0.074454
0.205227 0.052773 -0.074894
0.205379 0.052956 -0.075333
0.205658 0.053097 -0.075747
0.205937 0.053237 -0.076160
0.206090 0.053420 -0.076600
0.205609 0.053814 -0.077171
0.205761 0.053997 -0.077611
0.206040 0.054138 -0.078024
0.205939 0.054405 -0.078517
0.205965 0.054630 -0.078983
0.202955 0.057032 -0.082438
0.203360 0.057131 -0.082825
0.326018 0.047858 -0.124348
0.326486 0.047925 -0.124727
0.326849 0.048030 -0.125127
0.327106 0.048174 -0.125546
0.326523 0.048629 -0.126127
0.326675 0.048812 -0.126567
0.326407 0.049151 -0.127088
0.326560 0.049334 -0.127527
0.326397 0.049633 -0.128028
0.326339 0.049894 -0.128508
0.326386 0.050116 -0.128968
0.326434 0.050338 -0.129428
0.326271 0.050637 -0.129928
0.326318 0.050859 -0.130388
0.326155 0.051159 -0.130888
0.326203 0.051380 -0.131348
0.326250 0.051602 -0.131808
0.326087 0.051902 -0.132308
0.326134 0.052124 -0.132768
0.326287 0.052307 -0.133208
0.326019 0.052645 -0.133729
0.325856 0.052945 -0.134229
0.325798 0.053205 -0.134709
0.325846 0.053427 -0.135169
0.325473 0.053805 -0.135710
0.325100 0.054182 -0.136251
0.324832 0.054521 -0.136771
0.324669 0.054820 -0.137272
0.324716 0.055042 -0.137732
0.324553 0.055342 -0.138232
0.324495 0.055602 -0.138712
0.324333 0.055902 -0.139212
0.324170 0.056202 -0.139713
0.324112 0.056462 -0.140193
0.324054 0.056723 -0.140673
0.323997 0.056984 -0.141153
0.323834 0.057283 -0.141654
0.323671 0.057583 -0.142154
0.323928 0.057727 -0.142573
0.323555 0.058104 -0.143114
0.323498 0.058365 -0.143594
0.323545 0.058587 -0.144054
0.323382 0.058887 -0.144555
0.323324 0.059147 -0.145035
0.323372 0.059369 -0.145495
0.323209 0.059669 -0.145995
0.323256 0.059891 -0.146455
0.323093 0.060190 -0.146955
0.323035 0.060451 -0.147435
0.322978 0.060712 -0.147916
0.322920 0.060972 -0.148396
0.322862 0.061233 -0.148876
0.322699 0.061533 -0.149376
0.322641 0.061793 -0.149856
0.322689 0.062015 -0.150316
0.322526 0.062315 -0.150817
0.322573 0.062537 -0.151277
0.322410 0.062836 -0.151777
0.322353 0.063097 -0.152257
0.322190 0.063397 -0.152757
0.322237 0.063618 -0.153217
0.322179 0.063879 -0.153698
0.322122 0.064140 -0.154178
0.321952 0.064439 -0.154681
0.321880 0.064699 -0.155166
0.321808 0.064959 -0.155651
0.321736 0.065218 -0.156137
0.321776 0.065440 -0.156599
0.321817 0.065661 -0.157062
0.321857 0.065883 -0.157524
0.321897 0.066104 -0.157987
0.322049 0.066287 -0.158427
0.322090 0.066508 -0.158889
0.321906 0.066807 -0.159398
0.321610 0.067143 -0.159929
0.321426 0.067441 -0.160437
0.320905 0.067855 -0.161014
0.320721 0.068153 -0.161522
0.319416 0.068836 -0.162259
0.264694 0.087903 -0.173858
0.265083 0.088005 -0.174249
0.264644 0.088392 -0.174809
0.264560 0.088657 -0.175296
0.264713 0.088840 -0.175736
0.264628 0.089105 -0.176224
0.264781 0.089288 -0.176663
0.264933 0.089470 -0.177103
0.264967 0.089694 -0.177567
0.265001 0.089918 -0.178030
0.264799 0.090224 -0.178542
0.264951 0.090407 -0.178982
0.264631 0.090753 -0.179517
0.264428 0.091059 -0.180029
0.263990 0.091447 -0.180588
0.263787 0.091752 -0.181099
0.262994 0.092263 -0.181731
0.199062 0.050957 -0.066698
0.199594 0.051014 -0.067058
0.200126 0.051071 -0.067419
0.200405 0.051211 -0.067833
0.200684 0.051352 -0.068246
0.201216 0.051409 -0.068607
0.201622 0.051507 -0.068994
0.202028 0.051606 -0.069381
0.202433 0.051705 -0.069768
0.202839 0.051803 -0.070155
0.203371 0.051860 -0.070515
0.203523 0.052043 -0.070955
0.203929 0.052141 -0.071342
0.204334 0.052240 -0.071729
0.204740 0.052339 -0.072116
0.205019 0.052480 -0.072529
0.205424 0.052578 -0.072916
0.205703 0.052719 -0.073330
0.205856 0.052902 -0.073769
0.205881 0.053127 -0.074235
0.206160 0.053268 -0.074649
0.206439 0.053409 -0.075062
0.206592 0.053592 -0.075502
0.206744 0.053774 -0.075941
0.206770 0.054000 -0.076407
0.206796 0.054225 -0.076873
0.207075 0.054365 -0.077287
0.207100 0.054591 -0.077753
0.206746 0.054942 -0.078298
0.206899 0.055125 -0.078737
0.206545 0.055476 -0.079282
0.206191 0.055828 -0.079827
0.205989 0.056362 -0.080812
0.204015 0.057487 -0.082166
0.204421 0.057585 -0.082553
0.210410 0.062835 -0.095919
0.210689 0.062976 -0.096333
0.326243 0.048779 -0.124740
0.326395 0.048962 -0.125180
0.325917 0.049379 -0.125741
0.326175 0.049523 -0.126160
0.326012 0.049823 -0.126661
0.326375 0.049928 -0.127060
0.326212 0.050227 -0.127560
0.326259 0.050449 -0.128020
0.326306 0.050671 -0.128480
0.326459 0.050854 -0.128920
0.326191 0.051193 -0.129440
0.326238 0.051415 -0.129900
0.326181 0.051676 -0.130380
0.326123 0.051936 -0.130860
0.326275 0.052119 -0.131300
0.326217 0.052380 -0.131780
0.326265 0.052602 -0.132240
0.326207 0.052863 -0.132720
0.326254 0.053085 -0.133180
0.326091 0.053385 -0.133680
0.326139 0.053606 -0.134140
0.325871 0.053945 -0.134660
0.325603 0.054284 -0.135181
0.325335 0.054623 -0.135701
0.325067 0.054961 -0.136222
0.324905 0.055261 -0.136722
0.324952 0.055483 -0.137182
0.324684 0.055822 -0.137703
0.324731 0.056044 -0.138163
0.324674 0.056304 -0.138643
0.324406 0.056643 -0.139163
0.324243 0.056943 -0.139663
0.324080 0.057243 -0.140164
0.324232 0.057426 -0.140603
0.324070 0.057725 -0.141104
0.323907 0.058025 -0.141604
0.323849 0.058286 -0.142084
0.323791 0.058547 -0.142564
0.323734 0.058808 -0.143044
0.323781 0.059029 -0.143504
0.323618 0.059329 -0.144004
0.323455 0.059629 -0.144505
0.323503 0.059851 -0.144965
0.323340 0.060151 -0.145465
0.323387 0.060373 -0.145925
0.323434 0.060594 -0.146385
0.323062 0.060972 -0.146925
0.323214 0.061155 -0.147365
0.323051 0.061455 -0.147865
0.322993 0.061716 -0.148345
0.322936 0.061976 -0.148825
0.322773 0.062276 -0.149326
0.322925 0.062459 -0.149765
0.322657 0.062798 -0.150286
0.322600 0.063059 -0.150766
0.322542 0.063320 -0.151246
0.322589 0.063541 -0.151706
0.322321 0.063880 -0.152226
0.322369 0.064102 -0.152686
0.322311 0.064363 -0.153166
0.322253 0.064624 -0.153646
0.322083 0.064923 -0.154149
0.321899 0.065221 -0.154658
0.321940 0.065443 -0.155120
0.321868 0.065703 -0.155605
0.321796 0.065963 -0.156091
0.321948 0.066146 -0.156531
0.321988 0.066367 -0.156993
0.322029 0.066588 -0.157456
0.322069 0.066810 -0.157918
0.322221 0.066993 -0.158358
0.322150 0.067253 -0.158843
0.321966 0.067551 -0.159351
0.321670 0.067888 -0.159882
0.321261 0.068263 -0.160436
0.320853 0.068639 -0.160990
0.319885 0.069206 -0.161658
0.319813 0.069466 -0.162143
0.265226 0.088516 -0.173703
0.265260 0.088740 -0.174166
0.265294 0.088964 -0.174630
0.264974 0.089311 -0.175165
0.264417 0.089740 -0.175749
0.264333 0.090004 -0.176236
0.264485 0.090187 -0.176676
0.264401 0.090452 -0.177163
0.264553 0.090635 -0.177603
0.264587 0.090859 -0.178067
0.264031 0.091288 -0.178650
0.264183 0.091471 -0.179089
0.263981 0.091777 -0.179601
0.264015 0.092001 -0.180064
0.263813 0.092307 -0.180576
0.198805 0.051383 -0.065757
0.199337 0.051439 -0.066118
0.200122 0.051411 -0.066426
0.200655 0.051468 -0.066787
0.201060 0.051566 -0.067174
0.201212 0.051749 -0.067613
0.201745 0.051805 -0.067974
0.202150 0.051904 -0.068361
0.202556 0.052003 -0.068748
0.202961 0.052101 -0.069135
0.203240 0.052242 -0.069549
0.203772 0.052298 -0.069909
0.204051 0.052439 -0.070323
0.204456 0.052538 -0.070710
0.204862 0.052636 -0.071097
0.205141 0.052777 -0.071510
0.205546 0.052876 -0.071897
0.205825 0.053016 -0.072311
0.206231 0.053115 -0.072698
0.206510 0.053256 -0.073111
0.206536 0.053481 -0.073577
0.206815 0.053622 -0.073990
0.206967 0.053805 -0.074430
0.207246 0.053945 -0.074843
0.207525 0.054086 -0.075257
0.207297 0.054396 -0.075775
0.207450 0.054579 -0.076215
0.207602 0.054761 -0.076655
0.207755 0.054944 -0.077094
0.207780 0.055170 -0.077560
0.207933 0.055352 -0.078000
0.207832 0.055620 -0.078492
0.207605 0.055929 -0.079011
0.207124 0.056323 -0.079582
0.206897 0.056633 -0.080101
0.206796 0.056900 -0.080593
0.205936 0.057420 -0.081243
0.204569 0.058109 -0.081999
0.205102 0.058166 -0.082360
0.209975 0.062852 -0.094073
0.210507 0.062908 -0.094434
0.211166 0.062923 -0.094768
0.211065 0.063190 -0.095260
0.211217 0.063373 -0.095700
0.211243 0.063598 -0.096166
0.325255 0.050390 -0.125834
0.325512 0.050534 -0.126254
0.325769 0.050678 -0.126673
0.325922 0.050861 -0.127113
0.325969 0.051083 -0.127573
0.326016 0.051305 -0.128033
0.326064 0.051527 -0.128492
0.325901 0.051827 -0.128993
0.325948 0.052049 -0.129452
0.326101 0.052232 -0.129892
0.326043 0.052493 -0.130372
0.326195 0.052676 -0.130812
0.326348 0.052859 -0.131252
0.326290 0.053119 -0.131732
0.326232 0.053380 -0.132212
0.326385 0.053563 -0.132651
0.326432 0.053785 -0.133111
0.326269 0.054085 -0.133611
0.326211 0.054346 -0.134091
0.325734 0.054763 -0.134652
0.325571 0.055063 -0.135152
0.325303 0.055402 -0.135673
0.325035 0.055741 -0.136193
0.325082 0.055963 -0.136653
0.324815 0.056302 -0.137173
0.324757 0.056563 -0.137653
0.324699 0.056824 -0.138133
0.324641 0.057084 -0.138613
0.324479 0.057384 -0.139114
0.324316 0.057684 -0.139614
0.324258 0.057945 -0.140094
0.324306 0.058167 -0.140554
0.324143 0.058467 -0.141054
0.324085 0.058728 -0.141534
0.323817 0.059067 -0.142054
0.323865 0.059289 -0.142514
0.323912 0.059511 -0.142974
0.323854 0.059772 -0.143454
0.323691 0.060072 -0.143954
0.323634 0.060333 -0.144434
0.323681 0.060555 -0.144894
0.323413 0.060894 -0.145415
0.323461 0.061115 -0.145874
0.323403 0.061376 -0.146354
0.323240 0.061676 -0.146855
0.323182 0.061937 -0.147335
0.323125 0.062198 -0.147815
0.323172 0.062420 -0.148275
0.323009 0.062720 -0.148775
0.322951 0.062981 -0.149255
0.322999 0.063203 -0.149715
0.322731 0.063542 -0.150235
0.322883 0.063725 -0.150675
0.322721 0.064025 -0.151175
0.322453 0.064364 -0.151695
0.322500 0.064586 -0.152155
0.322442 0.064847 -0.152635
0.322280 0.065146 -0.153135
0.322432 0.065329 -0.153575
0.322031 0.065705 -0.154126
0.321959 0.065965 -0.154612
0.321887 0.066225 -0.155097
0.321928 0.066447 -0.155559
0.321968 0.066668 -0.156022
0.322120 0.066851 -0.156462
0.322048 0.067111 -0.156947
0.322201 0.067294 -0.157387
0.322241 0.067516 -0.157849
0.322281 0.067737 -0.158312
0.322097 0.068036 -0.158820
0.322026 0.068296 -0.159305
0.321393 0.068748 -0.159904
0.321322 0.069008 -0.160390
0.320353 0.069577 -0.161057
0.320057 0.069914 -0.161588
0.265250 0.089069 -0.173180
0.265521 0.089210 -0.173596
0.265437 0.089475 -0.174083
0.265589 0.089658 -0.174523
0.264796 0.090170 -0.175154
0.264476 0.090517 -0.175689
0.263919 0.090946 -0.176272
0.263953 0.091170 -0.176735
0.263869 0.091435 -0.177223
0.263549 0.091782 -0.177758
0.263347 0.092088 -0.178269
0.263972 0.092107 -0.178614
0.263888 0.092372 -0.179101
0.263449 0.092760 -0.179660
0.198801 0.051724 -0.064764
0.199587 0.051696 -0.065072
0.200119 0.051752 -0.065433
0.200524 0.051850 -0.065820
0.200929 0.051949 -0.066207
0.201461 0.052005 -0.066568
0.201867 0.052104 -0.066955
0.202146 0.052244 -0.067368
0.202678 0.052301 -0.067729
0.202830 0.052484 -0.068169
0.203236 0.052582 -0.068556
0.203641 0.052681 -0.068943
0.204047 0.052779 -0.069330
0.204579 0.052835 -0.069691
0.204858 0.052976 -0.070104
0.205263 0.053075 -0.070491
0.205542 0.053215 -0.070905
0.205821 0.053356 -0.071318
0.206100 0.053497 -0.071731
0.206505 0.053595 -0.072118
0.206784 0.053736 -0.072532
0.206810 0.053961 -0.072998
0.207089 0.054102 -0.073411
0.207368 0.054243 -0.073825
0.207520 0.054425 -0.074264
0.207926 0.054524 -0.074651
0.207952 0.054749 -0.075117
0.207977 0.054974 -0.075583
0.208003 0.055199 -0.076049
0.208029 0.055425 -0.076515
0.208181 0.055608 -0.076955
0.208207 0.055833 -0.077421
0.208360 0.056016 -0.077861
0.208385 0.056241 -0.078327
0.208158 0.056550 -0.078845
0.208184 0.056776 -0.079311
0.207577 0.057212 -0.079908
0.207476 0.057479 -0.080401
0.207376 0.057747 -0.080893
0.210123 0.063375 -0.093519
0.211061 0.063530 -0.094267
0.211846 0.063502 -0.094576
0.211619 0.063812 -0.095094
0.212277 0.063826 -0.095429
0.325154 0.051912 -0.127226
0.325306 0.052095 -0.127665
0.325354 0.052317 -0.128125
0.325506 0.052500 -0.128565
0.325658 0.052683 -0.129005
0.325706 0.052905 -0.129464
0.325648 0.053166 -0.129944
0.326011 0.053271 -0.130344
0.326163 0.053454 -0.130783
0.326210 0.053676 -0.131243
0.326258 0.053898 -0.131703
0.326410 0.054081 -0.132143
0.326457 0.054303 -0.132603
0.326400 0.054564 -0.133083
0.326342 0.054825 -0.133563
0.326074 0.055164 -0.134083
0.325911 0.055464 -0.134583
0.325434 0.055881 -0.135144
0.325376 0.056143 -0.135624
0.325213 0.056443 -0.136124
0.325155 0.056704 -0.136604
0.324993 0.057004 -0.137104
0.324935 0.057265 -0.137584
0.324877 0.057526 -0.138064
0.324715 0.057826 -0.138564
0.324447 0.058165 -0.139084
0.324389 0.058426 -0.139564
0.324436 0.058648 -0.140024
0.324484 0.058870 -0.140484
0.324321 0.059170 -0.140984
0.324158 0.059470 -0.141484
0.323996 0.059770 -0.141984
0.324148 0.059953 -0.142424
0.323880 0.060292 -0.142944
0.323822 0.060553 -0.143424
0.323870 0.060775 -0.143884
0.323707 0.061075 -0.144384
0.323649 0.061337 -0.144864
0.323592 0.061598 -0.145344
0.323639 0.061820 -0.145804
0.323371 0.062159 -0.146324
0.323419 0.062381 -0.146784
0.323361 0.062642 -0.147264
0.323303 0.062903 -0.147744
0.323351 0.063125 -0.148204
0.323083 0.063464 -0.148724
0.323235 0.063647 -0.149164
0.323072 0.063947 -0.149664
0.322910 0.064247 -0.150164
0.322852 0.064508 -0.150644
0.322479 0.064886 -0.151185
0.322526 0.065108 -0.151644
0.322574 0.065330 -0.152104
0.322516 0.065591 -0.152584
0.322458 0.065852 -0.153064
0.322275 0.066151 -0.153572
0.322091 0.066450 -0.154080
0.322131 0.066671 -0.154543
0.322059 0.066931 -0.155028
0.322100 0.067153 -0.155490
0.322252 0.067336 -0.155930
0.322180 0.067596 -0.156415
0.322332 0.067779 -0.156855
0.322373 0.068000 -0.157317
0.322637 0.068145 -0.157734
0.322565 0.068405 -0.158220
0.322045 0.068819 -0.158796
0.321749 0.069156 -0.159327
0.321566 0.069455 -0.159835
0.321046 0.069869 -0.160411
0.320077 0.070438 -0.161079
0.265393 0.089580 -0.172634
0.265545 0.089763 -0.173073
0.265579 0.089987 -0.173537
0.265495 0.090252 -0.174024
0.265293 0.090558 -0.174535
0.265091 0.090865 -0.175047
0.263117 0.091788 -0.175915
0.263506 0.091888 -0.176307
0.263067 0.092277 -0.176866
0.262865 0.092583 -0.177377
0.263018 0.092766 -0.177817
0.263406 0.092867 -0.178209
0.200115 0.052093 -0.064439
0.200520 0.052191 -0.064827
0.201052 0.052247 -0.065187
0.201331 0.052388 -0.065601
0.201736 0.052486 -0.065988
0.202142 0.052585 -0.066375
0.202421 0.052725 -0.066788
0.202953 0.052781 -0.067149
0.203232 0.052922 -0.067563
0.203637 0.053021 -0.067950
0.203916 0.053161 -0.068363
0.204321 0.053260 -0.068750
0.204853 0.053316 -0.069111
0.205259 0.053414 -0.069499
0.205411 0.053597 -0.069938
0.205817 0.053696 -0.070325
0.206095 0.053836 -0.070739
0.206374 0.053977 -0.071152
0.206653 0.054118 -0.071566
0.207059 0.054216 -0.071953
0.207211 0.054399 -0.072392
0.207237 0.054624 -0.072858
0.207642 0.054723 -0.073246
0.207668 0.054948 -0.073711
0.208074 0.055046 -0.074099
0.208226 0.055229 -0.074538
0.208378 0.055412 -0.074978
0.208278 0.055679 -0.075470
0.208304 0.055905 -0.075936
0.208329 0.056130 -0.076402
0.208355 0.056355 -0.076868
0.208761 0.056453 -0.077255
0.208913 0.056636 -0.077695
0.208812 0.056904 -0.078187
0.208712 0.057171 -0.078679
0.208737 0.057397 -0.079145
0.208384 0.057749 -0.079690
0.207777 0.058185 -0.080287
0.208056 0.058326 -0.080701
0.207601 0.058945 -0.081738
0.205174 0.060691 -0.084127
0.212374 0.063898 -0.093944
0.212653 0.064039 -0.094357
0.212678 0.064264 -0.094823
0.324681 0.053814 -0.129157
0.325148 0.053879 -0.129537
0.325301 0.054062 -0.129976
0.325663 0.054167 -0.130376
0.325816 0.054350 -0.130815
0.326073 0.054494 -0.131235
0.326330 0.054638 -0.131654
0.326483 0.054821 -0.132094
0.326530 0.055043 -0.132554
0.326577 0.055265 -0.133014
0.326415 0.055565 -0.133514
0.326042 0.055943 -0.134054
0.325774 0.056283 -0.134574
0.325506 0.056622 -0.135094
0.325344 0.056922 -0.135595
0.325286 0.057184 -0.136074
0.325228 0.057445 -0.136554
0.325171 0.057706 -0.137034
0.325218 0.057928 -0.137494
0.324950 0.058267 -0.138014
0.324788 0.058567 -0.138514
0.324625 0.058868 -0.139014
0.324672 0.059090 -0.139474
0.324615 0.059351 -0.139954
0.324557 0.059612 -0.140434
0.324289 0.059951 -0.140954
0.324232 0.060213 -0.141434
0.324279 0.060435 -0.141894
0.324116 0.060735 -0.142394
0.323954 0.061035 -0.142894
0.323896 0.061296 -0.143374
0.323943 0.061518 -0.143834
0.323780 0.061819 -0.144334
0.323723 0.062080 -0.144814
0.323665 0.062341 -0.145294
0.323607 0.062602 -0.145774
0.323550 0.062863 -0.146254
0.323492 0.063124 -0.146734
0.323329 0.063424 -0.147234
0.323272 0.063686 -0.147713
0.323424 0.063869 -0.148153
0.323261 0.064169 -0.148653
0.323099 0.064469 -0.149153
0.322936 0.064769 -0.149653
0.322878 0.065030 -0.150133
0.322821 0.065292 -0.150613
0.322448 0.065670 -0.151154
0.322705 0.065814 -0.151573
0.322648 0.066075 -0.152053
0.322695 0.066297 -0.152513
0.322518 0.066596 -0.153018
0.322334 0.066895 -0.153526
0.322151 0.067194 -0.154034
0.322303 0.067377 -0.154474
0.322343 0.067598 -0.154936
0.322384 0.067820 -0.155399
0.322424 0.068042 -0.155861
0.322464 0.068263 -0.156324
0.322392 0.068523 -0.156809
0.322657 0.068668 -0.157226
0.322697 0.068889 -0.157688
0.322401 0.069227 -0.158219
0.321993 0.069603 -0.158772
0.321922 0.069863 -0.159258
0.321178 0.070355 -0.159879
0.320546 0.070808 -0.160478
0.265417 0.090133 -0.172111
0.265688 0.090275 -0.172527
0.265604 0.090540 -0.173014
0.265402 0.090846 -0.173525
0.265436 0.091070 -0.173989
0.264998 0.091459 -0.174547
0.262552 0.092548 -0.175511
0.262586 0.092772 -0.175974
0.262739 0.092955 -0.176414
0.262773 0.093179 -0.176877
0.262571 0.093486 -0.177388
0.198946 0.052589 -0.063216
0.199858 0.052518 -0.063499
0.200389 0.052574 -0.063860
0.200921 0.052630 -0.064220
0.201327 0.052728 -0.064608
0.201606 0.052869 -0.065021
0.202011 0.052967 -0.065408
0.202417 0.053065 -0.065795
0.202695 0.053206 -0.066209
0.203101 0.053304 -0.066596
0.203506 0.053403 -0.066983
0.203785 0.053543 -0.067397
0.204191 0.053642 -0.067784
0.204596 0.053740 -0.068171
0.205001 0.053838 -0.068558
0.205407 0.053937 -0.068946
0.205812 0.054035 -0.069333
0.206091 0.054176 -0.069746
0.206243 0.054359 -0.070186
0.206649 0.054457 -0.070573
0.206928 0.054598 -0.070986
0.207080 0.054781 -0.071426
0.207485 0.054879 -0.071813
0.207764 0.055020 -0.072227
0.207790 0.055245 -0.072693
0.207943 0.055428 -0.073132
0.208221 0.055568 -0.073546
0.208500 0.055709 -0.073959
0.208653 0.055892 -0.074399
0.208805 0.056075 -0.074839
0.208957 0.056258 -0.075278
0.208857 0.056525 -0.075770
0.208883 0.056751 -0.076236
0.209162 0.056891 -0.076650
0.209693 0.056947 -0.077011
0.209846 0.057130 -0.077450
0.209872 0.057355 -0.077916
0.209898 0.057581 -0.078382
0.209417 0.057975 -0.078953
0.209443 0.058200 -0.079419
0.208408 0.059482 -0.081519
0.208333 0.059975 -0.082477
0.208922 0.062818 -0.088482
0.208948 0.063044 -0.088947
0.209353 0.063142 -0.089335
0.208773 0.063804 -0.090398
0.209684 0.063733 -0.090680
0.323866 0.054645 -0.128809
0.324334 0.054711 -0.129189
0.324801 0.054776 -0.129568
0.325269 0.054842 -0.129947
0.325631 0.054946 -0.130347
0.325993 0.055051 -0.130746
0.326356 0.055156 -0.131146
0.326298 0.055417 -0.131626
0.326555 0.055561 -0.132045
0.326708 0.055744 -0.132485
0.326545 0.056044 -0.132985
0.326487 0.056305 -0.133465
0.326010 0.056723 -0.134025
0.325742 0.057063 -0.134545
0.325789 0.057285 -0.135005
0.325417 0.057663 -0.135545
0.325464 0.057886 -0.136005
0.325301 0.058186 -0.136505
0.325454 0.058369 -0.136945
0.324976 0.058787 -0.137505
0.325023 0.059009 -0.137965
0.324966 0.059270 -0.138445
0.324803 0.059571 -0.138945
0.324746 0.059832 -0.139424
0.324688 0.060093 -0.139904
0.324525 0.060393 -0.140404
0.324363 0.060694 -0.140904
0.324410 0.060916 -0.141364
0.324247 0.061216 -0.141864
0.324295 0.061438 -0.142324
0.324132 0.061739 -0.142824
0.324074 0.062000 -0.143304
0.323912 0.062301 -0.143804
0.323854 0.062562 -0.144283
0.323796 0.062823 -0.144763
0.323634 0.063123 -0.145263
0.323681 0.063346 -0.145723
0.323413 0.063685 -0.146243
0.323461 0.063907 -0.146703
0.323403 0.064168 -0.147183
0.323450 0.064391 -0.147643
0.323498 0.064613 -0.148102
0.323335 0.064913 -0.148602
0.323172 0.065213 -0.149102
0.323115 0.065475 -0.149582
0.323057 0.065736 -0.150062
0.323104 0.065958 -0.150522
0.322837 0.066298 -0.151042
0.322884 0.066520 -0.151502
0.322932 0.066742 -0.151961
0.322762 0.067042 -0.152464
0.322690 0.067302 -0.152949
0.322618 0.067562 -0.153434
0.322547 0.067823 -0.153920
0.322587 0.068044 -0.154382
0.322627 0.068266 -0.154844
0.322444 0.068565 -0.155352
0.322596 0.068748 -0.155792
0.322636 0.068969 -0.156254
0.322789 0.069152 -0.156694
0.322829 0.069374 -0.157157
0.322645 0.069673 -0.157664
0.322349 0.070010 -0.158195
0.322054 0.070348 -0.158726
0.321758 0.070686 -0.159256
0.320117 0.071487 -0.160060
0.265442 0.090686 -0.171588
0.265594 0.090869 -0.172028
0.265156 0.091258 -0.172586
0.265309 0.091441 -0.173026
0.265107 0.091747 -0.173537
0.264669 0.092136 -0.174095
0.263876 0.092649 -0.174725
0.261903 0.093574 -0.175593
0.262528 0.093592 -0.175937
0.262444 0.093858 -0.176424
0.199095 0.053113 -0.062663
0.200006 0.053041 -0.062945
0.200664 0.053055 -0.063280
0.201070 0.053153 -0.063667
0.201475 0.053252 -0.064054
0.201628 0.053434 -0.064494
0.202159 0.053490 -0.064855
0.202691 0.053546 -0.065216
0.203097 0.053645 -0.065603
0.203375 0.053785 -0.066017
0.203781 0.053883 -0.066404
0.204186 0.053982 -0.066791
0.204339 0.054165 -0.067231
0.204744 0.054263 -0.067618
0.205276 0.054319 -0.067979
0.205681 0.054417 -0.068366
0.205960 0.054558 -0.068780
0.206365 0.054656 -0.069167
0.206644 0.054796 -0.069580
0.206923 0.054937 -0.069994
0.207202 0.055078 -0.070407
0.207607 0.055176 -0.070795
0.207760 0.055359 -0.071234
0.208292 0.055415 -0.071595
0.208444 0.055598 -0.072035
0.208596 0.055781 -0.072475
0.208875 0.055921 -0.072888
0.209028 0.056104 -0.073328
0.209307 0.056245 -0.073741
0.209459 0.056428 -0.074181
0.209611 0.056611 -0.074621
0.209511 0.056878 -0.075113
0.209790 0.057019 -0.075526
0.210068 0.057159 -0.075940
0.210221 0.057342 -0.076379
0.210500 0.057483 -0.076793
0.210652 0.057666 -0.077232
0.210931 0.057806 -0.077646
0.210704 0.058116 -0.078164
0.210477 0.058426 -0.078683
0.210502 0.058652 -0.079148
0.209769 0.059131 -0.079772
0.210175 0.059229 -0.080159
0.210327 0.059412 -0.080599
0.210606 0.059553 -0.081012
0.209013 0.060554 -0.082285
0.208611 0.061624 -0.084253
0.208688 0.062300 -0.085651
0.209473 0.062271 -0.085959
0.209119 0.062624 -0.086504
0.208792 0.063201 -0.087515
0.209855 0.063313 -0.088237
0.210640 0.063284 -0.088545
0.209907 0.063764 -0.089168
0.211072 0.063608 -0.089398
0.324322 0.054524 -0.127280
0.324685 0.054628 -0.127680
0.324627 0.054890 -0.128160
0.324779 0.055073 -0.128599
0.325142 0.055177 -0.128999
0.325504 0.055282 -0.129399
0.325761 0.055425 -0.129818
0.326019 0.055569 -0.130238
0.326276 0.055713 -0.130657
0.326428 0.055896 -0.131097
0.326476 0.056118 -0.131557
0.326838 0.056222 -0.131956
0.326781 0.056484 -0.132436
0.326828 0.056706 -0.132896
0.326350 0.057124 -0.133456
0.325978 0.057503 -0.133996
0.325815 0.057804 -0.134496
0.325757 0.058065 -0.134976
0.325595 0.058366 -0.135476
0.325537 0.058627 -0.135955
0.325585 0.058849 -0.136415
0.325317 0.059189 -0.136935
0.325259 0.059450 -0.137415
0.325097 0.059751 -0.137915
0.325039 0.060012 -0.138395
0.324981 0.060273 -0.138875
0.324819 0.060574 -0.139374
0.324656 0.060875 -0.139874
0.324599 0.061136 -0.140354
0.324436 0.061437 -0.140854
0.324378 0.061698 -0.141334
0.324321 0.061959 -0.141814
0.324368 0.062181 -0.142274
0.324205 0.062482 -0.142773
0.323938 0.062822 -0.143293
0.323985 0.063044 -0.143753
0.324137 0.063227 -0.144193
0.323765 0.063606 -0.144733
0.323812 0.063828 -0.145193
0.323755 0.064089 -0.145672
0.323592 0.064390 -0.146172
0.323639 0.064612 -0.146632
0.323687 0.064834 -0.147092
0.323524 0.065135 -0.147592
0.323571 0.065357 -0.148051
0.323514 0.065618 -0.148531
0.323351 0.065919 -0.149031
0.323294 0.066180 -0.149511
0.323236 0.066441 -0.149991
0.323283 0.066664 -0.150451
0.323121 0.066964 -0.150951
0.323063 0.067226 -0.151430
0.323005 0.067487 -0.151910
0.322934 0.067747 -0.152395
0.322974 0.067969 -0.152858
0.322902 0.068229 -0.153343
0.322719 0.068528 -0.153851
0.322871 0.068711 -0.154290
0.322911 0.068933 -0.154753
0.322728 0.069232 -0.155260
0.322880 0.069415 -0.155700
0.322920 0.069637 -0.156163
0.323073 0.069820 -0.156602
0.322777 0.070157 -0.157133
0.322481 0.070495 -0.157663
0.322186 0.070833 -0.158194
0.321890 0.071171 -0.158724
0.321930 0.071392 -0.159187
0.265231 0.091321 -0.171113
0.265265 0.091545 -0.171576
0.264945 0.091894 -0.172111
0.264979 0.092118 -0.172574
0.264069 0.092672 -0.173227
0.263986 0.092938 -0.173714
0.263666 0.093286 -0.174249
0.263464 0.093593 -0.174760
0.199243 0.053637 -0.062109
0.200028 0.053608 -0.062418
0.200686 0.053621 -0.062752
0.201218 0.053677 -0.063113
0.201623 0.053775 -0.063501
0.201902 0.053915 -0.063914
0.202181 0.054056 -0.064328
0.202839 0.054069 -0.064663
0.203371 0.054125 -0.065024
0.203777 0.054223 -0.065411
0.204182 0.054322 -0.065798
0.204587 0.054420 -0.066186
0.204866 0.054560 -0.066599
0.205019 0.054743 -0.067039
0.205424 0.054841 -0.067426
0.205829 0.054940 -0.067813
0.206361 0.054995 -0.068174
0.206640 0.055136 -0.068588
0.207045 0.055234 -0.068975
0.207324 0.055375 -0.069389
0.207603 0.055515 -0.069802
0.207882 0.055656 -0.070216
0.208287 0.055754 -0.070603
0.208440 0.055937 -0.071043
0.208718 0.056077 -0.071456
0.208997 0.056218 -0.071869
0.209276 0.056358 -0.072283
0.209428 0.056541 -0.072723
0.209707 0.056682 -0.073136
0.209860 0.056865 -0.073576
0.209886 0.057090 -0.074042
0.210038 0.057273 -0.074481
0.209937 0.057541 -0.074973
0.210343 0.057639 -0.075361
0.210495 0.057822 -0.075800
0.210900 0.057920 -0.076188
0.210800 0.058188 -0.076680
0.211079 0.058328 -0.077093
0.211231 0.058511 -0.077533
0.211257 0.058737 -0.077999
0.211283 0.058962 -0.078465
0.210929 0.059314 -0.079009
0.210829 0.059582 -0.079501
0.211234 0.059680 -0.079888
0.211513 0.059821 -0.080302
0.210906 0.060258 -0.080899
0.210426 0.060653 -0.081470
0.208960 0.061612 -0.082716
0.209291 0.062203 -0.084061
0.209949 0.062217 -0.084396
0.209595 0.062569 -0.084940
0.210127 0.062625 -0.085301
0.210533 0.062723 -0.085689
0.210432 0.062991 -0.086181
0.210584 0.063174 -0.086620
0.211116 0.063230 -0.086981
0.211269 0.063413 -0.087421
0.211421 0.063596 -0.087861
0.211573 0.063779 -0.088300
0.211220 0.064131 -0.088845
0.325465 0.053904 -0.125152
0.325618 0.054087 -0.125591
0.325980 0.054192 -0.125991
0.326132 0.054375 -0.126431
0.325865 0.054715 -0.126951
0.325912 0.054937 -0.127410
0.325750 0.055238 -0.127910
0.325587 0.055538 -0.128410
0.325949 0.055643 -0.128810
0.326102 0.055826 -0.129249
0.326254 0.056009 -0.129689
0.326512 0.056152 -0.130109
0.326559 0.056375 -0.130568
0.326606 0.056597 -0.131028
0.326654 0.056819 -0.131488
0.326911 0.056963 -0.131907
0.326958 0.057185 -0.132367
0.326691 0.057525 -0.132887
0.326318 0.057904 -0.133427
0.325946 0.058283 -0.133967
0.325888 0.058545 -0.134447
0.325830 0.058806 -0.134926
0.325668 0.059107 -0.135426
0.325715 0.059329 -0.135886
0.325448 0.059669 -0.136406
0.325390 0.059931 -0.136886
0.325437 0.060153 -0.137345
0.325380 0.060414 -0.137825
0.325007 0.060794 -0.138365
0.325055 0.061016 -0.138825
0.324787 0.061356 -0.139345
0.324729 0.061617 -0.139824
0.324567 0.061918 -0.140324
0.324509 0.062179 -0.140804
0.324347 0.062480 -0.141304
0.324394 0.062702 -0.141763
0.324336 0.062964 -0.142243
0.324279 0.063225 -0.142723
0.324221 0.063487 -0.143203
0.324164 0.063748 -0.143683
0.324106 0.064010 -0.144162
0.323943 0.064310 -0.144662
0.324096 0.064493 -0.145102
0.323828 0.064833 -0.145622
0.323771 0.065095 -0.146101
0.323818 0.065317 -0.146561
0.323760 0.065578 -0.147041
0.323598 0.065879 -0.147541
0.323645 0.066101 -0.148000
0.323693 0.066323 -0.148460
0.323530 0.066624 -0.148960
0.323472 0.066886 -0.149440
0.323415 0.067147 -0.149920
0.323252 0.067448 -0.150419
0.323300 0.067670 -0.150879
0.323242 0.067932 -0.151359
0.323289 0.068154 -0.151819
0.323106 0.068453 -0.152326
0.323258 0.068636 -0.152766
0.323074 0.068935 -0.153274
0.323003 0.069196 -0.153759
0.323155 0.069379 -0.154199
0.323083 0.069639 -0.154684
0.323124 0.069861 -0.155146
0.323164 0.070082 -0.155608
0.323204 0.070304 -0.156071
0.322909 0.070642 -0.156601
0.322501 0.071019 -0.157154
0.322317 0.071318 -0.157662
0.321910 0.071695 -0.158215
0.265575 0.091526 -0.170055
0.264783 0.092040 -0.170684
0.264464 0.092388 -0.171219
0.264026 0.092778 -0.171777
0.264060 0.093002 -0.172240
0.263741 0.093351 -0.172775
0.263657 0.093616 -0.173262
0.200556 0.054004 -0.061785
0.200835 0.054145 -0.062199
0.201493 0.054158 -0.062534
0.201898 0.054256 -0.062921
0.202430 0.054312 -0.063282
0.202709 0.054452 -0.063696
0.203114 0.054550 -0.064083
0.203899 0.054521 -0.064392
0.204178 0.054661 -0.064805
0.204583 0.054759 -0.065193
0.204988 0.054858 -0.065580
0.205267 0.054998 -0.065994
0.205546 0.055139 -0.066407
0.205698 0.055322 -0.066847
0.206104 0.055420 -0.067234
0.206635 0.055475 -0.067595
0.207167 0.055531 -0.067956
0.207446 0.055671 -0.068370
0.207725 0.055812 -0.068783
0.207751 0.056037 -0.069249
0.208156 0.056135 -0.069637
0.208561 0.056233 -0.070024
0.208714 0.056416 -0.070464
0.209119 0.056515 -0.070851
0.209271 0.056697 -0.071291
0.209424 0.056880 -0.071730
0.209956 0.056936 -0.072091
0.210361 0.057034 -0.072479
0.210387 0.057260 -0.072945
0.210539 0.057442 -0.073384
0.210818 0.057583 -0.073798
0.210465 0.057936 -0.074342
0.210743 0.058076 -0.074756
0.211022 0.058217 -0.075169
0.211428 0.058315 -0.075557
0.211833 0.058413 -0.075944
0.212112 0.058553 -0.076357
0.212011 0.058821 -0.076849
0.211658 0.059174 -0.077394
0.211683 0.059399 -0.077860
0.211709 0.059624 -0.078325
0.211103 0.060062 -0.078922
0.211508 0.060160 -0.079310
0.211914 0.060258 -0.079697
0.211813 0.060526 -0.080189
0.211459 0.060879 -0.080733
0.211232 0.061189 -0.081251
0.210451 0.062387 -0.083298
0.211109 0.062400 -0.083633
0.210882 0.062711 -0.084151
0.211060 0.063119 -0.085057
0.211718 0.063132 -0.085392
0.211618 0.063400 -0.085884
0.211644 0.063625 -0.086350
0.212176 0.063681 -0.086711
0.211696 0.064076 -0.087281
0.212227 0.064132 -0.087643
0.326236 0.053663 -0.123564
0.326178 0.053925 -0.124043
0.326331 0.054108 -0.124483
0.326483 0.054291 -0.124923
0.326530 0.054513 -0.125382
0.326788 0.054657 -0.125802
0.326835 0.054879 -0.126262
0.326673 0.055180 -0.126762
0.326720 0.055402 -0.127221
0.326557 0.055703 -0.127721
0.326500 0.055964 -0.128201
0.326652 0.056147 -0.128640
0.326700 0.056370 -0.129100
0.326747 0.056592 -0.129560
0.326794 0.056814 -0.130019
0.326632 0.057115 -0.130519
0.326679 0.057337 -0.130979
0.327041 0.057442 -0.131379
0.327194 0.057625 -0.131818
0.326926 0.057965 -0.132338
0.326554 0.058344 -0.132878
0.326286 0.058684 -0.133398
0.326019 0.059025 -0.133917
0.326066 0.059247 -0.134377
0.325904 0.059548 -0.134877
0.325846 0.059809 -0.135356
0.325788 0.060071 -0.135836
0.325521 0.060411 -0.136356
0.325568 0.060633 -0.136816
0.325616 0.060856 -0.137275
0.325348 0.061196 -0.137795
0.325081 0.061536 -0.138315
0.325023 0.061798 -0.138795
0.324860 0.062098 -0.139294
0.324803 0.062360 -0.139774
0.324745 0.062622 -0.140254
0.324688 0.062883 -0.140734
0.324630 0.063145 -0.141213
0.324573 0.063406 -0.141693
0.324410 0.063707 -0.142193
0.324457 0.063929 -0.142652
0.324400 0.064191 -0.143132
0.324237 0.064492 -0.143632
0.324285 0.064714 -0.144092
0.324122 0.065015 -0.144591
0.324169 0.065237 -0.145051
0.324007 0.065538 -0.145551
0.324054 0.065760 -0.146010
0.323892 0.066061 -0.146510
0.324044 0.066244 -0.146950
0.323777 0.066584 -0.147470
0.323719 0.066846 -0.147949
0.323871 0.067029 -0.148389
0.323604 0.067369 -0.148909
0.323651 0.067591 -0.149369
0.323594 0.067853 -0.149848
0.323431 0.068154 -0.150348
0.323478 0.068376 -0.150808
0.323421 0.068638 -0.151287
0.323573 0.068821 -0.151727
0.323390 0.069120 -0.152235
0.323318 0.069380 -0.152720
0.323358 0.069602 -0.153182
0.323175 0.069902 -0.153690
0.323327 0.070085 -0.154129
0.323255 0.070345 -0.154614
0.323296 0.070567 -0.155077
0.323224 0.070827 -0.155562
0.323041 0.071127 -0.156069
0.322633 0.071504 -0.156622
0.322001 0.071958 -0.157221
0.321930 0.072219 -0.157706
0.266190 0.091872 -0.169414
0.265870 0.092221 -0.169948
0.263427 0.093315 -0.170908
0.263579 0.093498 -0.171348
0.263496 0.093764 -0.171835
0.263294 0.094071 -0.172345
0.263328 0.094295 -0.172809
0.200704 0.054528 -0.061232
0.201615 0.054456 -0.061515
0.202147 0.054511 -0.061876
0.202426 0.054652 -0.062289
0.202831 0.054750 -0.062677
0.203236 0.054848 -0.063064
0.203389 0.055031 -0.063504
0.204173 0.055001 -0.063813
0.204832 0.055014 -0.064148
0.204984 0.055197 -0.064587
0.205389 0.055295 -0.064975
0.205668 0.055436 -0.065388
0.205820 0.055619 -0.065828
0.206099 0.055759 -0.066241
0.206505 0.055857 -0.066629
0.206783 0.055998 -0.067042
0.207189 0.056096 -0.067430
0.207594 0.056194 -0.067817
0.207999 0.056292 -0.068204
0.208404 0.056390 -0.068592
0.208177 0.056700 -0.069110
0.208583 0.056798 -0.069497
0.209114 0.056854 -0.069859
0.209646 0.056909 -0.070220
0.210052 0.057007 -0.070607
0.210330 0.057148 -0.071021
0.210609 0.057288 -0.071434
0.211014 0.057386 -0.071822
0.211293 0.057526 -0.072235
0.211446 0.057709 -0.072675
0.211472 0.057935 -0.073141
0.211497 0.058160 -0.073606
0.211397 0.058428 -0.074098
0.211676 0.058569 -0.074512
0.212081 0.058667 -0.074899
0.212360 0.058807 -0.075313
0.212639 0.058948 -0.075726
0.212665 0.059173 -0.076192
0.212817 0.059356 -0.076632
0.212590 0.059666 -0.077150
0.212236 0.060019 -0.077694
0.212009 0.060329 -0.078212
0.211909 0.060597 -0.078704
0.212188 0.060738 -0.079118
0.212340 0.060921 -0.079558
0.212493 0.061104 -0.079997
0.212139 0.061456 -0.080542
0.210800 0.062374 -0.081761
0.211737 0.062528 -0.082510
0.211131 0.062966 -0.083106
0.211915 0.062936 -0.083415
0.212068 0.063119 -0.083855
0.211714 0.063472 -0.084399
0.212246 0.063528 -0.084760
0.212398 0.063710 -0.085200
0.212424 0.063936 -0.085666
0.212450 0.064161 -0.086132
0.212982 0.064217 -0.086493
0.327006 0.053421 -0.121976
0.327053 0.053643 -0.122436
0.327311 0.053787 -0.122855
0.327253 0.054049 -0.123335
0.327301 0.054271 -0.123795
0.327348 0.054493 -0.124254
0.327395 0.054716 -0.124714
0.327233 0.055017 -0.125214
0.327385 0.055200 -0.125653
0.327433 0.055422 -0.126113
0.327270 0.055723 -0.126613
0.327108 0.056024 -0.127112
0.327050 0.056286 -0.127592
0.327097 0.056508 -0.128052
0.327040 0.056770 -0.128531
0.327087 0.056992 -0.128991
0.326925 0.057293 -0.129491
0.327182 0.057437 -0.129910
0.327020 0.057738 -0.130410
0.327067 0.057960 -0.130870
0.327219 0.058143 -0.131309
0.327162 0.058404 -0.131789
0.326789 0.058784 -0.132329
0.326627 0.059085 -0.132828
0.326254 0.059465 -0.133368
0.326197 0.059727 -0.133848
0.326034 0.060028 -0.134347
0.325977 0.060289 -0.134827
0.325919 0.060551 -0.135307
0.325757 0.060852 -0.135806
0.325699 0.061114 -0.136286
0.325641 0.061376 -0.136766
0.325584 0.061637 -0.137245
0.325316 0.061978 -0.137765
0.325154 0.062279 -0.138265
0.325096 0.062540 -0.138744
0.325039 0.062802 -0.139224
0.324981 0.063064 -0.139704
0.324924 0.063325 -0.140183
0.324866 0.063587 -0.140663
0.324809 0.063849 -0.141143
0.324751 0.064110 -0.141622
0.324588 0.064411 -0.142122
0.324741 0.064594 -0.142562
0.324473 0.064935 -0.143081
0.324521 0.065157 -0.143541
0.324568 0.065379 -0.144001
0.324301 0.065720 -0.144520
0.324243 0.065981 -0.145000
0.324291 0.066204 -0.145460
0.324128 0.066505 -0.145959
0.324070 0.066766 -0.146439
0.324118 0.066989 -0.146899
0.323850 0.067329 -0.147418
0.324003 0.067512 -0.147858
0.324050 0.067734 -0.148318
0.323888 0.068035 -0.148818
0.323725 0.068336 -0.149317
0.323563 0.068638 -0.149817
0.323610 0.068860 -0.150277
0.323552 0.069122 -0.150756
0.323705 0.069304 -0.151196
0.323745 0.069526 -0.151658
0.323562 0.069826 -0.152166
0.323714 0.070009 -0.152605
0.323418 0.070347 -0.153136
0.323571 0.070530 -0.153575
0.323499 0.070791 -0.154060
0.323540 0.071012 -0.154523
0.323020 0.071429 -0.155098
0.323060 0.071650 -0.155560
0.322989 0.071911 -0.156045
0.321685 0.072599 -0.156779
0.321614 0.072860 -0.157264
0.266096 0.092466 -0.168915
0.266013 0.092732 -0.169401
0.265693 0.093081 -0.169936
0.263015 0.094260 -0.170942
0.262813 0.094567 -0.171453
0.262848 0.094792 -0.171916
0.201226 0.054914 -0.060606
0.201631 0.055012 -0.060994
0.202415 0.054982 -0.061303
0.202820 0.055079 -0.061690
0.203099 0.055220 -0.062104
0.203504 0.055318 -0.062491
0.203783 0.055458 -0.062905
0.204188 0.055556 -0.063292
0.204846 0.055569 -0.063628
0.205252 0.055666 -0.064015
0.205657 0.055764 -0.064403
0.206062 0.055862 -0.064790
0.206214 0.056045 -0.065230
0.206493 0.056185 -0.065643
0.206645 0.056368 -0.066083
0.206924 0.056509 -0.066497
0.207709 0.056479 -0.066806
0.208240 0.056534 -0.067167
0.208393 0.056717 -0.067607
0.208924 0.056772 -0.067968
0.209329 0.056870 -0.068356
0.208976 0.057223 -0.068900
0.209634 0.057236 -0.069235
0.209787 0.057419 -0.069675
0.210445 0.057432 -0.070010
0.210850 0.057530 -0.070397
0.211128 0.057670 -0.070811
0.211407 0.057810 -0.071225
0.211686 0.057951 -0.071638
0.211838 0.058134 -0.072078
0.211991 0.058317 -0.072518
0.212017 0.058542 -0.072983
0.212169 0.058725 -0.073423
0.212069 0.058993 -0.073915
0.212474 0.059091 -0.074302
0.212879 0.059189 -0.074690
0.213031 0.059372 -0.075130
0.213184 0.059555 -0.075569
0.213210 0.059780 -0.076035
0.213362 0.059963 -0.076475
0.213262 0.060231 -0.076967
0.212276 0.060797 -0.077641
0.212555 0.060937 -0.078055
0.212960 0.061035 -0.078442
0.213113 0.061218 -0.078882
0.212886 0.061529 -0.079400
0.213038 0.061712 -0.079840
0.212811 0.062022 -0.080358
0.211320 0.062758 -0.081136
0.211726 0.062856 -0.081524
0.212510 0.062826 -0.081833
0.212056 0.063448 -0.082869
0.212588 0.063503 -0.083230
0.212740 0.063686 -0.083670
0.212640 0.063954 -0.084162
0.212919 0.064094 -0.084576
0.213197 0.064235 -0.084989
0.213097 0.064503 -0.085481
0.213249 0.064686 -0.085921
0.213654 0.064784 -0.086308
0.327304 0.053105 -0.120014
0.327667 0.053210 -0.120414
0.327819 0.053392 -0.120853
0.327971 0.053575 -0.121293
0.327914 0.053837 -0.121773
0.327961 0.054059 -0.122232
0.328114 0.054242 -0.122672
0.327951 0.054543 -0.123172
0.327999 0.054766 -0.123631
0.327836 0.055067 -0.124131
0.327884 0.055289 -0.124591
0.327826 0.055551 -0.125070
0.327873 0.055773 -0.125530
0.327711 0.056074 -0.126029
0.327548 0.056375 -0.126529
0.327491 0.056637 -0.127009
0.327538 0.056860 -0.127468
0.327376 0.057161 -0.127968
0.327318 0.057422 -0.128448
0.327366 0.057645 -0.128907
0.327413 0.057867 -0.129367
0.327461 0.058089 -0.129827
0.327298 0.058390 -0.130326
0.327241 0.058652 -0.130806
0.327288 0.058874 -0.131266
0.327126 0.059176 -0.131765
0.326963 0.059477 -0.132265
0.326591 0.059857 -0.132804
0.326428 0.060158 -0.133304
0.326266 0.060459 -0.133804
0.326103 0.060760 -0.134303
0.326151 0.060982 -0.134763
0.325779 0.061362 -0.135302
0.325931 0.061545 -0.135742
0.325978 0.061767 -0.136202
0.325606 0.062147 -0.136741
0.325653 0.062369 -0.137201
0.325281 0.062749 -0.137741
0.325433 0.062932 -0.138180
0.325271 0.063233 -0.138680
0.325213 0.063495 -0.139160
0.325156 0.063757 -0.139639
0.325098 0.064019 -0.140119
0.324936 0.064320 -0.140618
0.324983 0.064542 -0.141078
0.324821 0.064843 -0.141578
0.324868 0.065065 -0.142037
0.324811 0.065327 -0.142517
0.324648 0.065628 -0.143017
0.324696 0.065851 -0.143476
0.324533 0.066152 -0.143976
0.324476 0.066413 -0.144456
0.324523 0.066636 -0.144915
0.324466 0.066897 -0.145395
0.324408 0.067159 -0.145874
0.324351 0.067421 -0.146354
0.324293 0.067683 -0.146834
0.324236 0.067944 -0.147313
0.324283 0.068167 -0.147773
0.324121 0.068468 -0.148273
0.324063 0.068729 -0.148752
0.323901 0.069030 -0.149252
0.324053 0.069213 -0.149692
0.323890 0.069514 -0.150191
0.323938 0.069737 -0.150651
0.323985 0.069959 -0.151111
0.323914 0.070220 -0.151595
0.323842 0.070481 -0.152080
0.323883 0.070703 -0.152543
0.323811 0.070963 -0.153027
0.323740 0.071224 -0.153512
0.323556 0.071524 -0.154020
0.322365 0.072174 -0.154731
0.322741 0.072279 -0.155125
0.323230 0.072345 -0.155497
0.321143 0.073307 -0.156389
0.266201 0.092743 -0.167910
0.266235 0.092968 -0.168374
0.265562 0.093441 -0.168978
0.265124 0.093832 -0.169536
0.262682 0.094929 -0.170495
0.262598 0.095195 -0.170982
0.198989 0.055292 -0.058665
0.199647 0.055305 -0.059000
0.200305 0.055317 -0.059336
0.200836 0.055372 -0.059697
0.202025 0.055439 -0.060394
0.202683 0.055452 -0.060730
0.203215 0.055507 -0.061091
0.203620 0.055604 -0.061479
0.203646 0.055830 -0.061945
0.204177 0.055885 -0.062306
0.204735 0.056166 -0.063134
0.205519 0.056135 -0.063443
0.205924 0.056233 -0.063831
0.206582 0.056245 -0.064166
0.206987 0.056343 -0.064554
0.207013 0.056569 -0.065019
0.207292 0.056709 -0.065433
0.207976 0.056947 -0.066234
0.208634 0.056959 -0.066570
0.209039 0.057057 -0.066957
0.209444 0.057154 -0.067345
0.209722 0.057295 -0.067759
0.209875 0.057478 -0.068198
0.209774 0.057746 -0.068690
0.210180 0.057844 -0.069078
0.210711 0.057899 -0.069439
0.211243 0.057954 -0.069801
0.211521 0.058094 -0.070214
0.211800 0.058234 -0.070628
0.211826 0.058460 -0.071094
0.212105 0.058600 -0.071507
0.212257 0.058783 -0.071947
0.212536 0.058923 -0.072361
0.212562 0.059149 -0.072826
0.212461 0.059417 -0.073318
0.212614 0.059600 -0.073758
0.213019 0.059698 -0.074145
0.213424 0.059795 -0.074533
0.213576 0.059978 -0.074973
0.213602 0.060204 -0.075438
0.213628 0.060429 -0.075904
0.213781 0.060612 -0.076344
0.213554 0.060923 -0.076862
0.212822 0.061405 -0.077484
0.213227 0.061502 -0.077871
0.213758 0.061557 -0.078233
0.213784 0.061783 -0.078698
0.213305 0.062179 -0.079268
0.213331 0.062405 -0.079734
0.211967 0.063099 -0.080486
0.212498 0.063154 -0.080848
0.212903 0.063252 -0.081235
0.212677 0.063563 -0.081753
0.212197 0.063959 -0.082323
0.213108 0.063886 -0.082607
0.213260 0.064069 -0.083046
0.213033 0.064380 -0.083564
0.213439 0.064478 -0.083952
0.213591 0.064661 -0.084391
0.213743 0.064843 -0.084831
0.213769 0.065069 -0.085297
0.213795 0.065295 -0.085762
0.328164 0.053299 -0.119351
0.328317 0.053482 -0.119791
0.328574 0.053625 -0.120210
0.328622 0.053848 -0.120670
0.328564 0.054109 -0.121150
0.328507 0.054371 -0.121629
0.328554 0.054593 -0.122089
0.328602 0.054816 -0.122549
0.328439 0.055117 -0.123048
0.328382 0.055379 -0.123528
0.328324 0.055640 -0.124007
0.328267 0.055902 -0.124487
0.328209 0.056164 -0.124967
0.328152 0.056426 -0.125446
0.327989 0.056727 -0.125946
0.327827 0.057028 -0.126445
0.327769 0.057290 -0.126925
0.327712 0.057552 -0.127405
0.327654 0.057813 -0.127884
0.327597 0.058075 -0.128364
0.327644 0.058297 -0.128823
0.327692 0.058520 -0.129283
0.327529 0.058821 -0.129783
0.327472 0.059083 -0.130262
0.327414 0.059344 -0.130742
0.327252 0.059646 -0.131241
0.327195 0.059907 -0.131721
0.326822 0.060287 -0.132261
0.326660 0.060588 -0.132760
0.326393 0.060929 -0.133280
0.326230 0.061230 -0.133779
0.326278 0.061453 -0.134239
0.326325 0.061675 -0.134699
0.326163 0.061976 -0.135198
0.326210 0.062198 -0.135658
0.325943 0.062539 -0.136177
0.325885 0.062801 -0.136657
0.325828 0.063062 -0.137137
0.325665 0.063364 -0.137636
0.325608 0.063625 -0.138116
0.325446 0.063927 -0.138615
0.325493 0.064149 -0.139075
0.325226 0.064489 -0.139594
0.325273 0.064712 -0.140054
0.325111 0.065013 -0.140554
0.325263 0.065196 -0.140993
0.324996 0.065536 -0.141513
0.325043 0.065759 -0.141973
0.324986 0.066021 -0.142452
0.324928 0.066282 -0.142932
0.324976 0.066505 -0.143391
0.324813 0.066806 -0.143891
0.324756 0.067068 -0.144371
0.324698 0.067329 -0.144850
0.324641 0.067591 -0.145330
0.324583 0.067853 -0.145809
0.324526 0.068115 -0.146289
0.324468 0.068376 -0.146769
0.324411 0.068638 -0.147248
0.324458 0.068860 -0.147708
0.324401 0.069122 -0.148187
0.324239 0.069423 -0.148687
0.324181 0.069685 -0.149167
0.324333 0.069868 -0.149606
0.324171 0.070169 -0.150106
0.324428 0.070313 -0.150526
0.324154 0.070653 -0.151048
0.324082 0.070914 -0.151533
0.324011 0.071175 -0.152017
0.324051 0.071397 -0.152480
0.324092 0.071619 -0.152942
0.323685 0.071996 -0.153494
0.322046 0.072803 -0.154295
0.322423 0.072908 -0.154690
0.322799 0.073013 -0.155084
0.266305 0.093020 -0.166906
0.266339 0.093245 -0.167369
0.265902 0.093636 -0.167927
0.265111 0.094151 -0.168555
0.264909 0.094459 -0.169066
0.199916 0.055776 -0.058427
0.200573 0.055788 -0.058762
0.203078 0.055879 -0.060131
0.203483 0.055977 -0.060519
0.204014 0.056031 -0.060881
0.204545 0.056086 -0.061242
0.204824 0.056226 -0.061656
0.204976 0.056409 -0.062096
0.205381 0.056507 -0.062483
0.206039 0.056519 -0.062819
0.206444 0.056616 -0.063207
0.206849 0.056714 -0.063594
0.207380 0.056768 -0.063956
0.207659 0.056909 -0.064370
0.207812 0.057091 -0.064809
0.208090 0.057232 -0.065223
0.207737 0.057586 -0.065767
0.208900 0.057427 -0.065998
0.209305 0.057524 -0.066386
0.209710 0.057622 -0.066774
0.210115 0.057719 -0.067162
0.210394 0.057859 -0.067575
0.210420 0.058085 -0.068041
0.210446 0.058311 -0.068507
0.210725 0.058451 -0.068920
0.211256 0.058506 -0.069282
0.211788 0.058560 -0.069644
0.211940 0.058743 -0.070083
0.212092 0.058926 -0.070523
0.212371 0.059066 -0.070937
0.212523 0.059249 -0.071376
0.212676 0.059432 -0.071816
0.212702 0.059658 -0.072282
0.212601 0.059926 -0.072773
0.212880 0.060067 -0.073187
0.213032 0.060249 -0.073627
0.213311 0.060390 -0.074040
0.213716 0.060487 -0.074428
0.213869 0.060670 -0.074868
0.213895 0.060896 -0.075333
0.213921 0.061121 -0.075799
0.213820 0.061390 -0.076291
0.213594 0.061701 -0.076808
0.213494 0.061969 -0.077300
0.213772 0.062110 -0.077714
0.214177 0.062207 -0.078102
0.214077 0.062475 -0.078593
0.213850 0.062787 -0.079111
0.213371 0.063183 -0.079681
0.212892 0.063580 -0.080250
0.213171 0.063720 -0.080664
0.213576 0.063817 -0.081052
0.213475 0.064086 -0.081543
0.213122 0.064440 -0.082087
0.213780 0.064452 -0.082423
0.213680 0.064720 -0.082914
0.213832 0.064903 -0.083354
0.214111 0.065043 -0.083768
0.214137 0.065269 -0.084233
0.214163 0.065495 -0.084699
0.214315 0.065678 -0.085139
0.214341 0.065903 -0.085604
0.214746 0.066001 -0.085992
0.328557 0.053427 -0.118309
0.328919 0.053531 -0.118708
0.329072 0.053714 -0.119148
0.329224 0.053897 -0.119588
0.329272 0.054120 -0.120047
0.329214 0.054381 -0.120527
0.329052 0.054683 -0.121026
0.328994 0.054944 -0.121506
0.328937 0.055206 -0.121986
0.328880 0.055468 -0.122465
0.328717 0.055769 -0.122965
0.328660 0.056031 -0.123444
0.328707 0.056253 -0.123904
0.328545 0.056555 -0.124403
0.328592 0.056777 -0.124863
0.328430 0.057078 -0.125363
0.328058 0.057458 -0.125902
0.328105 0.057681 -0.126362
0.328048 0.057942 -0.126841
0.327886 0.058244 -0.127341
0.327933 0.058466 -0.127800
0.327876 0.058728 -0.128280
0.327818 0.058990 -0.128760
0.327866 0.059212 -0.129219
0.327703 0.059513 -0.129719
0.327541 0.059814 -0.130218
0.327379 0.060116 -0.130718
0.327321 0.060377 -0.131197
0.327369 0.060600 -0.131657
0.326891 0.061019 -0.132216
0.326624 0.061360 -0.132736
0.326462 0.061661 -0.133235
0.326300 0.061962 -0.133735
0.326452 0.062145 -0.134175
0.326499 0.062368 -0.134634
0.326337 0.062669 -0.135134
0.326175 0.062970 -0.135633
0.326012 0.063271 -0.136133
0.326060 0.063494 -0.136592
0.325793 0.063834 -0.137112
0.325840 0.064057 -0.137572
0.325678 0.064358 -0.138071
0.325725 0.064580 -0.138531
0.325668 0.064842 -0.139010
0.325400 0.065183 -0.139530
0.325343 0.065444 -0.140009
0.325390 0.065667 -0.140469
0.325438 0.065889 -0.140929
0.325171 0.066230 -0.141448
0.325113 0.066492 -0.141928
0.325161 0.066714 -0.142387
0.325208 0.066936 -0.142847
0.325151 0.067198 -0.143326
0.325093 0.067460 -0.143806
0.324931 0.067761 -0.144306
0.324874 0.068023 -0.144785
0.324921 0.068245 -0.145245
0.324968 0.068468 -0.145704
0.324911 0.068729 -0.146184
0.324644 0.069070 -0.146703
0.324691 0.069292 -0.147163
0.324634 0.069554 -0.147643
0.324471 0.069856 -0.148142
0.324624 0.070038 -0.148582
0.324566 0.070300 -0.149061
0.324509 0.070562 -0.149541
0.324452 0.070824 -0.150021
0.324394 0.071086 -0.150500
0.324211 0.071386 -0.151007
0.324251 0.071608 -0.151470
0.324068 0.071908 -0.151977
0.323773 0.072247 -0.152507
0.323589 0.072547 -0.153014
0.321728 0.073433 -0.153859
0.322104 0.073538 -0.154254
0.265701 0.093547 -0.166043
0.266090 0.093646 -0.166436
0.265534 0.094079 -0.167017
0.264625 0.094636 -0.167669
0.264660 0.094861 -0.168132
0.264222 0.095252 -0.168689
0.201094 0.056174 -0.058137
0.201626 0.056228 -0.058499
0.203346 0.056349 -0.059559
0.204003 0.056361 -0.059895
0.204534 0.056415 -0.060256
0.204813 0.056555 -0.060670
0.205218 0.056652 -0.061058
0.205496 0.056793 -0.061472
0.205396 0.057061 -0.061963
0.206180 0.057030 -0.062273
0.206838 0.057042 -0.062609
0.207116 0.057182 -0.063023
0.207521 0.057279 -0.063411
0.207926 0.057376 -0.063798
0.208205 0.057516 -0.064212
0.208231 0.057742 -0.064678
0.208383 0.057925 -0.065117
0.208788 0.058022 -0.065505
0.209319 0.058077 -0.065867
0.209851 0.058131 -0.066229
0.210255 0.058229 -0.066617
0.210534 0.058369 -0.067030
0.210686 0.058552 -0.067470
0.210965 0.058692 -0.067884
0.210865 0.058960 -0.068375
0.211270 0.059058 -0.068763
0.211675 0.059155 -0.069151
0.211953 0.059295 -0.069565
0.212232 0.059435 -0.069978
0.212384 0.059618 -0.070418
0.212537 0.059801 -0.070858
0.212942 0.059898 -0.071246
0.213094 0.060081 -0.071685
0.213120 0.060307 -0.072151
0.212894 0.060618 -0.072668
0.213046 0.060801 -0.073108
0.213451 0.060899 -0.073496
0.213982 0.060953 -0.073858
0.214261 0.061093 -0.074271
0.214540 0.061233 -0.074685
0.214439 0.061502 -0.075177
0.214465 0.061728 -0.075642
0.214239 0.062039 -0.076160
0.213886 0.062393 -0.076703
0.213912 0.062619 -0.077169
0.214444 0.062674 -0.077531
0.214596 0.062857 -0.077970
0.214243 0.063211 -0.078514
0.214269 0.063437 -0.078980
0.213790 0.063834 -0.079549
0.213185 0.064273 -0.080144
0.213969 0.064242 -0.080454
0.214247 0.064382 -0.080868
0.214021 0.064694 -0.081386
0.214047 0.064920 -0.081851
0.214073 0.065145 -0.082317
0.214225 0.065328 -0.082756
0.214504 0.065468 -0.083170
0.214278 0.065780 -0.083688
0.214556 0.065920 -0.084101
0.214835 0.066060 -0.084515
0.214608 0.066371 -0.085033
0.214887 0.066512 -0.085446
0.215292 0.066609 -0.085834
0.215192 0.066877 -0.086326
0.329102 0.053739 -0.117706
0.329569 0.053803 -0.118086
0.329722 0.053986 -0.118525
0.329664 0.054248 -0.119005
0.329712 0.054470 -0.119465
0.329549 0.054772 -0.119964
0.329387 0.055073 -0.120464
0.329330 0.055335 -0.120943
0.329167 0.055636 -0.121443
0.329215 0.055858 -0.121902
0.328948 0.056199 -0.122422
0.328995 0.056421 -0.122881
0.328833 0.056723 -0.123381
0.328671 0.057024 -0.123880
0.328718 0.057246 -0.124340
0.328661 0.057508 -0.124819
0.328603 0.057770 -0.125299
0.328336 0.058111 -0.125818
0.328279 0.058373 -0.126298
0.328221 0.058634 -0.126777
0.328164 0.058896 -0.127257
0.328107 0.059158 -0.127737
0.328049 0.059420 -0.128216
0.327887 0.059721 -0.128716
0.327830 0.059983 -0.129195
0.327667 0.060284 -0.129695
0.327505 0.060586 -0.130194
0.327448 0.060847 -0.130674
0.327495 0.061070 -0.131133
0.327228 0.061411 -0.131653
0.326961 0.061751 -0.132172
0.326694 0.062092 -0.132692
0.326531 0.062393 -0.133191
0.326579 0.062616 -0.133651
0.326626 0.062838 -0.134110
0.326464 0.063139 -0.134610
0.326407 0.063401 -0.135089
0.326244 0.063702 -0.135589
0.326187 0.063964 -0.136068
0.326025 0.064266 -0.136568
0.326072 0.064488 -0.137027
0.325910 0.064789 -0.137527
0.325852 0.065051 -0.138006
0.325795 0.065313 -0.138486
0.325738 0.065575 -0.138966
0.325680 0.065837 -0.139445
0.325623 0.066098 -0.139925
0.325670 0.066321 -0.140384
0.325718 0.066543 -0.140844
0.325451 0.066884 -0.141363
0.325393 0.067146 -0.141843
0.325441 0.067368 -0.142302
0.325383 0.067630 -0.142782
0.325326 0.067892 -0.143262
0.325268 0.068154 -0.143741
0.325211 0.068415 -0.144221
0.325154 0.068677 -0.144700
0.325201 0.068900 -0.145160
0.325144 0.069161 -0.145639
0.325086 0.069423 -0.146119
0.324924 0.069725 -0.146618
0.325076 0.069907 -0.147058
0.324704 0.070288 -0.147597
0.324752 0.070510 -0.148057
0.324799 0.070732 -0.148517
0.324637 0.071034 -0.149016
0.324475 0.071335 -0.149516
0.324410 0.071596 -0.149998
0.324115 0.071936 -0.150527
0.324156 0.072158 -0.150989
0.322518 0.072967 -0.151789
0.323006 0.073032 -0.152161
0.323382 0.073137 -0.152556
0.265417 0.093724 -0.164646
0.265570 0.093907 -0.165086
0.264661 0.094465 -0.165738
0.264695 0.094689 -0.166201
0.264258 0.095080 -0.166758
0.263820 0.095472 -0.167316
0.263855 0.095696 -0.167779
0.263653 0.096004 -0.168289
0.194816 0.056757 -0.054669
0.195347 0.056812 -0.055031
0.195878 0.056866 -0.055393
0.201110 0.056730 -0.057616
0.202020 0.056656 -0.057900
0.202956 0.056807 -0.058650
0.203866 0.056733 -0.058934
0.204271 0.056830 -0.059322
0.204802 0.056884 -0.059684
0.205207 0.056981 -0.060072
0.205485 0.057121 -0.060486
0.205890 0.057218 -0.060874
0.206169 0.057358 -0.061288
0.206195 0.057584 -0.061753
0.206852 0.057595 -0.062089
0.207383 0.057650 -0.062451
0.207788 0.057747 -0.062839
0.208067 0.057887 -0.063253
0.208345 0.058027 -0.063667
0.208498 0.058210 -0.064106
0.208650 0.058393 -0.064546
0.208929 0.058533 -0.064960
0.209333 0.058630 -0.065348
0.209865 0.058684 -0.065710
0.210269 0.058781 -0.066098
0.210295 0.059007 -0.066563
0.210700 0.059104 -0.066951
0.210979 0.059244 -0.067365
0.211258 0.059384 -0.067779
0.211284 0.059610 -0.068244
0.211689 0.059707 -0.068632
0.211967 0.059847 -0.069046
0.212372 0.059944 -0.069434
0.212777 0.060041 -0.069822
0.213055 0.060181 -0.070236
0.213334 0.060321 -0.070649
0.213486 0.060504 -0.071089
0.213639 0.060687 -0.071529
0.213791 0.060870 -0.071968
0.213439 0.061225 -0.072512
0.213465 0.061451 -0.072977
0.214248 0.061419 -0.073287
0.214653 0.061516 -0.073675
0.214932 0.061656 -0.074089
0.214958 0.061882 -0.074555
0.214984 0.062108 -0.075020
0.215136 0.062291 -0.075460
0.214153 0.062860 -0.076133
0.214431 0.063000 -0.076546
0.214710 0.063140 -0.076960
0.214988 0.063280 -0.077374
0.214888 0.063549 -0.077865
0.214788 0.063818 -0.078357
0.214436 0.064172 -0.078900
0.213452 0.064741 -0.079573
0.214109 0.064753 -0.079909
0.214388 0.064893 -0.080323
0.214414 0.065118 -0.080788
0.214440 0.065344 -0.081254
0.214719 0.065484 -0.081668
0.214492 0.065796 -0.082185
0.214645 0.065979 -0.082625
0.214797 0.066162 -0.083064
0.214949 0.066345 -0.083504
0.214976 0.066571 -0.083970
0.215128 0.066754 -0.084409
0.215028 0.067022 -0.084901
0.215306 0.067162 -0.085315
0.215711 0.067259 -0.085702
0.215359 0.067614 -0.086246
0.215259 0.067883 -0.086737
0.215663 0.067980 -0.087125
0.215084 0.068646 -0.088186
0.329123 0.054247 -0.117203
0.329799 0.054233 -0.117543
0.330162 0.054337 -0.117943
0.329999 0.054638 -0.118442
0.330047 0.054860 -0.118902
0.329989 0.055122 -0.119381
0.329618 0.055502 -0.119921
0.329560 0.055764 -0.120400
0.329608 0.055987 -0.120860
0.329341 0.056328 -0.121379
0.329178 0.056629 -0.121879
0.329016 0.056930 -0.122378
0.328854 0.057232 -0.122878
0.328797 0.057493 -0.123357
0.328949 0.057676 -0.123797
0.328682 0.058017 -0.124316
0.328729 0.058240 -0.124776
0.328357 0.058620 -0.125315
0.328300 0.058882 -0.125794
0.328243 0.059144 -0.126274
0.328185 0.059405 -0.126753
0.328233 0.059628 -0.127213
0.328175 0.059890 -0.127693
0.327908 0.060231 -0.128212
0.327851 0.060492 -0.128691
0.327689 0.060794 -0.129191
0.327736 0.061016 -0.129651
0.327469 0.061357 -0.130170
0.327517 0.061579 -0.130629
0.327459 0.061841 -0.131109
0.327192 0.062182 -0.131628
0.327030 0.062483 -0.132128
0.326868 0.062785 -0.132627
0.326810 0.063047 -0.133107
0.326753 0.063308 -0.133586
0.326591 0.063610 -0.134086
0.326533 0.063872 -0.134565
0.326476 0.064134 -0.135045
0.326419 0.064395 -0.135524
0.326257 0.064697 -0.136024
0.326094 0.064998 -0.136523
0.326247 0.065181 -0.136963
0.326189 0.065443 -0.137442
0.326027 0.065744 -0.137942
0.325970 0.066006 -0.138421
0.326017 0.066229 -0.138881
0.326065 0.066451 -0.139340
0.325903 0.066752 -0.139840
0.325950 0.066975 -0.140300
0.325893 0.067237 -0.140779
0.325730 0.067538 -0.141278
0.325778 0.067760 -0.141738
0.325616 0.068062 -0.142237
0.325558 0.068323 -0.142717
0.325711 0.068506 -0.143157
0.325444 0.068847 -0.143676
0.325491 0.069070 -0.144136
0.325434 0.069331 -0.144615
0.325272 0.069633 -0.145115
0.325319 0.069855 -0.145574
0.325262 0.070117 -0.146054
0.325204 0.070379 -0.146533
0.324937 0.070720 -0.147053
0.324775 0.071021 -0.147552
0.324822 0.071244 -0.148012
0.324660 0.071545 -0.148511
0.323492 0.072199 -0.149213
0.323868 0.072303 -0.149607
0.323573 0.072643 -0.150137
0.323725 0.072826 -0.150576
0.322312 0.073558 -0.151330
0.266195 0.093526 -0.163038
0.266111 0.093793 -0.163524
0.263551 0.094934 -0.164505
0.263821 0.095076 -0.164921
0.263856 0.095300 -0.165385
0.263654 0.095608 -0.165895
0.263807 0.095791 -0.166335
0.263251 0.096224 -0.166915
0.263168 0.096490 -0.167402
0.194959 0.057275 -0.054119
0.195743 0.057243 -0.054430
0.196274 0.057297 -0.054792
0.196679 0.057393 -0.055180
0.201252 0.057244 -0.057069
0.202162 0.057169 -0.057353
0.202693 0.057223 -0.057715
0.203098 0.057320 -0.058103
0.203755 0.057331 -0.058440
0.204412 0.057342 -0.058776
0.204943 0.057396 -0.059138
0.205348 0.057493 -0.059526
0.205752 0.057590 -0.059914
0.206031 0.057730 -0.060328
0.206310 0.057869 -0.060742
0.206462 0.058052 -0.061181
0.206867 0.058149 -0.061569
0.207271 0.058246 -0.061957
0.207802 0.058300 -0.062320
0.208081 0.058440 -0.062733
0.208360 0.058580 -0.063147
0.208512 0.058763 -0.063587
0.208791 0.058903 -0.064001
0.209069 0.059043 -0.064415
0.209348 0.059183 -0.064828
0.209752 0.059280 -0.065216
0.210283 0.059334 -0.065579
0.210688 0.059431 -0.065967
0.210714 0.059657 -0.066432
0.211119 0.059754 -0.066820
0.211271 0.059936 -0.067260
0.211550 0.060076 -0.067674
0.211576 0.060302 -0.068139
0.212233 0.060313 -0.068475
0.212638 0.060410 -0.068863
0.213043 0.060507 -0.069251
0.213321 0.060647 -0.069665
0.213474 0.060830 -0.070105
0.213752 0.060970 -0.070519
0.214031 0.061110 -0.070933
0.214183 0.061293 -0.071372
0.213578 0.061734 -0.071967
0.213605 0.061960 -0.072433
0.214009 0.062057 -0.072821
0.214667 0.062068 -0.073157
0.215071 0.062165 -0.073545
0.215097 0.062390 -0.074010
0.215376 0.062530 -0.074424
0.215402 0.062756 -0.074890
0.215302 0.063025 -0.075381
0.214571 0.063509 -0.076002
0.214976 0.063606 -0.076390
0.215255 0.063746 -0.076804
0.215407 0.063929 -0.077243
0.215433 0.064155 -0.077709
0.215081 0.064510 -0.078252
0.213971 0.065123 -0.078950
0.213997 0.065349 -0.079415
0.214528 0.065403 -0.079778
0.214681 0.065586 -0.080217
0.214707 0.065812 -0.080683
0.214985 0.065952 -0.081097
0.214759 0.066263 -0.081614
0.214785 0.066489 -0.082079
0.215064 0.066629 -0.082493
0.215216 0.066812 -0.082933
0.215242 0.067038 -0.083398
0.215395 0.067221 -0.083838
0.215421 0.067447 -0.084304
0.215447 0.067673 -0.084769
0.215726 0.067813 -0.085183
0.215878 0.067996 -0.085623
0.215652 0.068308 -0.086140
0.215930 0.068448 -0.086554
0.215957 0.068674 -0.087019
0.215730 0.068986 -0.087536
0.216135 0.069083 -0.087924
0.216540 0.069180 -0.088312
0.216945 0.069277 -0.088700
0.217097 0.069459 -0.089140
0.217249 0.069642 -0.089580
0.217402 0.069825 -0.090019
0.217302 0.070094 -0.090511
0.217328 0.070320 -0.090976
0.217480 0.070503 -0.091416
0.217380 0.070772 -0.091907
0.329610 0.054820 -0.117080
0.330182 0.054845 -0.117440
0.330334 0.055028 -0.117880
0.330172 0.055329 -0.118379
0.330115 0.055591 -0.118859
0.329953 0.055893 -0.119358
0.329581 0.056273 -0.119897
0.329628 0.056495 -0.120357
0.329466 0.056797 -0.120856
0.329304 0.057098 -0.121356
0.329037 0.057439 -0.121875
0.328770 0.057780 -0.122394
0.328713 0.058042 -0.122874
0.328760 0.058264 -0.123333
0.328388 0.058645 -0.123872
0.328541 0.058828 -0.124312
0.328274 0.059168 -0.124831
0.328321 0.059391 -0.125291
0.328159 0.059692 -0.125790
0.328207 0.059915 -0.126250
0.328149 0.060177 -0.126729
0.327987 0.060478 -0.127229
0.327825 0.060779 -0.127728
0.327768 0.061041 -0.128208
0.327815 0.061264 -0.128667
0.327863 0.061486 -0.129127
0.327701 0.061788 -0.129626
0.327643 0.062049 -0.130106
0.327586 0.062311 -0.130585
0.327424 0.062613 -0.131085
0.327366 0.062875 -0.131564
0.327204 0.063176 -0.132063
0.326937 0.063517 -0.132583
0.326880 0.063779 -0.133062
0.326823 0.064041 -0.133542
0.326660 0.064342 -0.134041
0.326708 0.064565 -0.134501
0.326546 0.064866 -0.135000
0.326488 0.065128 -0.135480
0.326431 0.065390 -0.135959
0.326374 0.065652 -0.136439
0.326421 0.065874 -0.136898
0.326364 0.066136 -0.137378
0.326307 0.066398 -0.137857
0.326354 0.066620 -0.138317
0.326297 0.066882 -0.138796
0.326240 0.067144 -0.139276
0.326182 0.067406 -0.139755
0.326125 0.067668 -0.140235
0.325963 0.067969 -0.140734
0.326220 0.068113 -0.141154
0.325953 0.068454 -0.141673
0.325896 0.068716 -0.142153
0.325943 0.068938 -0.142612
0.325886 0.069200 -0.143092
0.325724 0.069501 -0.143591
0.325666 0.069763 -0.144071
0.325714 0.069986 -0.144530
0.325552 0.070287 -0.145030
0.325285 0.070628 -0.145549
0.325332 0.070850 -0.146008
0.324751 0.071310 -0.146587
0.324379 0.071690 -0.147127
0.324426 0.071913 -0.147586
0.322461 0.072842 -0.148449
0.323061 0.072868 -0.148799
0.323102 0.073090 -0.149261
0.266230 0.093354 -0.161107
0.266265 0.093578 -0.161570
0.266417 0.093761 -0.162010
0.266334 0.094027 -0.162497
0.266132 0.094336 -0.163007
0.266049 0.094602 -0.163494
0.263252 0.095828 -0.164521
0.263405 0.096011 -0.164961
0.263203 0.096319 -0.165471
0.263474 0.096460 -0.165887
0.263626 0.096643 -0.166327
0.195760 0.057802 -0.053906
0.196543 0.057770 -0.054217
0.197200 0.057780 -0.054554
0.197605 0.057877 -0.054942
0.200990 0.057661 -0.056133
0.201521 0.057715 -0.056495
0.202178 0.057725 -0.056832
0.202961 0.057693 -0.057143
0.203366 0.057790 -0.057531
0.203644 0.057929 -0.057945
0.204301 0.057940 -0.058281
0.204832 0.057994 -0.058644
0.205237 0.058090 -0.059032
0.205641 0.058187 -0.059420
0.206046 0.058284 -0.059808
0.206198 0.058467 -0.060247
0.206603 0.058564 -0.060636
0.206755 0.058747 -0.061075
0.207412 0.058757 -0.061412
0.207691 0.058897 -0.061826
0.208348 0.058908 -0.062162
0.208500 0.059091 -0.062602
0.208779 0.059230 -0.063016
0.209057 0.059370 -0.063430
0.209462 0.059467 -0.063818
0.209614 0.059650 -0.064257
0.209767 0.059833 -0.064697
0.210424 0.059843 -0.065034
0.210954 0.059897 -0.065396
0.211233 0.060037 -0.065810
0.211511 0.060177 -0.066224
0.211664 0.060360 -0.066663
0.211816 0.060543 -0.067103
0.211842 0.060769 -0.067569
0.212247 0.060865 -0.067957
0.212904 0.060876 -0.068293
0.213309 0.060973 -0.068681
0.213335 0.061199 -0.069147
0.213740 0.061296 -0.069535
0.214018 0.061435 -0.069949
0.214171 0.061618 -0.070388
0.214323 0.061801 -0.070828
0.214349 0.062027 -0.071294
0.214123 0.062340 -0.071811
0.214023 0.062609 -0.072302
0.214680 0.062619 -0.072638
0.215211 0.062673 -0.073001
0.215363 0.062856 -0.073440
0.215516 0.063039 -0.073880
0.215668 0.063222 -0.074320
0.215820 0.063405 -0.074759
0.214963 0.063932 -0.075405
0.215116 0.064115 -0.075845
0.215268 0.064298 -0.076285
0.215547 0.064438 -0.076699
0.215699 0.064621 -0.077138
0.215347 0.064976 -0.077681
0.215373 0.065202 -0.078147
0.214138 0.065859 -0.078870
0.214542 0.065956 -0.079258
0.214947 0.066053 -0.079646
0.214973 0.066279 -0.080112
0.215126 0.066462 -0.080551
0.215404 0.066602 -0.080965
0.215052 0.066957 -0.081508
0.215204 0.067140 -0.081948
0.215483 0.067280 -0.082362
0.215635 0.067463 -0.082801
0.215535 0.067732 -0.083293
0.215688 0.067915 -0.083732
0.215840 0.068098 -0.084172
0.215740 0.068367 -0.084663
0.216019 0.068507 -0.085077
0.216171 0.068689 -0.085517
0.216197 0.068916 -0.085982
0.216223 0.069142 -0.086448
0.216250 0.069368 -0.086913
0.216402 0.069551 -0.087353
0.216933 0.069604 -0.087715
0.217211 0.069744 -0.088129
0.217238 0.069970 -0.088594
0.217390 0.070153 -0.089034
0.217668 0.070293 -0.089448
0.217821 0.070476 -0.089888
0.217721 0.070745 -0.090379
0.217873 0.070928 -0.090819
0.217899 0.071154 -0.091284
0.217547 0.071509 -0.091827
0.217321 0.071821 -0.092344
0.217726 0.071918 -0.092732
0.286147 0.064611 -0.112432
0.286747 0.064637 -0.112782
0.287946 0.064688 -0.113482
0.288433 0.064753 -0.113855
0.288474 0.064975 -0.114317
0.289185 0.064961 -0.114645
0.289561 0.065066 -0.115040
0.289714 0.065249 -0.115479
0.289754 0.065471 -0.115941
0.290130 0.065575 -0.116336
0.329888 0.055472 -0.116997
0.330145 0.055615 -0.117417
0.330088 0.055877 -0.117896
0.330135 0.056100 -0.118356
0.329868 0.056441 -0.118875
0.329706 0.056742 -0.119374
0.329439 0.057083 -0.119893
0.329277 0.057384 -0.120393
0.328906 0.057765 -0.120932
0.328848 0.058027 -0.121411
0.328581 0.058368 -0.121931
0.328419 0.058669 -0.122430
0.328362 0.058931 -0.122909
0.328095 0.059272 -0.123429
0.328143 0.059495 -0.123888
0.328085 0.059757 -0.124368
0.328133 0.059979 -0.124827
0.328076 0.060241 -0.125307
0.327913 0.060542 -0.125806
0.327647 0.060883 -0.126325
0.327694 0.061106 -0.126785
0.327637 0.061368 -0.127264
0.327580 0.061630 -0.127744
0.327732 0.061813 -0.128183
0.327884 0.061996 -0.128623
0.327722 0.062297 -0.129122
0.327665 0.062559 -0.129602
0.327712 0.062782 -0.130061
0.327760 0.063004 -0.130521
0.327703 0.063266 -0.131000
0.327541 0.063567 -0.131500
0.327274 0.063908 -0.132019
0.327007 0.064249 -0.132538
0.327054 0.064472 -0.132998
0.326892 0.064773 -0.133497
0.326835 0.065035 -0.133977
0.326778 0.065297 -0.134456
0.326720 0.065559 -0.134936
0.326768 0.065781 -0.135395
0.326815 0.066004 -0.135855
0.326548 0.066345 -0.136374
0.326596 0.066567 -0.136834
0.326644 0.066790 -0.137293
0.326586 0.067052 -0.137773
0.326634 0.067274 -0.138232
0.326577 0.067536 -0.138712
0.326519 0.067798 -0.139191
0.326462 0.068060 -0.139670
0.326300 0.068361 -0.140170
0.326452 0.068544 -0.140610
0.326290 0.068846 -0.141109
0.326128 0.069147 -0.141608
0.326071 0.069409 -0.142088
0.326013 0.069671 -0.142567
0.325956 0.069933 -0.143047
0.325794 0.070235 -0.143546
0.325737 0.070497 -0.144025
0.325680 0.070759 -0.144505
0.324784 0.071337 -0.145143
0.324936 0.071519 -0.145583
0.264983 0.092924 -0.158022
0.265253 0.093065 -0.158438
0.265642 0.093165 -0.158831
0.265912 0.093306 -0.159247
0.266064 0.093489 -0.159687
0.266099 0.093713 -0.160150
0.266133 0.093938 -0.160613
0.266168 0.094163 -0.161077
0.266084 0.094429 -0.161563
0.266118 0.094654 -0.162026
0.266153 0.094879 -0.162490
0.265598 0.095312 -0.163070
0.262566 0.096623 -0.164144
0.262954 0.096722 -0.164537
0.262870 0.096989 -0.165024
0.263259 0.097088 -0.165416
0.195951 0.057598 -0.051935
0.196508 0.057877 -0.052763
0.197291 0.057844 -0.053074
0.197191 0.058114 -0.053565
0.197596 0.058210 -0.053954
0.198127 0.058264 -0.054316
0.198405 0.058403 -0.054730
0.200502 0.058391 -0.055714
0.201537 0.058272 -0.055974
0.202067 0.058325 -0.056336
0.202850 0.058292 -0.056647
0.203381 0.058345 -0.057010
0.203786 0.058442 -0.057398
0.204190 0.058539 -0.057786
0.204847 0.058549 -0.058123
0.205252 0.058645 -0.058511
0.205278 0.058871 -0.058977
0.205935 0.058882 -0.059313
0.206339 0.058978 -0.059702
0.206744 0.059075 -0.060090
0.207022 0.059215 -0.060504
0.207301 0.059354 -0.060918
0.207832 0.059408 -0.061280
0.208488 0.059418 -0.061617
0.208893 0.059515 -0.062005
0.209045 0.059698 -0.062445
0.209450 0.059794 -0.062833
0.209602 0.059977 -0.063273
0.209881 0.060117 -0.063687
0.210033 0.060300 -0.064126
0.210438 0.060396 -0.064514
0.211094 0.060407 -0.064851
0.211373 0.060546 -0.065265
0.211778 0.060643 -0.065653
0.211930 0.060826 -0.066093
0.212082 0.061009 -0.066533
0.212361 0.061149 -0.066947
0.212261 0.061418 -0.067438
0.212792 0.061471 -0.067800
0.213322 0.061525 -0.068163
0.213727 0.061621 -0.068551
0.213879 0.061804 -0.068991
0.214158 0.061944 -0.069404
0.214310 0.062127 -0.069844
0.214462 0.062310 -0.070284
0.214615 0.062493 -0.070724
0.214641 0.062719 -0.071189
0.214415 0.063031 -0.071706
0.214694 0.063171 -0.072120
0.215098 0.063268 -0.072508
0.215503 0.063364 -0.072896
0.215781 0.063504 -0.073310
0.215808 0.063730 -0.073776
0.215960 0.063913 -0.074215
0.215986 0.064139 -0.074681
0.215256 0.064624 -0.075300
0.215408 0.064807 -0.075740
0.215687 0.064947 -0.076154
0.215839 0.065130 -0.076594
0.215865 0.065356 -0.077059
0.215639 0.065669 -0.077576
0.214531 0.066283 -0.078273
0.214431 0.066553 -0.078764
0.214835 0.066649 -0.079152
0.215114 0.066789 -0.079566
0.215140 0.067015 -0.080032
0.215419 0.067155 -0.080446
0.215319 0.067424 -0.080937
0.215345 0.067650 -0.081402
0.215623 0.067790 -0.081816
0.215650 0.068016 -0.082282
0.215802 0.068199 -0.082721
0.215828 0.068425 -0.083187
0.215981 0.068608 -0.083626
0.216007 0.068834 -0.084092
0.216159 0.069017 -0.084532
0.216186 0.069243 -0.084997
0.216212 0.069469 -0.085462
0.216364 0.069652 -0.085902
0.216517 0.069835 -0.086342
0.216543 0.070061 -0.086807
0.216947 0.070158 -0.087195
0.217352 0.070255 -0.087584
0.217504 0.070438 -0.088023
0.217531 0.070664 -0.088489
0.217809 0.070803 -0.088903
0.218088 0.070943 -0.089317
0.217862 0.071256 -0.089833
0.218014 0.071439 -0.090273
0.218166 0.071621 -0.090713
0.217940 0.071934 -0.091230
0.217588 0.072290 -0.091772
0.217867 0.072429 -0.092186
0.218271 0.072526 -0.092574
0.285460 0.065151 -0.111593
0.286282 0.065097 -0.111898
0.286882 0.065123 -0.112249
0.287593 0.065109 -0.112577
0.288080 0.065173 -0.112949
0.288568 0.065238 -0.113322
0.289056 0.065303 -0.113695
0.289320 0.065446 -0.114112
0.289695 0.065551 -0.114507
0.289960 0.065694 -0.114924
0.290112 0.065877 -0.115364
0.290376 0.066021 -0.115781
0.290752 0.066125 -0.116176
0.329480 0.056623 -0.117512
0.329842 0.056727 -0.117912
0.329156 0.057226 -0.118511
0.329308 0.057409 -0.118951
0.328831 0.057829 -0.119509
0.328669 0.058130 -0.120009
0.328717 0.058353 -0.120468
0.328345 0.058733 -0.121007
0.328183 0.059035 -0.121507
0.327916 0.059376 -0.122026
0.327859 0.059638 -0.122505
0.327907 0.059860 -0.122965
0.327535 0.060241 -0.123504
0.327792 0.060384 -0.123924
0.327735 0.060646 -0.124403
0.327363 0.061027 -0.124942
0.327306 0.061289 -0.125422
0.326934 0.061670 -0.125961
0.327296 0.061773 -0.126361
0.326820 0.062194 -0.126919
0.327077 0.062337 -0.127339
0.327229 0.062520 -0.127779
0.327487 0.062663 -0.128199
0.327639 0.062846 -0.128638
0.327582 0.063108 -0.129118
0.327734 0.063291 -0.129558
0.327782 0.063514 -0.130017
0.327934 0.063697 -0.130457
0.327772 0.063998 -0.130956
0.327715 0.064260 -0.131436
0.327343 0.064641 -0.131975
0.327286 0.064903 -0.132454
0.327229 0.065165 -0.132933
0.327067 0.065466 -0.133433
0.327114 0.065689 -0.133892
0.326952 0.065990 -0.134392
0.326895 0.066252 -0.134871
0.326942 0.066475 -0.135331
0.326990 0.066697 -0.135790
0.326828 0.066999 -0.136289
0.326876 0.067221 -0.136749
0.326923 0.067443 -0.137209
0.326971 0.067666 -0.137668
0.326913 0.067928 -0.138148
0.326961 0.068150 -0.138607
0.326694 0.068491 -0.139126
0.326742 0.068714 -0.139586
0.326684 0.068976 -0.140065
0.326732 0.069198 -0.140525
0.326360 0.069579 -0.141064
0.325989 0.069960 -0.141603
0.326036 0.070182 -0.142062
0.325874 0.070483 -0.142562
0.325607 0.070825 -0.143081
0.325550 0.071087 -0.143560
0.325283 0.071428 -0.144079
0.264227 0.093269 -0.156719
0.264616 0.093368 -0.157112
0.265004 0.093467 -0.157505
0.265274 0.093608 -0.157921
0.265544 0.093749 -0.158337
0.265697 0.093932 -0.158777
0.265731 0.094157 -0.159240
0.265884 0.094340 -0.159680
0.265918 0.094565 -0.160143
0.265952 0.094790 -0.160606
0.265869 0.095056 -0.161093
0.265667 0.095364 -0.161603
0.265584 0.095631 -0.162089
0.263849 0.096483 -0.162905
0.262586 0.097167 -0.163626
0.262739 0.097350 -0.164066
0.262537 0.097659 -0.164576
0.195412 0.057878 -0.050584
0.195816 0.057974 -0.050972
0.196095 0.058114 -0.051386
0.197256 0.057951 -0.051621
0.197408 0.058134 -0.052060
0.197813 0.058230 -0.052449
0.198091 0.058370 -0.052863
0.198243 0.058553 -0.053302
0.198396 0.058736 -0.053742
0.198800 0.058832 -0.054130
0.199079 0.058972 -0.054544
0.201831 0.058968 -0.055866
0.202362 0.059021 -0.056229
0.203018 0.059031 -0.056566
0.203549 0.059084 -0.056928
0.203954 0.059181 -0.057317
0.204484 0.059234 -0.057679
0.205267 0.059200 -0.057991
0.205797 0.059254 -0.058353
0.206076 0.059393 -0.058767
0.206480 0.059490 -0.059156
0.207011 0.059543 -0.059518
0.207289 0.059683 -0.059932
0.207316 0.059909 -0.060398
0.207972 0.059919 -0.060734
0.208629 0.059928 -0.061071
0.209033 0.060025 -0.061460
0.209438 0.060121 -0.061848
0.209590 0.060304 -0.062288
0.209869 0.060444 -0.062702
0.210021 0.060627 -0.063141
0.210299 0.060766 -0.063555
0.210452 0.060949 -0.063995
0.211109 0.060959 -0.064332
0.211513 0.061056 -0.064720
0.211791 0.061195 -0.065134
0.212070 0.061335 -0.065548
0.212348 0.061475 -0.065962
0.212501 0.061658 -0.066402
0.212653 0.061841 -0.066842
0.212679 0.062067 -0.067307
0.213336 0.062077 -0.067644
0.213740 0.062173 -0.068032
0.213767 0.062399 -0.068498
0.214045 0.062539 -0.068912
0.214198 0.062722 -0.069351
0.214476 0.062862 -0.069765
0.214628 0.063045 -0.070205
0.214781 0.063227 -0.070645
0.214681 0.063497 -0.071136
0.214707 0.063723 -0.071601
0.214986 0.063863 -0.072015
0.215390 0.063959 -0.072403
0.215669 0.064099 -0.072817
0.215821 0.064282 -0.073257
0.215973 0.064465 -0.073697
0.216000 0.064691 -0.074162
0.216026 0.064917 -0.074627
0.215422 0.065360 -0.075221
0.215827 0.065456 -0.075610
0.215979 0.065639 -0.076049
0.215879 0.065909 -0.076540
0.216031 0.066091 -0.076980
0.215680 0.066447 -0.077522
0.214571 0.067063 -0.078219
0.214850 0.067203 -0.078633
0.215254 0.067299 -0.079021
0.215281 0.067525 -0.079487
0.215433 0.067708 -0.079926
0.215459 0.067934 -0.080392
0.215485 0.068161 -0.080857
0.215764 0.068300 -0.081271
0.215916 0.068483 -0.081711
0.215817 0.068753 -0.082202
0.215969 0.068936 -0.082641
0.216121 0.069119 -0.083081
0.216148 0.069345 -0.083546
0.216300 0.069528 -0.083986
0.216326 0.069754 -0.084451
0.216353 0.069980 -0.084917
0.216505 0.070163 -0.085356
0.216783 0.070303 -0.085770
0.216936 0.070486 -0.086210
0.217088 0.070669 -0.086650
0.217367 0.070808 -0.087064
0.217645 0.070948 -0.087478
0.217671 0.071174 -0.087943
0.217950 0.071314 -0.088357
0.218102 0.071497 -0.088797
0.218128 0.071723 -0.089262
0.218281 0.071906 -0.089702
0.218433 0.072089 -0.090142
0.217703 0.072575 -0.090761
0.217729 0.072801 -0.091226
0.218008 0.072941 -0.091640
0.218286 0.073080 -0.092054
0.218817 0.073133 -0.092417
0.284924 0.065874 -0.111193
0.285859 0.065781 -0.111476
0.286681 0.065727 -0.111782
0.287392 0.065713 -0.112110
0.287991 0.065738 -0.112461
0.288591 0.065763 -0.112811
0.289078 0.065828 -0.113184
0.289342 0.065971 -0.113602
0.289830 0.066036 -0.113974
0.290094 0.066179 -0.114392
0.290246 0.066362 -0.114831
0.290287 0.066584 -0.115293
0.290551 0.066728 -0.115711
0.327900 0.059178 -0.120124
0.327738 0.059480 -0.120623
0.327261 0.059900 -0.121182
0.327252 0.060385 -0.122121
0.326823 0.061027 -0.123139
0.325118 0.063113 -0.126274
0.325689 0.063138 -0.126634
0.326365 0.063123 -0.126974
0.326727 0.063227 -0.127374
0.327194 0.063292 -0.127754
0.327451 0.063435 -0.128174
0.327499 0.063657 -0.128634
0.327756 0.063801 -0.129054
0.327804 0.064023 -0.129513
0.327851 0.064246 -0.129973
0.328003 0.064429 -0.130412
0.328051 0.064651 -0.130872
0.327889 0.064953 -0.131371
0.327727 0.065254 -0.131870
0.327460 0.065596 -0.132390
0.327403 0.065858 -0.132869
0.327346 0.066120 -0.133348
0.327289 0.066382 -0.133828
0.327127 0.066683 -0.134327
0.327279 0.066866 -0.134767
0.327327 0.067089 -0.135226
0.327165 0.067390 -0.135725
0.327212 0.067613 -0.136185
0.327260 0.067835 -0.136645
0.327203 0.068097 -0.137124
0.327250 0.068320 -0.137583
0.327088 0.068621 -0.138083
0.327031 0.068883 -0.138562
0.326974 0.069145 -0.139042
0.326917 0.069407 -0.139521
0.326859 0.069669 -0.140000
0.326383 0.070090 -0.140559
0.326116 0.070431 -0.141078
0.325850 0.070772 -0.141597
0.325688 0.071073 -0.142097
0.325211 0.071494 -0.142655
0.264415 0.093279 -0.155229
0.264567 0.093462 -0.155668
0.264602 0.093686 -0.156131
0.264636 0.093911 -0.156595
0.264789 0.094094 -0.157034
0.264941 0.094277 -0.157474
0.265093 0.094460 -0.157914
0.265246 0.094643 -0.158353
0.265162 0.094910 -0.158840
0.265433 0.095051 -0.159256
0.265467 0.095275 -0.159719
0.264912 0.095709 -0.160300
0.264710 0.096018 -0.160810
0.264745 0.096243 -0.161273
0.263364 0.096970 -0.162018
0.263516 0.097153 -0.162457
0.262843 0.097628 -0.163061
0.196259 0.057682 -0.048951
0.196789 0.057735 -0.049313
0.196564 0.058048 -0.049830
0.196716 0.058231 -0.050270
0.196112 0.058674 -0.050863
0.196895 0.058640 -0.051175
0.197803 0.058563 -0.051461
0.198082 0.058703 -0.051875
0.198360 0.058842 -0.052289
0.198638 0.058982 -0.052703
0.198791 0.059165 -0.053142
0.198817 0.059391 -0.053608
0.199096 0.059531 -0.054022
0.199626 0.059583 -0.054384
0.201217 0.059742 -0.055473
0.202252 0.059621 -0.055733
0.202530 0.059761 -0.056147
0.203187 0.059771 -0.056484
0.203969 0.059737 -0.056796
0.204626 0.059746 -0.057133
0.205282 0.059756 -0.057470
0.205939 0.059765 -0.057807
0.206469 0.059818 -0.058170
0.206747 0.059958 -0.058584
0.207026 0.060097 -0.058998
0.207430 0.060194 -0.059386
0.207709 0.060333 -0.059800
0.207735 0.060559 -0.060266
0.208517 0.060526 -0.060577
0.209048 0.060578 -0.060940
0.209452 0.060675 -0.061328
0.209731 0.060814 -0.061743
0.209883 0.060997 -0.062182
0.210287 0.061093 -0.062571
0.210440 0.061276 -0.063010
0.210466 0.061503 -0.063476
0.210871 0.061599 -0.063864
0.211401 0.061652 -0.064227
0.211931 0.061705 -0.064590
0.212084 0.061888 -0.065029
0.212488 0.061984 -0.065418
0.212641 0.062167 -0.065857
0.212541 0.062436 -0.066348
0.212693 0.062619 -0.066788
0.213098 0.062716 -0.067176
0.213502 0.062812 -0.067565
0.213528 0.063038 -0.068030
0.213933 0.063134 -0.068419
0.214085 0.063317 -0.068858
0.214364 0.063457 -0.069272
0.214642 0.063596 -0.069686
0.214668 0.063823 -0.070152
0.214695 0.064049 -0.070617
0.214721 0.064275 -0.071082
0.214873 0.064458 -0.071522
0.215152 0.064598 -0.071936
0.215556 0.064694 -0.072324
0.215709 0.064877 -0.072764
0.215861 0.065060 -0.073204
0.215887 0.065286 -0.073669
0.216040 0.065469 -0.074109
0.215436 0.065912 -0.074702
0.215714 0.066052 -0.075116
0.215741 0.066278 -0.075582
0.216019 0.066418 -0.075996
0.215919 0.066687 -0.076487
0.215946 0.066914 -0.076952
0.215972 0.067140 -0.077417
0.214612 0.067843 -0.078164
0.215143 0.067896 -0.078527
0.215295 0.068079 -0.078967
0.215447 0.068262 -0.079407
0.215600 0.068445 -0.079846
0.215626 0.068671 -0.080312
0.215778 0.068854 -0.080751
0.215931 0.069037 -0.081191
0.215957 0.069263 -0.081656
0.216110 0.069446 -0.082096
0.216136 0.069673 -0.082561
0.216162 0.069899 -0.083027
0.216189 0.070125 -0.083492
0.216341 0.070308 -0.083932
0.216493 0.070491 -0.084371
0.216646 0.070674 -0.084811
0.216798 0.070857 -0.085251
0.217076 0.070996 -0.085665
0.217355 0.071136 -0.086079
0.217507 0.071319 -0.086518
0.217786 0.071459 -0.086932
0.217812 0.071685 -0.087398
0.217586 0.071998 -0.087914
0.217991 0.072094 -0.088303
0.218017 0.072320 -0.088768
0.218295 0.072460 -0.089182
0.218322 0.072686 -0.089647
0.217592 0.073173 -0.090266
0.217996 0.073269 -0.090655
0.218275 0.073408 -0.091069
0.218301 0.073635 -0.091534
0.218705 0.073731 -0.091923
0.218606 0.074001 -0.092414
0.285547 0.066426 -0.111032
0.286481 0.066332 -0.111316
0.287080 0.066357 -0.111666
0.287679 0.066382 -0.112017
0.288278 0.066407 -0.112367
0.288766 0.066471 -0.112740
0.289030 0.066614 -0.113158
0.289741 0.066600 -0.113486
0.290116 0.066704 -0.113881
0.325406 0.063282 -0.125251
0.325873 0.063347 -0.125631
0.326130 0.063490 -0.126051
0.326492 0.063594 -0.126451
0.326854 0.063698 -0.126851
0.327216 0.063801 -0.127250
0.327368 0.063984 -0.127690
0.327625 0.064128 -0.128110
0.327778 0.064311 -0.128550
0.327930 0.064494 -0.128989
0.328083 0.064676 -0.129429
0.328025 0.064939 -0.129908
0.328073 0.065161 -0.130368
0.328330 0.065304 -0.130788
0.328273 0.065567 -0.131267
0.327901 0.065947 -0.131806
0.327740 0.066249 -0.132305
0.327787 0.066471 -0.132765
0.327625 0.066773 -0.133264
0.327463 0.067075 -0.133763
0.327511 0.067297 -0.134223
0.327558 0.067520 -0.134682
0.327501 0.067782 -0.135162
0.327549 0.068004 -0.135621
0.327492 0.068266 -0.136100
0.327435 0.068528 -0.136580
0.327482 0.068751 -0.137039
0.327320 0.069053 -0.137539
0.327158 0.069354 -0.138038
0.327101 0.069616 -0.138517
0.326939 0.069918 -0.139016
0.326673 0.070259 -0.139535
0.326301 0.070640 -0.140074
0.326034 0.070981 -0.140593
0.325663 0.071362 -0.141132
0.263895 0.093540 -0.153879
0.264283 0.093639 -0.154271
0.264436 0.093822 -0.154711
0.264824 0.093921 -0.155104
0.264741 0.094188 -0.155590
0.264775 0.094413 -0.156054
0.264456 0.094763 -0.156587
0.264490 0.094988 -0.157050
0.264406 0.095255 -0.157537
0.264677 0.095396 -0.157953
0.264593 0.095662 -0.158439
0.264392 0.095971 -0.158949
0.261950 0.097075 -0.159905
0.263163 0.096881 -0.160134
0.262171 0.097708 -0.161271
0.262795 0.097723 -0.161617
0.262712 0.097990 -0.162103
0.195541 0.057553 -0.046694
0.195315 0.057867 -0.047211
0.195594 0.058006 -0.047625
0.195872 0.058146 -0.048039
0.196276 0.058242 -0.048428
0.197058 0.058207 -0.048739
0.197463 0.058303 -0.049128
0.197363 0.058573 -0.049619
0.197894 0.058626 -0.049982
0.197920 0.058852 -0.050447
0.198072 0.059035 -0.050887
0.198351 0.059175 -0.051301
0.198629 0.059314 -0.051715
0.198907 0.059454 -0.052129
0.198934 0.059680 -0.052594
0.198960 0.059906 -0.053059
0.199112 0.060089 -0.053499
0.199643 0.060142 -0.053862
0.200299 0.060151 -0.054199
0.200325 0.060377 -0.054665
0.200856 0.060430 -0.055027
0.201890 0.060309 -0.055288
0.203077 0.060371 -0.055988
0.203985 0.060293 -0.056275
0.204767 0.060259 -0.056586
0.205171 0.060355 -0.056975
0.205828 0.060364 -0.057312
0.206484 0.060373 -0.057650
0.206888 0.060469 -0.058038
0.207167 0.060609 -0.058452
0.207445 0.060748 -0.058866
0.207723 0.060888 -0.059280
0.208128 0.060984 -0.059669
0.208154 0.061210 -0.060134
0.208936 0.061176 -0.060446
0.209467 0.061228 -0.060809
0.209745 0.061368 -0.061223
0.209897 0.061551 -0.061663
0.210176 0.061690 -0.062077
0.210580 0.061786 -0.062465
0.210607 0.062013 -0.062930
0.210759 0.062196 -0.063370
0.211163 0.062292 -0.063759
0.211694 0.062344 -0.064122
0.211972 0.062484 -0.064536
0.212250 0.062623 -0.064950
0.212403 0.062806 -0.065389
0.212555 0.062989 -0.065829
0.212707 0.063172 -0.066269
0.212986 0.063312 -0.066683
0.213390 0.063408 -0.067071
0.213668 0.063547 -0.067486
0.213695 0.063774 -0.067951
0.214099 0.063870 -0.068339
0.214251 0.064052 -0.068779
0.214656 0.064149 -0.069167
0.214808 0.064331 -0.069607
0.214961 0.064514 -0.070047
0.214987 0.064741 -0.070512
0.215013 0.064967 -0.070977
0.215166 0.065150 -0.071417
0.215444 0.065290 -0.071831
0.215722 0.065429 -0.072245
0.215875 0.065612 -0.072685
0.216027 0.065795 -0.073125
0.216053 0.066021 -0.073590
0.215828 0.066335 -0.074106
0.215476 0.066691 -0.074648
0.215755 0.066831 -0.075062
0.215781 0.067057 -0.075528
0.216059 0.067197 -0.075942
0.215960 0.067467 -0.076433
0.216112 0.067649 -0.076872
0.216013 0.067919 -0.077363
0.214779 0.068580 -0.078084
0.215058 0.068720 -0.078498
0.215336 0.068859 -0.078912
0.215488 0.069042 -0.079352
0.215515 0.069268 -0.079817
0.215667 0.069451 -0.080257
0.215819 0.069634 -0.080697
0.215972 0.069817 -0.081136
0.215998 0.070044 -0.081602
0.216151 0.070227 -0.082041
0.216177 0.070453 -0.082507
0.216203 0.070679 -0.082972
0.216356 0.070862 -0.083412
0.216508 0.071045 -0.083851
0.216660 0.071228 -0.084291
0.216939 0.071368 -0.084705
0.217091 0.071551 -0.085145
0.217495 0.071647 -0.085533
0.217648 0.071830 -0.085973
0.217926 0.071969 -0.086387
0.218079 0.072152 -0.086827
0.217853 0.072465 -0.087343
0.217879 0.072692 -0.087808
0.218032 0.072875 -0.088248
0.218058 0.073101 -0.088713
0.217833 0.073414 -0.089230
0.217859 0.073641 -0.089695
0.218011 0.073824 -0.090135
0.218416 0.073920 -0.090523
0.218568 0.074103 -0.090963
0.325857 0.063149 -0.123728
0.326219 0.063253 -0.124128
0.326371 0.063436 -0.124568
0.326524 0.063619 -0.125008
0.326781 0.063762 -0.125427
0.327038 0.063906 -0.125847
0.327400 0.064009 -0.126247
0.327552 0.064192 -0.126687
0.327600 0.064415 -0.127147
0.327857 0.064558 -0.127566
0.328009 0.064741 -0.128006
0.328161 0.064924 -0.128446
0.328209 0.065147 -0.128905
0.328257 0.065369 -0.129365
0.327990 0.065710 -0.129884
0.328457 0.065775 -0.130264
0.328819 0.065878 -0.130664
0.328238 0.066338 -0.131242
0.328076 0.066640 -0.131742
0.328019 0.066902 -0.132221
0.328066 0.067125 -0.132680
0.327800 0.067466 -0.133199
0.327847 0.067689 -0.133659
0.327895 0.067911 -0.134118
0.327838 0.068173 -0.134598
0.327781 0.068435 -0.135077
0.327724 0.068697 -0.135556
0.327667 0.068960 -0.136036
0.327609 0.069222 -0.136515
0.327448 0.069523 -0.137014
0.327286 0.069825 -0.137513
0.327229 0.070087 -0.137993
0.326857 0.070468 -0.138532
0.326172 0.070968 -0.139130
0.326114 0.071230 -0.139609
0.262786 0.094011 -0.152646
0.263292 0.094068 -0.153015
0.263798 0.094125 -0.153384
0.263950 0.094308 -0.153824
0.264221 0.094449 -0.154240
0.264373 0.094632 -0.154680
0.264643 0.094773 -0.155096
0.264796 0.094956 -0.155536
0.264476 0.095307 -0.156069
0.264275 0.095615 -0.156579
0.264073 0.095924 -0.157089
0.263754 0.096275 -0.157623
0.262255 0.097045 -0.158390
0.261700 0.097479 -0.158971
0.261735 0.097704 -0.159434
0.261214 0.098363 -0.160477
0.261956 0.098337 -0.160799
0.262344 0.098436 -0.161192
0.195154 0.058017 -0.045783
0.195810 0.058026 -0.046120
0.196340 0.058078 -0.046483
0.196493 0.058261 -0.046923
0.196645 0.058444 -0.047363
0.197049 0.058540 -0.047751
0.197328 0.058679 -0.048165
0.197606 0.058819 -0.048579
0.197884 0.058958 -0.048994
0.198162 0.059098 -0.049408
0.198567 0.059194 -0.049796
0.198593 0.059420 -0.050262
0.199123 0.059472 -0.050625
0.199402 0.059612 -0.051039
0.199680 0.059751 -0.051453
0.199706 0.059978 -0.051918
0.199859 0.060161 -0.052358
0.199381 0.060561 -0.052925
0.199408 0.060788 -0.053390
0.200190 0.060753 -0.053702
0.200594 0.060849 -0.054091
0.202562 0.060875 -0.055104
0.203219 0.060884 -0.055441
0.204001 0.060849 -0.055753
0.204531 0.060902 -0.056116
0.205187 0.060910 -0.056454
0.205591 0.061006 -0.056843
0.206247 0.061015 -0.057180
0.206777 0.061067 -0.057543
0.207182 0.061163 -0.057932
0.207586 0.061259 -0.058320
0.207864 0.061399 -0.058735
0.208143 0.061538 -0.059149
0.208169 0.061765 -0.059614
0.208573 0.061860 -0.060003
0.209229 0.061869 -0.060340
0.209634 0.061965 -0.060729
0.209912 0.062104 -0.061143
0.210190 0.062244 -0.061557
0.210343 0.062427 -0.061997
0.210621 0.062566 -0.062411
0.210647 0.062793 -0.062876
0.210926 0.062932 -0.063290
0.211204 0.063071 -0.063704
0.211608 0.063167 -0.064093
0.212012 0.063263 -0.064482
0.212417 0.063359 -0.064870
0.212569 0.063542 -0.065310
0.212847 0.063681 -0.065724
0.213126 0.063821 -0.066138
0.213404 0.063960 -0.066552
0.213682 0.064100 -0.066966
0.213961 0.064239 -0.067381
0.214365 0.064335 -0.067769
0.214517 0.064518 -0.068209
0.214796 0.064657 -0.068623
0.214948 0.064840 -0.069063
0.215100 0.065023 -0.069502
0.215253 0.065206 -0.069942
0.215405 0.065389 -0.070382
0.215305 0.065659 -0.070873
0.215458 0.065842 -0.071312
0.215610 0.066025 -0.071752
0.216014 0.066121 -0.072141
0.216167 0.066304 -0.072580
0.216319 0.066487 -0.073020
0.216220 0.066757 -0.073511
0.215742 0.067157 -0.074078
0.215643 0.067427 -0.074569
0.216047 0.067523 -0.074957
0.216199 0.067706 -0.075397
0.216226 0.067933 -0.075862
0.216378 0.068116 -0.076302
0.216153 0.068429 -0.076818
0.215676 0.068830 -0.077385
0.214569 0.069448 -0.078080
0.215099 0.069500 -0.078444
0.215251 0.069683 -0.078883
0.215278 0.069910 -0.079348
0.215556 0.070049 -0.079763
0.215582 0.070276 -0.080228
0.215861 0.070415 -0.080642
0.215887 0.070641 -0.081107
0.216039 0.070824 -0.081547
0.216192 0.071007 -0.081986
0.215966 0.071321 -0.082503
0.216245 0.071460 -0.082917
0.216397 0.071643 -0.083357
0.216549 0.071826 -0.083796
0.216828 0.071966 -0.084210
0.217106 0.072105 -0.084625
0.217384 0.072244 -0.085039
0.217788 0.072340 -0.085427
0.217815 0.072567 -0.085893
0.217841 0.072793 -0.086358
0.217868 0.073020 -0.086823
0.218146 0.073159 -0.087237
0.218047 0.073429 -0.087728
0.218199 0.073612 -0.088168
0.217470 0.074100 -0.088786
0.217874 0.074196 -0.089175
0.218026 0.074378 -0.089614
0.218305 0.074518 -0.090028
0.326460 0.063199 -0.122646
0.326821 0.063303 -0.123046
0.326974 0.063486 -0.123486
0.327126 0.063669 -0.123925
0.327279 0.063852 -0.124365
0.327431 0.064035 -0.124805
0.327583 0.064218 -0.125244
0.327736 0.064400 -0.125684
0.327888 0.064583 -0.126124
0.328040 0.064766 -0.126563
0.327983 0.065028 -0.127043
0.328345 0.065132 -0.127443
0.328498 0.065315 -0.127882
0.328336 0.065617 -0.128381
0.328383 0.065839 -0.128841
0.328431 0.066062 -0.129300
0.328374 0.066324 -0.129780
0.328631 0.066467 -0.130200
0.328469 0.066769 -0.130699
0.328517 0.066992 -0.131158
0.328250 0.067333 -0.131677
0.328298 0.067556 -0.132137
0.328136 0.067857 -0.132636
0.328079 0.068120 -0.133115
0.328127 0.068342 -0.133575
0.328174 0.068565 -0.134034
0.328013 0.068866 -0.134533
0.328060 0.069089 -0.134993
0.328003 0.069351 -0.135472
0.327841 0.069653 -0.135971
0.327575 0.069994 -0.136490
0.327204 0.070375 -0.137029
0.327146 0.070637 -0.137508
0.326670 0.071058 -0.138067
0.261440 0.094566 -0.151459
0.261946 0.094624 -0.151829
0.262571 0.094639 -0.152175
0.262959 0.094738 -0.152568
0.263347 0.094837 -0.152960
0.263617 0.094978 -0.153377
0.263770 0.095161 -0.153816
0.263922 0.095343 -0.154256
0.264074 0.095526 -0.154696
0.264463 0.095625 -0.155089
0.264379 0.095892 -0.155575
0.264178 0.096201 -0.156085
0.263976 0.096510 -0.156595
0.263421 0.096945 -0.157175
0.262630 0.097463 -0.157802
0.261957 0.097940 -0.158405
0.261755 0.098249 -0.158915
0.261436 0.098600 -0.159449
0.261353 0.098867 -0.159935
0.261387 0.099091 -0.160398
0.195297 0.058534 -0.045234
0.196079 0.058498 -0.045546
0.196483 0.058594 -0.045935
0.196888 0.058690 -0.046323
0.196914 0.058916 -0.046789
0.197444 0.058968 -0.047152
0.197722 0.059108 -0.047566
0.197875 0.059291 -0.048006
0.198279 0.059386 -0.048394
0.198431 0.059569 -0.048834
0.198710 0.059709 -0.049248
0.199240 0.059761 -0.049612
0.199518 0.059900 -0.050026
0.199922 0.059996 -0.050414
0.200200 0.060135 -0.050829
0.200353 0.060318 -0.051268
0.200379 0.060545 -0.051733
0.200531 0.060728 -0.052173
0.200306 0.061041 -0.052689
0.200207 0.061311 -0.053180
0.200485 0.061451 -0.053594
0.200889 0.061547 -0.053983
0.203109 0.061485 -0.054945
0.203765 0.061493 -0.055283
0.204421 0.061502 -0.055621
0.204951 0.061554 -0.055984
0.205607 0.061562 -0.056322
0.205885 0.061701 -0.056736
0.206541 0.061710 -0.057074
0.207071 0.061762 -0.057437
0.207475 0.061858 -0.057826
0.207753 0.061997 -0.058240
0.208158 0.062093 -0.058629
0.208184 0.062319 -0.059094
0.208462 0.062458 -0.059508
0.208992 0.062511 -0.059871
0.209396 0.062606 -0.060260
0.209675 0.062746 -0.060674
0.210079 0.062841 -0.061063
0.210105 0.063068 -0.061528
0.210384 0.063207 -0.061942
0.210536 0.063390 -0.062382
0.210814 0.063529 -0.062796
0.211093 0.063669 -0.063210
0.211623 0.063721 -0.063573
0.211901 0.063860 -0.063988
0.212305 0.063956 -0.064376
0.212709 0.064052 -0.064765
0.212987 0.064191 -0.065179
0.213266 0.064330 -0.065593
0.213544 0.064469 -0.066008
0.213696 0.064652 -0.066447
0.214100 0.064748 -0.066836
0.214379 0.064887 -0.067250
0.214657 0.065027 -0.067664
0.214809 0.065210 -0.068104
0.214962 0.065393 -0.068544
0.215114 0.065576 -0.068984
0.215392 0.065715 -0.069398
0.215545 0.065898 -0.069837
0.215319 0.066212 -0.070354
0.215346 0.066438 -0.070819
0.215624 0.066577 -0.071233
0.215902 0.066717 -0.071647
0.216181 0.066856 -0.072061
0.216207 0.067083 -0.072526
0.216360 0.067266 -0.072966
0.216008 0.067623 -0.073508
0.215783 0.067937 -0.074024
0.216061 0.068076 -0.074438
0.216214 0.068259 -0.074878
0.216366 0.068442 -0.075317
0.216518 0.068625 -0.075757
0.216293 0.068939 -0.076273
0.216068 0.069253 -0.076789
0.214583 0.070003 -0.077560
0.214610 0.070229 -0.078025
0.214888 0.070368 -0.078440
0.214915 0.070595 -0.078905
0.214941 0.070822 -0.079370
0.215219 0.070961 -0.079784
0.215246 0.071187 -0.080249
0.215650 0.071283 -0.080638
0.215677 0.071510 -0.081103
0.215829 0.071693 -0.081543
0.215604 0.072006 -0.082059
0.215882 0.072146 -0.082473
0.216160 0.072285 -0.082887
0.216187 0.072512 -0.083352
0.216465 0.072651 -0.083767
0.216743 0.072790 -0.084181
0.217147 0.072886 -0.084570
0.217426 0.073025 -0.084984
0.217578 0.073208 -0.085423
0.217604 0.073435 -0.085889
0.217757 0.073618 -0.086328
0.218161 0.073713 -0.086717
0.218187 0.073940 -0.087182
0.218214 0.074167 -0.087647
0.217989 0.074480 -0.088163
0.217637 0.074838 -0.088705
0.326491 0.063224 -0.121203
0.327167 0.063209 -0.121544
0.327214 0.063432 -0.122003
0.327472 0.063575 -0.122423
0.327729 0.063718 -0.122843
0.327776 0.063941 -0.123302
0.327824 0.064163 -0.123762
0.327976 0.064346 -0.124202
0.328024 0.064569 -0.124661
0.328072 0.064791 -0.125121
0.328224 0.064974 -0.125560
0.328272 0.065197 -0.126020
0.328319 0.065419 -0.126479
0.328262 0.065682 -0.126958
0.328519 0.065825 -0.127378
0.328462 0.066087 -0.127858
0.328510 0.066310 -0.128317
0.328558 0.066532 -0.128777
0.328501 0.066794 -0.129256
0.328548 0.067017 -0.129715
0.328491 0.067279 -0.130195
0.328434 0.067541 -0.130674
0.328587 0.067724 -0.131114
0.328425 0.068026 -0.131613
0.328263 0.068328 -0.132112
0.328311 0.068550 -0.132571
0.328254 0.068813 -0.133050
0.328301 0.069035 -0.133510
0.328140 0.069337 -0.134009
0.328083 0.069599 -0.134488
0.328026 0.069861 -0.134968
0.327759 0.070203 -0.135486
0.327388 0.070584 -0.136025
0.326807 0.071044 -0.136603
0.326750 0.071306 -0.137083
0.260955 0.095054 -0.150572
0.261343 0.095153 -0.150965
0.261731 0.095252 -0.151358
0.262002 0.095393 -0.151774
0.262508 0.095449 -0.152143
0.262660 0.095632 -0.152583
0.262930 0.095773 -0.152999
0.263201 0.095914 -0.153416
0.263353 0.096097 -0.153855
0.263506 0.096280 -0.154295
0.264012 0.096337 -0.154664
0.263928 0.096604 -0.155151
0.263727 0.096913 -0.155661
0.263643 0.097180 -0.156147
0.263324 0.097531 -0.156680
0.262769 0.097966 -0.157260
0.262449 0.098317 -0.157794
0.261776 0.098794 -0.158397
0.261457 0.099145 -0.158930
0.261373 0.099412 -0.159417
0.196196 0.058788 -0.044532
0.196726 0.058840 -0.044896
0.197004 0.058979 -0.045310
0.197157 0.059162 -0.045750
0.197435 0.059301 -0.046164
0.197713 0.059440 -0.046578
0.198117 0.059536 -0.046967
0.198395 0.059675 -0.047381
0.198422 0.059902 -0.047846
0.198826 0.059997 -0.048235
0.199104 0.060136 -0.048649
0.199382 0.060276 -0.049064
0.199786 0.060371 -0.049452
0.200190 0.060467 -0.049841
0.200343 0.060650 -0.050281
0.200621 0.060789 -0.050695
0.200648 0.061015 -0.051160
0.200800 0.061198 -0.051600
0.200952 0.061381 -0.052040
0.200601 0.061739 -0.052581
0.200376 0.062053 -0.053097
0.200780 0.062149 -0.053486
0.201310 0.062201 -0.053849
0.203529 0.062137 -0.054812
0.204185 0.062145 -0.055150
0.204589 0.062241 -0.055539
0.205245 0.062249 -0.055877
0.205775 0.062301 -0.056240
0.206053 0.062440 -0.056655
0.206834 0.062405 -0.056967
0.207239 0.062500 -0.057356
0.207517 0.062639 -0.057770
0.207921 0.062735 -0.058159
0.208073 0.062918 -0.058599
0.208226 0.063101 -0.059038
0.208504 0.063240 -0.059453
0.209034 0.063292 -0.059816
0.209186 0.063475 -0.060256
0.209716 0.063526 -0.060619
0.209994 0.063666 -0.061033
0.210272 0.063805 -0.061448
0.210551 0.063944 -0.061862
0.210829 0.064083 -0.062276
0.211233 0.064179 -0.062665
0.211511 0.064318 -0.063079
0.212041 0.064370 -0.063443
0.212319 0.064509 -0.063857
0.212723 0.064605 -0.064246
0.213002 0.064744 -0.064660
0.213154 0.064927 -0.065100
0.213432 0.065066 -0.065514
0.213585 0.065249 -0.065954
0.213863 0.065388 -0.066368
0.214267 0.065484 -0.066757
0.214419 0.065667 -0.067196
0.214697 0.065806 -0.067611
0.214850 0.065989 -0.068050
0.214876 0.066216 -0.068515
0.215155 0.066355 -0.068930
0.215433 0.066494 -0.069344
0.215333 0.066764 -0.069834
0.215108 0.067078 -0.070350
0.215512 0.067174 -0.070739
0.215665 0.067357 -0.071179
0.216069 0.067452 -0.071568
0.216221 0.067635 -0.072007
0.216248 0.067862 -0.072472
0.216148 0.068132 -0.072963
0.216049 0.068403 -0.073454
0.215824 0.068717 -0.073969
0.216102 0.068856 -0.074384
0.216129 0.069083 -0.074849
0.216281 0.069266 -0.075289
0.216307 0.069492 -0.075754
0.216082 0.069806 -0.076270
0.215983 0.070077 -0.076760
0.214248 0.070915 -0.077581
0.214148 0.071186 -0.078072
0.214175 0.071412 -0.078537
0.214453 0.071551 -0.078951
0.214605 0.071734 -0.079391
0.214884 0.071874 -0.079805
0.215162 0.072013 -0.080219
0.214811 0.072371 -0.080761
0.214711 0.072641 -0.081251
0.214864 0.072824 -0.081691
0.214890 0.073051 -0.082156
0.214539 0.073408 -0.082697
0.214566 0.073635 -0.083162
0.216659 0.073616 -0.084151
0.216937 0.073755 -0.084565
0.217215 0.073894 -0.084979
0.217494 0.074033 -0.085394
0.217520 0.074260 -0.085859
0.217798 0.074399 -0.086273
0.218077 0.074538 -0.086687
0.218229 0.074721 -0.087127
0.327455 0.063377 -0.120521
0.327921 0.063441 -0.120901
0.328178 0.063584 -0.121321
0.328121 0.063847 -0.121800
0.328169 0.064069 -0.122260
0.328321 0.064252 -0.122700
0.328264 0.064514 -0.123179
0.328103 0.064816 -0.123678
0.328255 0.064999 -0.124118
0.328303 0.065222 -0.124577
0.328455 0.065405 -0.125017
0.328398 0.065667 -0.125496
0.328341 0.065929 -0.125975
0.328494 0.066112 -0.126415
0.328541 0.066335 -0.126874
0.328589 0.066557 -0.127334
0.328532 0.066820 -0.127813
0.328475 0.067082 -0.128292
0.328627 0.067265 -0.128732
0.328466 0.067567 -0.129231
0.328618 0.067749 -0.129671
0.328352 0.068091 -0.130189
0.328713 0.068195 -0.130590
0.328761 0.068417 -0.131049
0.328599 0.068719 -0.131548
0.328542 0.068981 -0.132027
0.328381 0.069283 -0.132526
0.328428 0.069506 -0.132986
0.328267 0.069808 -0.133485
0.328105 0.070110 -0.133984
0.327734 0.070491 -0.134522
0.327153 0.070951 -0.135101
0.326364 0.071491 -0.135718
0.326516 0.071674 -0.136158
0.260587 0.095499 -0.149661
0.260858 0.095640 -0.150077
0.261010 0.095823 -0.150517
0.261280 0.095964 -0.150933
0.261551 0.096105 -0.151349
0.261939 0.096204 -0.151742
0.261973 0.096429 -0.152205
0.262362 0.096528 -0.152598
0.262514 0.096711 -0.153038
0.262666 0.096894 -0.153478
0.263055 0.096992 -0.153871
0.263207 0.097175 -0.154310
0.262770 0.097568 -0.154867
0.262922 0.097751 -0.155306
0.262485 0.098145 -0.155863
0.261930 0.098580 -0.156443
0.261964 0.098805 -0.156906
0.261173 0.099324 -0.157533
0.260972 0.099633 -0.158042
0.196313 0.059077 -0.043519
0.196968 0.059085 -0.043857
0.197246 0.059224 -0.044271
0.197399 0.059407 -0.044711
0.197803 0.059502 -0.045100
0.197704 0.059773 -0.045590
0.197856 0.059956 -0.046030
0.198260 0.060051 -0.046419
0.198538 0.060190 -0.046833
0.198816 0.060329 -0.047247
0.199094 0.060468 -0.047662
0.199373 0.060608 -0.048076
0.199651 0.060747 -0.048490
0.199803 0.060930 -0.048930
0.200081 0.061069 -0.049344
0.200485 0.061164 -0.049733
0.200638 0.061347 -0.050173
0.200790 0.061530 -0.050612
0.200942 0.061713 -0.051052
0.200969 0.061940 -0.051517
0.200996 0.062166 -0.051982
0.200519 0.062568 -0.052549
0.200671 0.062751 -0.052988
0.201075 0.062847 -0.053377
0.201353 0.062986 -0.053792
0.203823 0.062834 -0.054705
0.204227 0.062929 -0.055094
0.204883 0.062937 -0.055432
0.205413 0.062988 -0.055795
0.205691 0.063128 -0.056210
0.206347 0.063135 -0.056548
0.206876 0.063187 -0.056911
0.207029 0.063370 -0.057351
0.207559 0.063421 -0.057715
0.207837 0.063560 -0.058129
0.208115 0.063700 -0.058543
0.208393 0.063839 -0.058958
0.208797 0.063934 -0.059346
0.208949 0.064117 -0.059786
0.209353 0.064212 -0.060175
0.209883 0.064264 -0.060539
0.210287 0.064359 -0.060928
0.210565 0.064498 -0.061342
0.210844 0.064638 -0.061756
0.211122 0.064777 -0.062170
0.211526 0.064872 -0.062559
0.211804 0.065011 -0.062974
0.212208 0.065107 -0.063363
0.212486 0.065246 -0.063777
0.212638 0.065429 -0.064217
0.213042 0.065524 -0.064606
0.213321 0.065663 -0.065020
0.213347 0.065890 -0.065485
0.213751 0.065985 -0.065874
0.213904 0.066168 -0.066314
0.214308 0.066263 -0.066702
0.214460 0.066446 -0.067142
0.214738 0.066586 -0.067556
0.214765 0.066812 -0.068021
0.215043 0.066951 -0.068436
0.215195 0.067134 -0.068875
0.215222 0.067361 -0.069341
0.215374 0.067544 -0.069780
0.215275 0.067815 -0.070271
0.215427 0.067997 -0.070710
0.215705 0.068137 -0.071125
0.215984 0.068276 -0.071539
0.216136 0.068459 -0.071979
0.216037 0.068729 -0.072469
0.216063 0.068956 -0.072934
0.215838 0.069270 -0.073450
0.215739 0.069541 -0.073940
0.215766 0.069768 -0.074405
0.216044 0.069907 -0.074820
0.216322 0.070046 -0.075234
0.216223 0.070316 -0.075724
0.215872 0.070675 -0.076266
0.215521 0.071033 -0.076807
0.213713 0.072370 -0.078583
0.214117 0.072465 -0.078971
0.214144 0.072692 -0.079437
0.214422 0.072831 -0.079851
0.213343 0.073679 -0.081009
0.213575 0.074542 -0.082844
0.216601 0.074668 -0.084586
0.217005 0.074764 -0.084975
0.217284 0.074903 -0.085389
0.217436 0.075086 -0.085829
0.217840 0.075181 -0.086218
0.217992 0.075364 -0.086657
0.327848 0.063505 -0.119479
0.328209 0.063609 -0.119879
0.328466 0.063752 -0.120299
0.328723 0.063896 -0.120719
0.328771 0.064118 -0.121178
0.328714 0.064381 -0.121657
0.328657 0.064643 -0.122136
0.328600 0.064905 -0.122616
0.328543 0.065167 -0.123095
0.328382 0.065469 -0.123594
0.328534 0.065652 -0.124034
0.328582 0.065875 -0.124493
0.328525 0.066137 -0.124972
0.328677 0.066320 -0.125412
0.328515 0.066622 -0.125911
0.328563 0.066845 -0.126370
0.328506 0.067107 -0.126850
0.328554 0.067329 -0.127309
0.328497 0.067592 -0.127788
0.328649 0.067775 -0.128228
0.328383 0.068116 -0.128747
0.328535 0.068299 -0.129186
0.328374 0.068601 -0.129685
0.328526 0.068784 -0.130125
0.328679 0.068967 -0.130565
0.328622 0.069229 -0.131044
0.328565 0.069491 -0.131523
0.328612 0.069714 -0.131983
0.328451 0.070016 -0.132481
0.328289 0.070318 -0.132980
0.328127 0.070620 -0.133479
0.326291 0.071556 -0.134295
0.326967 0.071541 -0.134636
0.260304 0.095678 -0.148263
0.260574 0.095819 -0.148680
0.260726 0.096002 -0.149119
0.260761 0.096227 -0.149582
0.260913 0.096410 -0.150022
0.260947 0.096635 -0.150485
0.260864 0.096902 -0.150971
0.260780 0.097169 -0.151458
0.261169 0.097268 -0.151851
0.261793 0.097282 -0.152197
0.261827 0.097507 -0.152660
0.261695 0.098267 -0.154096
0.260299 0.099714 -0.156252
0.261159 0.099644 -0.156551
0.196582 0.059549 -0.042945
0.197111 0.059600 -0.043308
0.197515 0.059695 -0.043697
0.197793 0.059834 -0.044112
0.197946 0.060017 -0.044551
0.198224 0.060156 -0.044966
0.198125 0.060427 -0.045456
0.198403 0.060566 -0.045870
0.198681 0.060705 -0.046285
0.198833 0.060888 -0.046724
0.198986 0.061071 -0.047164
0.199390 0.061166 -0.047553
0.199668 0.061305 -0.047968
0.199694 0.061532 -0.048433
0.200098 0.061627 -0.048822
0.200376 0.061766 -0.049236
0.200403 0.061993 -0.049701
0.200555 0.062176 -0.050141
0.200833 0.062315 -0.050555
0.200860 0.062542 -0.051020
0.200509 0.062901 -0.051561
0.200662 0.063083 -0.052001
0.200814 0.063266 -0.052440
0.200841 0.063493 -0.052905
0.200993 0.063676 -0.053345
0.200894 0.063947 -0.053835
0.203741 0.063662 -0.054673
0.204270 0.063713 -0.055037
0.204674 0.063808 -0.055426
0.205330 0.063816 -0.055764
0.205733 0.063911 -0.056153
0.206137 0.064006 -0.056542
0.206667 0.064057 -0.056906
0.207071 0.064152 -0.057295
0.207601 0.064204 -0.057659
0.208005 0.064299 -0.058048
0.208283 0.064438 -0.058462
0.208687 0.064533 -0.058851
0.208965 0.064672 -0.059266
0.209369 0.064767 -0.059655
0.209772 0.064862 -0.060044
0.210176 0.064958 -0.060433
0.210580 0.065053 -0.060822
0.210733 0.065236 -0.061261
0.211011 0.065375 -0.061676
0.211415 0.065470 -0.062065
0.211567 0.065653 -0.062504
0.211971 0.065748 -0.062894
0.212249 0.065887 -0.063308
0.212653 0.065982 -0.063697
0.212931 0.066121 -0.064111
0.213209 0.066260 -0.064526
0.213236 0.066487 -0.064991
0.213388 0.066670 -0.065430
0.213541 0.066853 -0.065870
0.213693 0.067036 -0.066310
0.214223 0.067087 -0.066673
0.214501 0.067226 -0.067088
0.214653 0.067409 -0.067527
0.214805 0.067592 -0.067967
0.214958 0.067775 -0.068407
0.215110 0.067958 -0.068846
0.215263 0.068141 -0.069286
0.215163 0.068412 -0.069776
0.215064 0.068682 -0.070267
0.215342 0.068822 -0.070681
0.215621 0.068961 -0.071095
0.215899 0.069100 -0.071510
0.215674 0.069414 -0.072025
0.215826 0.069597 -0.072465
0.215853 0.069824 -0.072930
0.215754 0.070095 -0.073420
0.215403 0.070453 -0.073961
0.215681 0.070592 -0.074376
0.215833 0.070775 -0.074815
0.215986 0.070958 -0.075255
0.215887 0.071229 -0.075746
0.215410 0.071631 -0.076312
0.214305 0.072253 -0.077005
0.217074 0.075773 -0.085384
0.216975 0.076043 -0.085874
0.289417 0.073715 -0.118030
0.289904 0.073778 -0.118403
0.328554 0.063515 -0.118377
0.328811 0.063658 -0.118797
0.328963 0.063841 -0.119237
0.329116 0.064024 -0.119676
0.329164 0.064246 -0.120136
0.329316 0.064429 -0.120575
0.329050 0.064771 -0.121094
0.329097 0.064994 -0.121554
0.328936 0.065296 -0.122053
0.328774 0.065598 -0.122551
0.328717 0.065860 -0.123031
0.328660 0.066122 -0.123510
0.328708 0.066345 -0.123969
0.328651 0.066607 -0.124448
0.328699 0.066830 -0.124908
0.328537 0.067132 -0.125407
0.328585 0.067354 -0.125866
0.328528 0.067617 -0.126345
0.328367 0.067919 -0.126844
0.328414 0.068141 -0.127304
0.328462 0.068364 -0.127763
0.328091 0.068745 -0.128302
0.328034 0.069008 -0.128781
0.327768 0.069349 -0.129300
0.327920 0.069532 -0.129739
0.328387 0.069596 -0.130120
0.328539 0.069779 -0.130559
0.328587 0.070002 -0.131019
0.328635 0.070224 -0.131478
0.328473 0.070526 -0.131977
0.328102 0.070908 -0.132516
0.327836 0.071249 -0.133034
0.325895 0.072226 -0.133869
0.326257 0.072330 -0.134269
0.260324 0.096223 -0.147745
0.260595 0.096364 -0.148162
0.260747 0.096546 -0.148601
0.260899 0.096729 -0.149041
0.261052 0.096912 -0.149481
0.260850 0.097222 -0.149990
0.260649 0.097531 -0.150500
0.260448 0.097840 -0.151010
0.259892 0.098276 -0.151589
0.258748 0.098922 -0.152286
0.259136 0.099021 -0.152679
0.258345 0.099541 -0.153305
0.196599 0.060109 -0.042421
0.197254 0.060116 -0.042760
0.197532 0.060255 -0.043174
0.197936 0.060350 -0.043564
0.198214 0.060489 -0.043978
0.198367 0.060672 -0.044418
0.198645 0.060811 -0.044832
0.198671 0.061037 -0.045297
0.198824 0.061220 -0.045737
0.199102 0.061359 -0.046151
0.199254 0.061542 -0.046591
0.199407 0.061725 -0.047030
0.199685 0.061864 -0.047445
0.199711 0.062091 -0.047910
0.199864 0.062274 -0.048349
0.200142 0.062413 -0.048764
0.200294 0.062596 -0.049204
0.200321 0.062823 -0.049669
0.200473 0.063006 -0.050108
0.200374 0.063277 -0.050598
0.200527 0.063460 -0.051038
0.200679 0.063643 -0.051478
0.200831 0.063826 -0.051917
0.200984 0.064008 -0.052357
0.201010 0.064235 -0.052822
0.201163 0.064418 -0.053262
0.201189 0.064645 -0.053727
0.201467 0.064784 -0.054141
0.204214 0.064768 -0.055470
0.205121 0.064687 -0.055758
0.205650 0.064738 -0.056122
0.206431 0.064702 -0.056435
0.206961 0.064753 -0.056799
0.207365 0.064848 -0.057188
0.207894 0.064899 -0.057552
0.208298 0.064994 -0.057941
0.208576 0.065132 -0.058356
0.208854 0.065271 -0.058770
0.209258 0.065366 -0.059159
0.209536 0.065505 -0.059574
0.209940 0.065600 -0.059963
0.210218 0.065739 -0.060377
0.210496 0.065878 -0.060792
0.210900 0.065973 -0.061181
0.211052 0.066156 -0.061621
0.211079 0.066383 -0.062086
0.211357 0.066522 -0.062500
0.211761 0.066617 -0.062889
0.212290 0.066668 -0.063253
0.212694 0.066763 -0.063642
0.212847 0.066946 -0.064082
0.212999 0.067129 -0.064521
0.213151 0.067312 -0.064961
0.213178 0.067539 -0.065426
0.213456 0.067678 -0.065840
0.213734 0.067817 -0.066255
0.214138 0.067912 -0.066644
0.214416 0.068051 -0.067058
0.214568 0.068234 -0.067498
0.214595 0.068461 -0.067963
0.214622 0.068687 -0.068428
0.214774 0.068870 -0.068868
0.214675 0.069141 -0.069358
0.214702 0.069368 -0.069823
0.214854 0.069551 -0.070263
0.215006 0.069734 -0.070702
0.215410 0.069829 -0.071091
0.215437 0.070056 -0.071556
0.215715 0.070195 -0.071971
0.215616 0.070466 -0.072461
0.215391 0.070781 -0.072976
0.214538 0.071315 -0.073618
0.214816 0.071454 -0.074033
0.214717 0.071725 -0.074523
0.214869 0.071908 -0.074963
0.214896 0.072135 -0.075427
0.215048 0.072318 -0.075867
0.214698 0.072677 -0.076408
0.214347 0.073036 -0.076949
0.282749 0.074030 -0.113671
0.285476 0.074002 -0.115012
0.287534 0.074214 -0.116484
0.287130 0.074597 -0.117034
0.288174 0.074460 -0.117298
0.288214 0.074683 -0.117760
0.288255 0.074905 -0.118221
0.288449 0.075311 -0.119123
0.288267 0.075614 -0.119628
0.288085 0.075917 -0.120134
0.292536 0.076221 -0.123014
0.293357 0.076164 -0.123321
0.293844 0.076227 -0.123695
0.329203 0.063786 -0.117755
0.329460 0.063929 -0.118175
0.329717 0.064072 -0.118595
0.329765 0.064295 -0.119054
0.329708 0.064557 -0.119533
0.329547 0.064859 -0.120032
0.329490 0.065122 -0.120511
0.329224 0.065464 -0.121030
0.329167 0.065726 -0.121509
0.329005 0.066028 -0.122008
0.328739 0.066370 -0.122527
0.328682 0.066632 -0.123006
0.328730 0.066855 -0.123465
0.328882 0.067038 -0.123905
0.328616 0.067379 -0.124424
0.328559 0.067642 -0.124903
0.328607 0.067864 -0.125362
0.328550 0.068127 -0.125841
0.328493 0.068389 -0.126320
0.328227 0.068731 -0.126839
0.328170 0.068993 -0.127318
0.327800 0.069375 -0.127857
0.327429 0.069756 -0.128395
0.326583 0.070559 -0.129491
0.327467 0.070464 -0.129793
0.328038 0.070488 -0.130154
0.328505 0.070552 -0.130534
0.328448 0.070814 -0.131013
0.327972 0.071235 -0.131571
0.328020 0.071458 -0.132031
0.259534 0.096345 -0.145978
0.259687 0.096528 -0.146418
0.259839 0.096711 -0.146857
0.260227 0.096810 -0.147250
0.260380 0.096993 -0.147690
0.260532 0.097176 -0.148130
0.260802 0.097316 -0.148546
0.260719 0.097584 -0.149032
0.260871 0.097766 -0.149472
0.260434 0.098160 -0.150028
0.260468 0.098385 -0.150491
0.259913 0.098821 -0.151071
0.259712 0.099131 -0.151581
0.259275 0.099524 -0.152137
0.258955 0.099876 -0.152670
0.258518 0.100270 -0.153226
0.258434 0.100537 -0.153713
0.257879 0.100973 -0.154292
0.196742 0.060625 -0.041873
0.197272 0.060675 -0.042237
0.197675 0.060770 -0.042626
0.198079 0.060865 -0.043015
0.198231 0.061048 -0.043455
0.198133 0.061319 -0.043945
0.198662 0.061370 -0.044309
0.198940 0.061509 -0.044724
0.199092 0.061691 -0.045163
0.199370 0.061830 -0.045578
0.199523 0.062013 -0.046017
0.199675 0.062196 -0.046457
0.199827 0.062379 -0.046897
0.199980 0.062562 -0.047336
0.199881 0.062833 -0.047827
0.199908 0.063060 -0.048292
0.200186 0.063199 -0.048706
0.200212 0.063426 -0.049171
0.200239 0.063653 -0.049636
0.200266 0.063880 -0.050101
0.200544 0.064019 -0.050515
0.200696 0.064202 -0.050955
0.200848 0.064385 -0.051394
0.201127 0.064524 -0.051809
0.201279 0.064707 -0.052249
0.201431 0.064890 -0.052688
0.201332 0.065161 -0.053178
0.201233 0.065432 -0.053669
0.201386 0.065615 -0.054108
0.204760 0.065377 -0.055312
0.205415 0.065384 -0.055651
0.206070 0.065390 -0.055990
0.206725 0.065397 -0.056328
0.207129 0.065492 -0.056718
0.207658 0.065543 -0.057082
0.208188 0.065593 -0.057446
0.208466 0.065732 -0.057860
0.208618 0.065915 -0.058300
0.209022 0.066010 -0.058689
0.209174 0.066193 -0.059129
0.209578 0.066288 -0.059518
0.209730 0.066471 -0.059958
0.210009 0.066609 -0.060372
0.210412 0.066704 -0.060761
0.210565 0.066887 -0.061201
0.210591 0.067114 -0.061666
0.210869 0.067253 -0.062080
0.210896 0.067480 -0.062545
0.211174 0.067619 -0.062960
0.211578 0.067714 -0.063349
0.212107 0.067765 -0.063713
0.212385 0.067903 -0.064128
0.212663 0.068042 -0.064542
0.212564 0.068313 -0.065032
0.212968 0.068408 -0.065421
0.213120 0.068591 -0.065861
0.213398 0.068730 -0.066275
0.213677 0.068869 -0.066690
0.213703 0.069096 -0.067155
0.213981 0.069235 -0.067569
0.214008 0.069462 -0.068034
0.214286 0.069601 -0.068449
0.214187 0.069872 -0.068939
0.214339 0.070055 -0.069378
0.214366 0.070282 -0.069843
0.214141 0.070597 -0.070359
0.214168 0.070824 -0.070824
0.214697 0.070875 -0.071188
0.214850 0.071057 -0.071627
0.214500 0.071417 -0.072168
0.214778 0.071556 -0.072582
0.214679 0.071827 -0.073072
0.214705 0.072054 -0.073537
0.214606 0.072325 -0.074027
0.214382 0.072640 -0.074543
0.214534 0.072823 -0.074982
0.214812 0.072962 -0.075397
0.214964 0.073145 -0.075837
0.214237 0.073636 -0.076453
0.213887 0.073995 -0.076993
0.216672 0.079873 -0.090072
0.217506 0.080290 -0.091315
0.217407 0.080561 -0.091805
0.217334 0.081059 -0.092760
0.217235 0.081330 -0.093251
0.279408 0.074344 -0.111002
0.280118 0.074327 -0.111332
0.280493 0.074429 -0.111727
0.280757 0.074572 -0.112145
0.282510 0.074417 -0.112739
0.282997 0.074480 -0.113113
0.283372 0.074583 -0.113509
0.283524 0.074766 -0.113948
0.283900 0.074869 -0.114344
0.285248 0.075097 -0.115488
0.285846 0.075120 -0.115840
0.286222 0.075223 -0.116235
0.286485 0.075366 -0.116653
0.286972 0.075428 -0.117027
0.287236 0.075571 -0.117445
0.286942 0.075914 -0.117972
0.287318 0.076017 -0.118368
0.287024 0.076360 -0.118895
0.287177 0.076543 -0.119335
0.287552 0.076646 -0.119731
0.287147 0.077029 -0.120280
0.286854 0.077372 -0.120808
0.292823 0.076891 -0.122920
0.293756 0.076793 -0.123206
0.328759 0.064232 -0.116871
0.329643 0.064136 -0.117172
0.330005 0.064240 -0.117573
0.330262 0.064383 -0.117993
0.330310 0.064606 -0.118452
0.330148 0.064908 -0.118951
0.329882 0.065250 -0.119469
0.329616 0.065592 -0.119988
0.329455 0.065894 -0.120487
0.329398 0.066156 -0.120966
0.329027 0.066538 -0.121504
0.329075 0.066760 -0.121964
0.328809 0.067102 -0.122482
0.328752 0.067364 -0.122961
0.328800 0.067587 -0.123421
0.328638 0.067889 -0.123920
0.328477 0.068191 -0.124418
0.328315 0.068493 -0.124917
0.328154 0.068796 -0.125416
0.328306 0.068979 -0.125856
0.328145 0.069281 -0.126355
0.327460 0.069781 -0.126952
0.257560 0.095230 -0.141156
0.258066 0.095286 -0.141526
0.258336 0.095427 -0.141942
0.258253 0.095694 -0.142429
0.326444 0.071371 -0.129486
0.327329 0.071276 -0.129787
0.328109 0.071221 -0.130109
0.258980 0.096383 -0.144164
0.259250 0.096524 -0.144580
0.259403 0.096707 -0.145020
0.259555 0.096890 -0.145460
0.259707 0.097073 -0.145899
0.259860 0.097256 -0.146339
0.260012 0.097439 -0.146779
0.260165 0.097622 -0.147218
0.260199 0.097847 -0.147681
0.259998 0.098157 -0.148191
0.260386 0.098255 -0.148584
0.260656 0.098396 -0.149000
0.260573 0.098663 -0.149487
0.260371 0.098973 -0.149996
0.260170 0.099282 -0.150506
0.259851 0.099634 -0.151039
0.259531 0.099986 -0.151572
0.259212 0.100338 -0.152105
0.258893 0.100689 -0.152638
0.258691 0.100999 -0.153147
0.195854 0.061267 -0.041061
0.196383 0.061317 -0.041425
0.197163 0.061279 -0.041739
0.197818 0.061285 -0.042078
0.198222 0.061380 -0.042467
0.198500 0.061519 -0.042882
0.198652 0.061702 -0.043321
0.198679 0.061929 -0.043786
0.199083 0.062024 -0.044176
0.199235 0.062207 -0.044615
0.199513 0.062345 -0.045030
0.199791 0.062484 -0.045444
0.199944 0.062667 -0.045884
0.200096 0.062850 -0.046324
0.200123 0.063077 -0.046788
0.200024 0.063348 -0.047278
0.199925 0.063620 -0.047768
0.199952 0.063847 -0.048233
0.200104 0.064030 -0.048673
0.200131 0.064257 -0.049138
0.200157 0.064484 -0.049603
0.200310 0.064667 -0.050042
0.200462 0.064850 -0.050482
0.200740 0.064988 -0.050897
0.201018 0.065127 -0.051311
0.201296 0.065266 -0.051726
0.201448 0.065449 -0.052165
0.201350 0.065720 -0.052655
0.200120 0.066389 -0.053372
0.205055 0.066074 -0.055205
0.205584 0.066124 -0.055569
0.205862 0.066263 -0.055983
0.206642 0.066225 -0.056297
0.207297 0.066231 -0.056636
0.207827 0.066282 -0.057000
0.208105 0.066421 -0.057415
0.208257 0.066604 -0.057854
0.208409 0.066786 -0.058294
0.208436 0.067014 -0.058759
0.208714 0.067152 -0.059173
0.209118 0.067247 -0.059563
0.209521 0.067342 -0.059952
0.209799 0.067480 -0.060367
0.210077 0.067619 -0.060781
0.210230 0.067802 -0.061221
0.210508 0.067941 -0.061635
0.210660 0.068124 -0.062075
0.211064 0.068218 -0.062464
0.211216 0.068401 -0.062904
0.211494 0.068540 -0.063319
0.211898 0.068635 -0.063708
0.212176 0.068774 -0.064122
0.212202 0.069001 -0.064587
0.212606 0.069095 -0.064977
0.212884 0.069234 -0.065391
0.213162 0.069373 -0.065806
0.213189 0.069600 -0.066270
0.213341 0.069783 -0.066710
0.213745 0.069878 -0.067099
0.213772 0.070105 -0.067564
0.214050 0.070243 -0.067979
0.214076 0.070471 -0.068444
0.214354 0.070609 -0.068858
0.214381 0.070836 -0.069323
0.213654 0.071328 -0.069939
0.213806 0.071511 -0.070379
0.214210 0.071606 -0.070768
0.214362 0.071789 -0.071208
0.214263 0.072060 -0.071698
0.214541 0.072199 -0.072112
0.214694 0.072382 -0.072552
0.214721 0.072609 -0.073017
0.214496 0.072924 -0.073532
0.213643 0.073461 -0.074173
0.213921 0.073599 -0.074587
0.214576 0.073606 -0.074926
0.214854 0.073744 -0.075341
0.214127 0.074236 -0.075957
0.211516 0.075391 -0.076950
0.216814 0.080387 -0.089525
0.217217 0.080482 -0.089914
0.217244 0.080709 -0.090379
0.217396 0.080892 -0.090818
0.217674 0.081030 -0.091233
0.216696 0.081611 -0.091899
0.217100 0.081705 -0.092289
0.217378 0.081844 -0.092703
0.217656 0.081983 -0.093118
0.279809 0.074979 -0.110883
0.280296 0.075041 -0.111257
0.280671 0.075144 -0.111653
0.280601 0.075407 -0.112136
0.281087 0.075470 -0.112510
0.282577 0.075171 -0.112687
0.283175 0.075194 -0.113039
0.283327 0.075376 -0.113479
0.283702 0.075479 -0.113874
0.283854 0.075662 -0.114314
0.283561 0.076006 -0.114841
0.283714 0.076188 -0.115281
0.284312 0.076211 -0.115633
0.284352 0.076434 -0.116095
0.285062 0.076416 -0.116425
0.286217 0.076238 -0.116667
0.286815 0.076261 -0.117019
0.286744 0.076524 -0.117503
0.286897 0.076707 -0.117943
0.286269 0.077171 -0.118536
0.286867 0.077193 -0.118888
0.285571 0.077897 -0.119612
0.286726 0.077719 -0.119855
0.285653 0.078344 -0.120535
0.285694 0.078567 -0.120997
0.283994 0.079655 -0.122271
0.282223 0.081006 -0.124028
0.282710 0.081069 -0.124402
0.329665 0.064646 -0.116669
0.330131 0.064709 -0.117049
0.330388 0.064853 -0.117469
0.330645 0.064996 -0.117889
0.330483 0.065298 -0.118388
0.330217 0.065640 -0.118906
0.329847 0.066022 -0.119445
0.329581 0.066363 -0.119963
0.329419 0.066666 -0.120462
0.329153 0.067008 -0.120981
0.328888 0.067349 -0.121499
0.328726 0.067652 -0.121998
0.328669 0.067914 -0.122477
0.328508 0.068216 -0.122976
0.328556 0.068439 -0.123435
0.328290 0.068781 -0.123954
0.327919 0.069163 -0.124492
0.327862 0.069425 -0.124971
0.327283 0.069886 -0.125549
0.258843 0.095085 -0.139919
0.257934 0.095648 -0.140568
0.258205 0.095789 -0.140984
0.258593 0.095887 -0.141377
0.258745 0.096070 -0.141817
0.258780 0.096295 -0.142280
0.258814 0.096520 -0.142743
0.259084 0.096661 -0.143159
0.259119 0.096886 -0.143622
0.259153 0.097111 -0.144085
0.259424 0.097252 -0.144502
0.259340 0.097520 -0.144988
0.259492 0.097703 -0.145428
0.259645 0.097885 -0.145867
0.259797 0.098068 -0.146307
0.259950 0.098251 -0.146747
0.259866 0.098519 -0.147233
0.259547 0.098871 -0.147766
0.259699 0.099054 -0.148205
0.259380 0.099406 -0.148738
0.259650 0.099546 -0.149155
0.259802 0.099729 -0.149594
0.259483 0.100081 -0.150127
0.259636 0.100264 -0.150567
0.258727 0.100827 -0.151216
0.258997 0.100968 -0.151633
0.195316 0.061550 -0.039708
0.196096 0.061512 -0.040022
0.196499 0.061606 -0.040411
0.196652 0.061789 -0.040851
0.197307 0.061795 -0.041190
0.197710 0.061889 -0.041580
0.198114 0.061984 -0.041969
0.198392 0.062123 -0.042384
0.198670 0.062261 -0.042798
0.198822 0.062444 -0.043238
0.199100 0.062583 -0.043653
0.199378 0.062722 -0.044067
0.199530 0.062905 -0.044507
0.199808 0.063043 -0.044921
0.200086 0.063182 -0.045336
0.200239 0.063365 -0.045776
0.200265 0.063592 -0.046240
0.200418 0.063775 -0.046680
0.199817 0.064223 -0.047270
0.199843 0.064451 -0.047735
0.199745 0.064722 -0.048225
0.199771 0.064949 -0.048690
0.199798 0.065176 -0.049155
0.199950 0.065359 -0.049594
0.199852 0.065631 -0.050084
0.200255 0.065725 -0.050474
0.200533 0.065864 -0.050888
0.200937 0.065958 -0.051278
0.200963 0.066185 -0.051743
0.206712 0.067236 -0.056705
0.207241 0.067287 -0.057069
0.207645 0.067381 -0.057459
0.207797 0.067564 -0.057898
0.208075 0.067703 -0.058313
0.208479 0.067797 -0.058702
0.208882 0.067892 -0.059092
0.209035 0.068075 -0.059532
0.209438 0.068169 -0.059921
0.209842 0.068263 -0.060310
0.209994 0.068446 -0.060750
0.210398 0.068541 -0.061140
0.210550 0.068724 -0.061579
0.210702 0.068907 -0.062019
0.210855 0.069090 -0.062459
0.211007 0.069273 -0.062898
0.211662 0.069279 -0.063237
0.211940 0.069417 -0.063652
0.212092 0.069600 -0.064092
0.212370 0.069739 -0.064506
0.212522 0.069922 -0.064946
0.212800 0.070061 -0.065361
0.212827 0.070288 -0.065825
0.212980 0.070471 -0.066265
0.213509 0.070521 -0.066629
0.213661 0.070704 -0.067069
0.213688 0.070931 -0.067534
0.213966 0.071070 -0.067948
0.214118 0.071253 -0.068388
0.213894 0.071568 -0.068903
0.213418 0.071972 -0.069468
0.213445 0.072200 -0.069933
0.213597 0.072383 -0.070373
0.213875 0.072521 -0.070787
0.213651 0.072837 -0.071302
0.214180 0.072887 -0.071667
0.214332 0.073070 -0.072106
0.214485 0.073253 -0.072546
0.213632 0.073790 -0.073187
0.213157 0.074194 -0.073752
0.211532 0.075949 -0.076428
0.217189 0.081765 -0.090811
0.216085 0.082390 -0.091502
0.216865 0.082352 -0.091816
0.217143 0.082491 -0.092231
0.217421 0.082630 -0.092645
0.217448 0.082857 -0.093110
0.278429 0.076256 -0.111114
0.279583 0.076078 -0.111357
0.280293 0.076059 -0.111687
0.280779 0.076122 -0.112061
0.280709 0.076385 -0.112545
0.280750 0.076608 -0.113006
0.280791 0.076831 -0.113468
0.281166 0.076934 -0.113864
0.283323 0.076393 -0.113910
0.283698 0.076496 -0.114306
0.283516 0.076800 -0.114811
0.284003 0.076862 -0.115185
0.284266 0.077005 -0.115603
0.284419 0.077188 -0.116043
0.284460 0.077411 -0.116504
0.284501 0.077634 -0.116966
0.284096 0.078018 -0.117515
0.283692 0.078402 -0.118064
0.283844 0.078585 -0.118503
0.283662 0.078888 -0.119009
0.283147 0.079312 -0.119580
0.329373 0.065274 -0.116224
0.330048 0.065259 -0.116565
0.330514 0.065322 -0.116946
0.330666 0.065505 -0.117386
0.330714 0.065728 -0.117845
0.330448 0.066070 -0.118363
0.329973 0.066491 -0.118921
0.329603 0.066873 -0.119459
0.329441 0.067175 -0.119958
0.328966 0.067597 -0.120516
0.328805 0.067899 -0.121015
0.328644 0.068201 -0.121513
0.328273 0.068583 -0.122052
0.328216 0.068846 -0.122531
0.327846 0.069227 -0.123069
0.262229 0.093235 -0.136388
0.262146 0.093503 -0.136874
0.261591 0.093939 -0.137453
0.261389 0.094249 -0.137963
0.261306 0.094517 -0.138449
0.259689 0.095334 -0.139238
0.259134 0.095770 -0.139817
0.258343 0.096292 -0.140443
0.258614 0.096432 -0.140859
0.258884 0.096573 -0.141276
0.258800 0.096840 -0.141762
0.258835 0.097066 -0.142225
0.259105 0.097206 -0.142641
0.259258 0.097389 -0.143081
0.259174 0.097657 -0.143567
0.259209 0.097882 -0.144030
0.259243 0.098107 -0.144493
0.259277 0.098332 -0.144956
0.259548 0.098473 -0.145372
0.259346 0.098783 -0.145882
0.259263 0.099050 -0.146368
0.259297 0.099275 -0.146831
0.259332 0.099501 -0.147294
0.259248 0.099768 -0.147780
0.258929 0.100120 -0.148313
0.259081 0.100303 -0.148753
0.258290 0.100824 -0.149378
0.257382 0.101388 -0.150028
0.257534 0.101571 -0.150467
0.257568 0.101796 -0.150930
0.194930 0.062017 -0.038794
0.195585 0.062022 -0.039134
0.196239 0.062028 -0.039473
0.196768 0.062078 -0.039838
0.197172 0.062172 -0.040227
0.197324 0.062355 -0.040667
0.197602 0.062494 -0.041082
0.197880 0.062632 -0.041496
0.198032 0.062815 -0.041936
0.198436 0.062909 -0.042325
0.198714 0.063048 -0.042740
0.198992 0.063187 -0.043155
0.199270 0.063325 -0.043569
0.199548 0.063464 -0.043984
0.199700 0.063647 -0.044423
0.199978 0.063785 -0.044838
0.200256 0.063924 -0.045253
0.200157 0.064196 -0.045743
0.200435 0.064334 -0.046157
0.199583 0.064872 -0.046797
0.199610 0.065099 -0.047262
0.199762 0.065282 -0.047702
0.199287 0.065687 -0.048267
0.199314 0.065914 -0.048731
0.199340 0.066141 -0.049196
0.198991 0.066501 -0.049736
0.204289 0.068182 -0.055730
0.205069 0.068143 -0.056044
0.205724 0.068148 -0.056384
0.206504 0.068110 -0.056698
0.206908 0.068204 -0.057087
0.207437 0.068254 -0.057452
0.207840 0.068348 -0.057842
0.208244 0.068443 -0.058231
0.208521 0.068581 -0.058646
0.208799 0.068720 -0.059060
0.209077 0.068858 -0.059475
0.209481 0.068953 -0.059864
0.209759 0.069091 -0.060279
0.209785 0.069319 -0.060744
0.210189 0.069413 -0.061133
0.210216 0.069640 -0.061598
0.210243 0.069867 -0.062063
0.210269 0.070095 -0.062528
0.210798 0.070145 -0.062892
0.211327 0.070195 -0.063257
0.211605 0.070333 -0.063671
0.211883 0.070472 -0.064086
0.212036 0.070655 -0.064525
0.212062 0.070882 -0.064990
0.212089 0.071109 -0.065455
0.212367 0.071248 -0.065870
0.212771 0.071342 -0.066259
0.212923 0.071525 -0.066699
0.212950 0.071752 -0.067164
0.213228 0.071891 -0.067578
0.213129 0.072163 -0.068068
0.213156 0.072390 -0.068533
0.213057 0.072661 -0.069023
0.213084 0.072889 -0.069487
0.212860 0.073205 -0.070002
0.213039 0.073615 -0.070907
0.213693 0.073620 -0.071246
0.213595 0.073892 -0.071736
0.213035 0.083559 -0.090651
0.214550 0.084208 -0.092699
0.216039 0.084629 -0.094283
0.278912 0.077338 -0.111918
0.280178 0.077119 -0.112139
0.280664 0.077181 -0.112513
0.280817 0.077364 -0.112953
0.281081 0.077506 -0.113371
0.281456 0.077609 -0.113767
0.281608 0.077792 -0.114207
0.283471 0.077594 -0.114780
0.284069 0.077616 -0.115133
0.284222 0.077799 -0.115572
0.284151 0.078062 -0.116056
0.284415 0.078205 -0.116473
0.284122 0.078549 -0.117000
0.283940 0.078853 -0.117506
0.283759 0.079156 -0.118011
0.283800 0.079380 -0.118472
0.283729 0.079643 -0.118956
0.283214 0.080067 -0.119526
0.282809 0.080452 -0.120075
0.281292 0.081239 -0.120842
0.280887 0.081623 -0.121391
0.276286 0.084701 -0.125117
0.329546 0.065967 -0.116160
0.330222 0.065951 -0.116501
0.330583 0.066054 -0.116902
0.330526 0.066317 -0.117381
0.330365 0.066619 -0.117879
0.330308 0.066882 -0.118358
0.329520 0.067423 -0.118975
0.328627 0.068003 -0.119612
0.328361 0.068345 -0.120130
0.263964 0.091975 -0.133183
0.264353 0.092073 -0.133576
0.263797 0.092510 -0.134156
0.263124 0.092989 -0.134758
0.263159 0.093215 -0.135221
0.262722 0.093609 -0.135777
0.262284 0.094004 -0.136333
0.261847 0.094398 -0.136889
0.261646 0.094708 -0.137398
0.261562 0.094976 -0.137884
0.261007 0.095413 -0.138464
0.259863 0.096061 -0.139159
0.258364 0.096837 -0.139924
0.258752 0.096935 -0.140318
0.259023 0.097076 -0.140734
0.258939 0.097343 -0.141220
0.258974 0.097568 -0.141683
0.259008 0.097794 -0.142146
0.259160 0.097977 -0.142586
0.259313 0.098160 -0.143025
0.259111 0.098469 -0.143535
0.259146 0.098695 -0.143998
0.259180 0.098920 -0.144461
0.259215 0.099145 -0.144924
0.259131 0.099413 -0.145410
0.258930 0.099723 -0.145919
0.259082 0.099906 -0.146359
0.258999 0.100173 -0.146845
0.258680 0.100525 -0.147378
0.258478 0.100835 -0.147887
0.258513 0.101061 -0.148350
0.257014 0.101836 -0.149115
0.257284 0.101977 -0.149532
0.257319 0.102202 -0.149995
0.194043 0.062662 -0.037981
0.195074 0.062534 -0.038245
0.195728 0.062539 -0.038585
0.196257 0.062589 -0.038949
0.196786 0.062638 -0.039314
0.197315 0.062688 -0.039679
0.197593 0.062826 -0.040093
0.197745 0.063009 -0.040533
0.198023 0.063148 -0.040948
0.197924 0.063420 -0.041437
0.198202 0.063558 -0.041852
0.198480 0.063697 -0.042267
0.198884 0.063791 -0.042656
0.199162 0.063929 -0.043071
0.199314 0.064112 -0.043511
0.199341 0.064340 -0.043975
0.199744 0.064434 -0.044365
0.200022 0.064572 -0.044780
0.200049 0.064800 -0.045244
0.199574 0.065205 -0.045809
0.199224 0.065565 -0.046349
0.199125 0.065837 -0.046839
0.198901 0.066153 -0.047353
0.198829 0.066652 -0.048308
0.204710 0.068835 -0.055597
0.205239 0.068884 -0.055961
0.206144 0.068801 -0.056251
0.206547 0.068895 -0.056640
0.207076 0.068945 -0.057005
0.207605 0.068994 -0.057370
0.207758 0.069177 -0.057809
0.208035 0.069316 -0.058224
0.208188 0.069499 -0.058664
0.207713 0.069904 -0.059229
0.208618 0.069820 -0.059518
0.209147 0.069870 -0.059883
0.209174 0.070097 -0.060347
0.209326 0.070280 -0.060787
0.209730 0.070374 -0.061177
0.209882 0.070557 -0.061616
0.209909 0.070785 -0.062081
0.211298 0.071477 -0.064155
0.211451 0.071660 -0.064594
0.211352 0.071932 -0.065084
0.212517 0.072941 -0.067672
0.212419 0.073212 -0.068162
0.212320 0.073484 -0.068651
0.212849 0.073534 -0.069016
0.210679 0.076197 -0.073209
0.214523 0.085495 -0.093595
0.215680 0.085323 -0.093834
0.276132 0.078409 -0.111014
0.276521 0.078507 -0.111407
0.276909 0.078605 -0.111801
0.279841 0.078259 -0.112634
0.280550 0.078240 -0.112965
0.281148 0.078262 -0.113318
0.281411 0.078404 -0.113735
0.281201 0.079195 -0.115185
0.281687 0.079257 -0.115560
0.281394 0.079601 -0.116086
0.283327 0.079139 -0.116177
0.283368 0.079362 -0.116639
0.281629 0.080231 -0.117449
0.281336 0.080575 -0.117976
0.283158 0.080153 -0.118089
0.283087 0.080417 -0.118572
0.281904 0.081084 -0.119273
0.281834 0.081347 -0.119756
0.281652 0.081651 -0.120261
0.281137 0.082076 -0.120832
0.275967 0.084648 -0.123259
0.275009 0.085705 -0.124857
0.275162 0.085888 -0.125297
0.271526 0.088145 -0.127892
0.330130 0.066985 -0.116956
0.329759 0.067367 -0.117494
0.268564 0.089922 -0.129885
0.268598 0.090147 -0.130348
0.266746 0.091051 -0.131182
0.263867 0.092560 -0.132689
0.264255 0.092658 -0.133082
0.264172 0.092926 -0.133569
0.263499 0.093406 -0.134171
0.263298 0.093716 -0.134680
0.262860 0.094110 -0.135236
0.262423 0.094505 -0.135792
0.262104 0.094857 -0.136325
0.261902 0.095167 -0.136834
0.261583 0.095520 -0.137367
0.261264 0.095872 -0.137899
0.260827 0.096267 -0.138455
0.258385 0.097382 -0.139406
0.258891 0.097438 -0.139776
0.259043 0.097621 -0.140216
0.259078 0.097846 -0.140679
0.259112 0.098071 -0.141142
0.259029 0.098339 -0.141628
0.259063 0.098564 -0.142091
0.259216 0.098747 -0.142530
0.259250 0.098972 -0.142993
0.259049 0.099282 -0.143503
0.259083 0.099508 -0.143965
0.259000 0.099775 -0.144452
0.258916 0.100043 -0.144938
0.258715 0.100353 -0.145447
0.258632 0.100621 -0.145933
0.258430 0.100931 -0.146443
0.258347 0.101198 -0.146929
0.258027 0.101551 -0.147461
0.258180 0.101734 -0.147901
0.256446 0.102595 -0.148713
0.256362 0.102862 -0.149199
0.194313 0.063135 -0.037406
0.195218 0.063051 -0.037696
0.195872 0.063056 -0.038036
0.196275 0.063149 -0.038425
0.196804 0.063199 -0.038790
0.197082 0.063337 -0.039205
0.197485 0.063431 -0.039595
0.197763 0.063570 -0.040009
0.197915 0.063753 -0.040449
0.198193 0.063891 -0.040864
0.198220 0.064118 -0.041329
0.198372 0.064301 -0.041768
0.198525 0.064484 -0.042208
0.198677 0.064667 -0.042648
0.198955 0.064806 -0.043062
0.198982 0.065033 -0.043527
0.199260 0.065172 -0.043942
0.198785 0.065577 -0.044506
0.199439 0.065582 -0.044846
0.198839 0.066032 -0.045435
0.198489 0.066393 -0.045975
0.206994 0.069775 -0.056973
0.207021 0.070002 -0.057437
0.207299 0.070140 -0.057852
0.207577 0.070279 -0.058267
0.213108 0.086091 -0.092416
0.213511 0.086185 -0.092805
0.214291 0.086145 -0.093120
0.214819 0.086195 -0.093485
0.215348 0.086244 -0.093850
0.215877 0.086294 -0.094215
0.216531 0.086299 -0.094555
0.216684 0.086481 -0.094994
0.276610 0.079494 -0.111819
0.276998 0.079593 -0.112212
0.277386 0.079691 -0.112605
0.277421 0.079916 -0.113068
0.277691 0.080057 -0.113484
0.278197 0.080112 -0.113854
0.280448 0.080011 -0.114822
0.281268 0.079951 -0.115132
0.281532 0.080094 -0.115549
0.281573 0.080317 -0.116011
0.281614 0.080541 -0.116472
0.281655 0.080764 -0.116934
0.281807 0.080947 -0.117373
0.281515 0.081291 -0.117900
0.281556 0.081515 -0.118362
0.281374 0.081819 -0.118867
0.281415 0.082042 -0.119328
0.281568 0.082225 -0.119768
0.278714 0.083492 -0.120798
0.278749 0.083718 -0.121261
0.274843 0.085835 -0.123439
0.271512 0.088459 -0.126913
0.271075 0.088854 -0.127469
0.270166 0.089419 -0.128117
0.268904 0.090111 -0.128836
0.268702 0.090421 -0.129345
0.266732 0.091367 -0.130203
0.263971 0.092835 -0.131686
0.264006 0.093061 -0.132149
0.264276 0.093201 -0.132565
0.264193 0.093469 -0.133051
0.263873 0.093821 -0.133584
0.263436 0.094216 -0.134140
0.263235 0.094527 -0.134649
0.262562 0.095006 -0.135251
0.262360 0.095316 -0.135760
0.261923 0.095711 -0.136316
0.261958 0.095937 -0.136779
0.261167 0.096459 -0.137405
0.261201 0.096684 -0.137867
0.258406 0.097927 -0.138888
0.259030 0.097941 -0.139234
0.259182 0.098123 -0.139674
0.258981 0.098434 -0.140183
0.259015 0.098659 -0.140646
0.259050 0.098884 -0.141109
0.259084 0.099110 -0.141572
0.259119 0.099335 -0.142035
0.259153 0.099560 -0.142498
0.258952 0.099870 -0.143007
0.258986 0.100096 -0.143470
0.258903 0.100364 -0.143956
0.258701 0.100674 -0.144466
0.258500 0.100984 -0.144975
0.258299 0.101294 -0.145484
0.258097 0.101604 -0.145994
0.258132 0.101829 -0.146457
0.257695 0.102224 -0.147012
0.257611 0.102492 -0.147498
0.256349 0.103184 -0.148217
0.256029 0.103536 -0.148749
0.194053 0.063559 -0.036467
0.194833 0.063518 -0.036782
0.195361 0.063568 -0.037147
0.195890 0.063617 -0.037512
0.196419 0.063666 -0.037877
0.196697 0.063804 -0.038291
0.196974 0.063943 -0.038706
0.197252 0.064081 -0.039121
0.197530 0.064219 -0.039536
0.197431 0.064491 -0.040025
0.197960 0.064541 -0.040390
0.198112 0.064724 -0.040830
0.198265 0.064906 -0.041269
0.198543 0.065045 -0.041684
0.197942 0.065495 -0.042273
0.198220 0.065634 -0.042688
0.197745 0.066040 -0.043252
0.198400 0.066044 -0.043592
0.198301 0.066316 -0.044082
0.199081 0.066276 -0.044397
0.198230 0.066816 -0.045036
0.211039 0.086684 -0.090896
0.212347 0.086693 -0.091576
0.213001 0.086698 -0.091916
0.213530 0.086747 -0.092281
0.214058 0.086796 -0.092646
0.214712 0.086801 -0.092986
0.215116 0.086895 -0.093376
0.215644 0.086944 -0.093741
0.216424 0.086904 -0.094056
0.216701 0.087042 -0.094471
0.216979 0.087180 -0.094885
0.217382 0.087274 -0.095275
0.217409 0.087502 -0.095740
0.217687 0.087640 -0.096155
0.217589 0.087912 -0.096644
0.276817 0.080439 -0.112206
0.277088 0.080580 -0.112623
0.277712 0.080593 -0.112970
0.277864 0.080776 -0.113409
0.278252 0.080874 -0.113803
0.277849 0.081495 -0.114821
0.278355 0.081550 -0.115191
0.278508 0.081733 -0.115631
0.278542 0.081959 -0.116094
0.278459 0.082226 -0.116580
0.278611 0.082409 -0.117020
0.278882 0.082550 -0.117436
0.278326 0.082987 -0.118015
0.278715 0.083085 -0.118408
0.278042 0.083565 -0.119010
0.278430 0.083664 -0.119404
0.278582 0.083846 -0.119843
0.278852 0.083987 -0.120260
0.278769 0.084255 -0.120746
0.274004 0.086446 -0.122623
0.274510 0.086501 -0.122993
0.272304 0.087533 -0.123897
0.271985 0.087886 -0.124429
0.270992 0.088718 -0.125564
0.270555 0.089114 -0.126120
0.270708 0.089296 -0.126559
0.270624 0.089564 -0.127045
0.268300 0.090638 -0.127972
0.268689 0.090737 -0.128366
0.265304 0.092193 -0.129501
0.265456 0.092376 -0.129941
0.263958 0.093153 -0.130706
0.264228 0.093293 -0.131122
0.264380 0.093476 -0.131562
0.264533 0.093659 -0.132001
0.264331 0.093969 -0.132511
0.264012 0.094322 -0.133043
0.263575 0.094717 -0.133599
0.263373 0.095028 -0.134108
0.262936 0.095423 -0.134664
0.262617 0.095775 -0.135196
0.262298 0.096128 -0.135729
0.261743 0.096566 -0.136308
0.261305 0.096961 -0.136863
0.261340 0.097186 -0.137326
0.258780 0.098345 -0.138300
0.258933 0.098528 -0.138739
0.259203 0.098669 -0.139156
0.258884 0.099021 -0.139688
0.259036 0.099204 -0.140128
0.258953 0.099472 -0.140614
0.258987 0.099698 -0.141077
0.259022 0.099923 -0.141540
0.259056 0.100148 -0.142003
0.258973 0.100416 -0.142489
0.259007 0.100641 -0.142952
0.258924 0.100909 -0.143438
0.258604 0.101262 -0.143970
0.258403 0.101572 -0.144479
0.258202 0.101883 -0.144989
0.257882 0.102235 -0.145521
0.257799 0.102503 -0.146007
0.257480 0.102856 -0.146540
0.257278 0.103166 -0.147049
0.256016 0.103858 -0.147767
0.256050 0.104084 -0.148230
0.253962 0.105073 -0.149111
0.254350 0.105171 -0.149504
0.254621 0.105311 -0.149920
0.253948 0.105792 -0.150522
0.194197 0.064076 -0.035917
0.194851 0.064080 -0.036257
0.195505 0.064085 -0.036597
0.195908 0.064178 -0.036987
0.196311 0.064272 -0.037377
0.196715 0.064365 -0.037767
0.196992 0.064504 -0.038182
0.197019 0.064731 -0.038647
0.197297 0.064869 -0.039062
0.197449 0.065052 -0.039501
0.197476 0.065280 -0.039966
0.197629 0.065463 -0.040405
0.197781 0.065646 -0.040845
0.197934 0.065829 -0.041285
0.197961 0.066056 -0.041749
0.197361 0.066508 -0.042338
0.212518 0.087439 -0.091490
0.213172 0.087443 -0.091831
0.213826 0.087448 -0.092171
0.214229 0.087541 -0.092561
0.214883 0.087545 -0.092901
0.215286 0.087639 -0.093291
0.215940 0.087643 -0.093631
0.216343 0.087737 -0.094021
0.216746 0.087830 -0.094411
0.217275 0.087879 -0.094776
0.217553 0.088017 -0.095191
0.217830 0.088156 -0.095606
0.218108 0.088294 -0.096021
0.218386 0.088432 -0.096436
0.218664 0.088570 -0.096851
0.275998 0.081992 -0.113266
0.276504 0.082048 -0.113636
0.277398 0.082201 -0.114399
0.278022 0.082214 -0.114746
0.278410 0.082312 -0.115140
0.278563 0.082495 -0.115579
0.278597 0.082721 -0.116042
0.278632 0.082946 -0.116505
0.278784 0.083129 -0.116945
0.278701 0.083397 -0.117431
0.278853 0.083580 -0.117870
0.274343 0.086632 -0.121575
0.274496 0.086815 -0.122015
0.270910 0.088582 -0.123659
0.271416 0.088638 -0.124029
0.271214 0.088948 -0.124539
0.269161 0.090164 -0.125882
0.268960 0.090474 -0.126391
0.268876 0.090742 -0.126877
0.267496 0.091477 -0.127618
0.267648 0.091660 -0.128058
0.266032 0.092480 -0.128845
0.264062 0.093428 -0.129702
0.264332 0.093568 -0.130119
0.264602 0.093709 -0.130535
0.264519 0.093977 -0.131021
0.264553 0.094202 -0.131484
0.264470 0.094470 -0.131970
0.264151 0.094823 -0.132502
0.263713 0.095218 -0.133058
0.263512 0.095528 -0.133567
0.263311 0.095839 -0.134077
0.262638 0.096319 -0.134679
0.262908 0.096460 -0.135095
0.261646 0.097152 -0.135813
0.261326 0.097505 -0.136345
0.261243 0.097773 -0.136831
0.259037 0.098806 -0.137735
0.259071 0.099031 -0.138198
0.259106 0.099256 -0.138661
0.258905 0.099567 -0.139170
0.258821 0.099835 -0.139656
0.258974 0.100018 -0.140095
0.258890 0.100286 -0.140582
0.259042 0.100469 -0.141021
0.259077 0.100694 -0.141484
0.258993 0.100962 -0.141970
0.259028 0.101187 -0.142433
0.258944 0.101455 -0.142919
0.258507 0.101851 -0.143475
0.258306 0.102161 -0.143984
0.258105 0.102471 -0.144493
0.257903 0.102782 -0.145002
0.257702 0.103092 -0.145512
0.257265 0.103487 -0.146067
0.256945 0.103840 -0.146600
0.256272 0.104321 -0.147202
0.255364 0.104886 -0.147850
0.254573 0.105409 -0.148475
0.255079 0.105464 -0.148845
0.255231 0.105647 -0.149285
0.255148 0.105915 -0.149771
0.254828 0.106268 -0.150303
0.192936 0.064859 -0.035176
0.194216 0.064639 -0.035392
0.194995 0.064598 -0.035708
0.195524 0.064646 -0.036073
0.195927 0.064740 -0.036463
0.196330 0.064833 -0.036853
0.196607 0.064971 -0.037268
0.197010 0.065065 -0.037658
0.197037 0.065292 -0.038123
0.197190 0.065475 -0.038562
0.197342 0.065658 -0.039002
0.197244 0.065931 -0.039491
0.197146 0.066203 -0.039981
0.197298 0.066386 -0.040420
0.197450 0.066569 -0.040860
0.213218 0.088234 -0.091770
0.213746 0.088283 -0.092135
0.214400 0.088286 -0.092476
0.215054 0.088290 -0.092816
0.215457 0.088384 -0.093206
0.215985 0.088432 -0.093572
0.216514 0.088481 -0.093937
0.216917 0.088574 -0.094327
0.217320 0.088668 -0.094717
0.217472 0.088851 -0.095157
0.218000 0.088899 -0.095522
0.218404 0.088993 -0.095912
0.218807 0.089086 -0.096302
0.221296 0.089146 -0.097689
0.221950 0.089150 -0.098029
0.222478 0.089199 -0.098395
0.223007 0.089247 -0.098760
0.272211 0.083665 -0.113029
0.273872 0.086396 -0.119278
0.273553 0.086749 -0.119810
0.274295 0.086719 -0.120134
0.274212 0.086987 -0.120620
0.274364 0.087170 -0.121059
0.274045 0.087523 -0.121592
0.272428 0.088344 -0.122379
0.269786 0.089773 -0.123838
0.268877 0.090339 -0.124486
0.269147 0.090479 -0.124902
0.269064 0.090747 -0.125388
0.267801 0.091440 -0.126106
0.267953 0.091623 -0.126546
0.267516 0.092019 -0.127101
0.266372 0.092669 -0.127796
0.265581 0.093192 -0.128421
0.264436 0.093843 -0.129115
0.264589 0.094026 -0.129555
0.264741 0.094209 -0.129995
0.264658 0.094477 -0.130481
0.264692 0.094702 -0.130943
0.264491 0.095013 -0.131453
0.264053 0.095408 -0.132008
0.263852 0.095719 -0.132517
0.263533 0.096072 -0.133050
0.263096 0.096467 -0.133605
0.262894 0.096778 -0.134114
0.262811 0.097046 -0.134600
0.261784 0.097654 -0.135272
0.261583 0.097965 -0.135781
0.258788 0.099211 -0.136800
0.259176 0.099308 -0.137193
0.259210 0.099534 -0.137656
0.259127 0.099802 -0.138142
0.259043 0.100070 -0.138628
0.258960 0.100338 -0.139114
0.258994 0.100563 -0.139577
0.258911 0.100831 -0.140063
0.258945 0.101057 -0.140526
0.258980 0.101282 -0.140989
0.258896 0.101550 -0.141475
0.259049 0.101733 -0.141914
0.258965 0.102001 -0.142400
0.258528 0.102397 -0.142956
0.258445 0.102665 -0.143442
0.258243 0.102975 -0.143951
0.257806 0.103371 -0.144507
0.257605 0.103681 -0.145016
0.257286 0.104034 -0.145548
0.256731 0.104472 -0.146127
0.256293 0.104868 -0.146682
0.256210 0.105136 -0.147168
0.255183 0.105744 -0.147840
0.255218 0.105969 -0.148303
0.255488 0.106110 -0.148719
0.255522 0.106335 -0.149182
0.255085 0.106731 -0.149737
0.253587 0.107509 -0.150501
0.251381 0.108542 -0.151405
0.193080 0.065377 -0.034626
0.194110 0.065246 -0.034892
0.194889 0.065205 -0.035208
0.195542 0.065208 -0.035549
0.195945 0.065302 -0.035939
0.196223 0.065440 -0.036354
0.196500 0.065578 -0.036769
0.196778 0.065716 -0.037183
0.196805 0.065944 -0.037648
0.197083 0.066082 -0.038063
0.196859 0.066399 -0.038577
0.196886 0.066627 -0.039041
0.196788 0.066900 -0.039530
0.196565 0.067217 -0.040044
0.212888 0.089159 -0.091784
0.213918 0.089028 -0.092050
0.214446 0.089077 -0.092416
0.214849 0.089170 -0.092806
0.215502 0.089173 -0.093146
0.216031 0.089222 -0.093512
0.216183 0.089405 -0.093951
0.216586 0.089498 -0.094342
0.216765 0.089909 -0.095246
0.217920 0.089733 -0.095487
0.218574 0.089736 -0.095828
0.220910 0.089612 -0.096776
0.221814 0.089526 -0.097067
0.222593 0.089484 -0.097383
0.223121 0.089533 -0.097748
0.223650 0.089581 -0.098114
0.224053 0.089674 -0.098504
0.224330 0.089812 -0.098919
0.224608 0.089950 -0.099334
0.225011 0.090044 -0.099724
0.271996 0.084289 -0.112560
0.272620 0.084301 -0.112907
0.273077 0.084850 -0.114226
0.273465 0.084948 -0.114620
0.273499 0.085173 -0.115082
0.273534 0.085399 -0.115545
0.273804 0.085539 -0.115962
0.273839 0.085765 -0.116425
0.274109 0.085905 -0.116841
0.274025 0.086173 -0.117327
0.274060 0.086399 -0.117790
0.274330 0.086539 -0.118207
0.274247 0.086807 -0.118692
0.273338 0.087373 -0.119341
0.273726 0.087471 -0.119734
0.273878 0.087654 -0.120174
0.272498 0.088390 -0.120914
0.272768 0.088531 -0.121331
0.269855 0.089820 -0.122372
0.268391 0.090824 -0.123599
0.268779 0.090922 -0.123992
0.269050 0.091062 -0.124409
0.267434 0.091884 -0.125196
0.267468 0.092109 -0.125659
0.267738 0.092250 -0.126075
0.264152 0.094020 -0.127719
0.264305 0.094203 -0.128158
0.264457 0.094386 -0.128598
0.264727 0.094526 -0.129014
0.264762 0.094752 -0.129477
0.264796 0.094977 -0.129940
0.264713 0.095245 -0.130426
0.264511 0.095556 -0.130935
0.264074 0.095952 -0.131491
0.263873 0.096262 -0.132000
0.263672 0.096573 -0.132509
0.262999 0.097054 -0.133111
0.262561 0.097450 -0.133666
0.262124 0.097845 -0.134222
0.261687 0.098241 -0.134777
0.261604 0.098509 -0.135263
0.258808 0.099756 -0.136281
0.259197 0.099854 -0.136675
0.259113 0.100122 -0.137161
0.259148 0.100347 -0.137624
0.259064 0.100615 -0.138110
0.258981 0.100884 -0.138596
0.259015 0.101109 -0.139058
0.259050 0.101334 -0.139521
0.259084 0.101560 -0.139984
0.259119 0.101786 -0.140447
0.258917 0.102096 -0.140956
0.258834 0.102364 -0.141442
0.258868 0.102590 -0.141905
0.258785 0.102858 -0.142391
0.258819 0.103083 -0.142854
0.258500 0.103436 -0.143386
0.258063 0.103832 -0.143941
0.257508 0.104270 -0.144520
0.257424 0.104539 -0.145006
0.257105 0.104892 -0.145538
0.256786 0.105245 -0.146070
0.256467 0.105598 -0.146603
0.255794 0.106079 -0.147204
0.255828 0.106304 -0.147667
0.255981 0.106487 -0.148107
0.255897 0.106755 -0.148593
0.255578 0.107109 -0.149125
0.253136 0.108228 -0.150074
0.253289 0.108411 -0.150514
0.250840 0.109532 -0.151465
0.194003 0.065854 -0.034392
0.194782 0.065812 -0.034708
0.195310 0.065860 -0.035073
0.195713 0.065953 -0.035464
0.196116 0.066046 -0.035854
0.196268 0.066229 -0.036294
0.196546 0.066367 -0.036708
0.196573 0.066595 -0.037173
0.196475 0.066868 -0.037662
0.196377 0.067141 -0.038151
0.196404 0.067369 -0.038615
0.196306 0.067642 -0.039104
0.182708 0.072997 -0.042726
0.183361 0.073000 -0.043067
0.213338 0.090044 -0.092113
0.214241 0.089957 -0.092404
0.214644 0.090050 -0.092795
0.214797 0.090233 -0.093234
0.215450 0.090236 -0.093575
0.215728 0.090374 -0.093990
0.221178 0.090081 -0.096203
0.222082 0.089995 -0.096495
0.222735 0.089998 -0.096836
0.223389 0.090001 -0.097177
0.223791 0.090094 -0.097567
0.224320 0.090142 -0.097932
0.224722 0.090235 -0.098323
0.224875 0.090418 -0.098762
0.225152 0.090556 -0.099177
0.225680 0.090604 -0.099543
0.226083 0.090697 -0.099933
0.226486 0.090790 -0.100324
0.227140 0.090793 -0.100664
0.227292 0.090976 -0.101104
0.227695 0.091069 -0.101494
0.273367 0.085529 -0.114127
0.272812 0.085968 -0.114706
0.273471 0.086206 -0.115516
0.273859 0.086303 -0.115909
0.273893 0.086529 -0.116372
0.273810 0.086797 -0.116858
0.273845 0.087023 -0.117321
0.274115 0.087163 -0.117737
0.273913 0.087474 -0.118246
0.272179 0.088338 -0.119056
0.269856 0.089416 -0.119982
0.270598 0.089386 -0.120306
0.270161 0.089782 -0.120861
0.270431 0.089922 -0.121278
0.270583 0.090105 -0.121717
0.270382 0.090416 -0.122226
0.267149 0.092060 -0.123800
0.265180 0.093009 -0.124656
0.265921 0.092979 -0.124980
0.265249 0.093460 -0.125581
0.264694 0.093899 -0.126160
0.264138 0.094337 -0.126738
0.264291 0.094520 -0.127178
0.264561 0.094661 -0.127595
0.264713 0.094844 -0.128034
0.264748 0.095069 -0.128497
0.264900 0.095252 -0.128937
0.264935 0.095478 -0.129400
0.264851 0.095746 -0.129886
0.264414 0.096142 -0.130441
0.264331 0.096410 -0.130927
0.263894 0.096806 -0.131482
0.263692 0.097117 -0.131991
0.263373 0.097470 -0.132523
0.262346 0.098079 -0.133194
0.262027 0.098432 -0.133727
0.261708 0.098785 -0.134259
0.261389 0.099139 -0.134791
0.258947 0.100259 -0.135740
0.259100 0.100442 -0.136179
0.259016 0.100710 -0.136665
0.259168 0.100893 -0.137105
0.258967 0.101204 -0.137614
0.259002 0.101429 -0.138077
0.259154 0.101612 -0.138517
0.259306 0.101795 -0.138956
0.259223 0.102063 -0.139442
0.259139 0.102331 -0.139928
0.258938 0.102642 -0.140437
0.258973 0.102868 -0.140900
0.258889 0.103136 -0.141386
0.259041 0.103319 -0.141826
0.259194 0.103502 -0.142265
0.259110 0.103770 -0.142751
0.258791 0.104123 -0.143284
0.258472 0.104477 -0.143816
0.257917 0.104915 -0.144394
0.257480 0.105311 -0.144950
0.257514 0.105537 -0.145412
0.256488 0.106145 -0.146083
0.256404 0.106414 -0.146569
0.256085 0.106767 -0.147102
0.256355 0.106907 -0.147518
0.256272 0.107175 -0.148004
0.255952 0.107529 -0.148536
0.255869 0.107797 -0.149022
0.255314 0.108235 -0.149601
0.193772 0.066507 -0.033916
0.194676 0.066420 -0.034207
0.195204 0.066468 -0.034573
0.195481 0.066606 -0.034988
0.195884 0.066699 -0.035379
0.195911 0.066927 -0.035843
0.196064 0.067110 -0.036283
0.196341 0.067247 -0.036698
0.195993 0.067611 -0.037236
0.195895 0.067884 -0.037725
0.189662 0.070364 -0.039422
0.189939 0.070501 -0.039837
0.189966 0.070729 -0.040301
0.182732 0.073570 -0.042195
0.183510 0.073527 -0.042511
0.183537 0.073755 -0.042976
0.183439 0.074028 -0.043465
0.177483 0.076646 -0.045577
0.177385 0.076919 -0.046066
0.177413 0.077147 -0.046530
0.214064 0.091066 -0.092857
0.215093 0.090934 -0.093124
0.215246 0.091117 -0.093564
0.221571 0.090506 -0.095606
0.222349 0.090463 -0.095923
0.223002 0.090466 -0.096264
0.223530 0.090514 -0.096630
0.224058 0.090562 -0.096995
0.224461 0.090655 -0.097386
0.224739 0.090793 -0.097801
0.225142 0.090885 -0.098191
0.225544 0.090978 -0.098582
0.225697 0.091161 -0.099021
0.226350 0.091164 -0.099362
0.226878 0.091212 -0.099728
0.227406 0.091260 -0.100094
0.227683 0.091398 -0.100509
0.227961 0.091535 -0.100924
0.228489 0.091583 -0.101290
0.229169 0.091814 -0.102095
0.229823 0.091817 -0.102436
0.230225 0.091910 -0.102826
0.230753 0.091958 -0.103192
0.268893 0.088407 -0.115902
0.269434 0.088688 -0.116735
0.269822 0.088786 -0.117128
0.269419 0.089407 -0.118146
0.270279 0.089334 -0.118447
0.270431 0.089517 -0.118887
0.270112 0.089871 -0.119419
0.270382 0.090011 -0.119836
0.270417 0.090237 -0.120298
0.270569 0.090420 -0.120738
0.269896 0.090901 -0.121340
0.269813 0.091169 -0.121826
0.265603 0.092930 -0.123121
0.265991 0.093028 -0.123514
0.265436 0.093466 -0.124092
0.265235 0.093777 -0.124601
0.264680 0.094216 -0.125180
0.264832 0.094399 -0.125619
0.264749 0.094667 -0.126105
0.264665 0.094935 -0.126591
0.264700 0.095161 -0.127054
0.264852 0.095344 -0.127494
0.265004 0.095527 -0.127933
0.265039 0.095752 -0.128396
0.264838 0.096063 -0.128905
0.264754 0.096332 -0.129391
0.264317 0.096728 -0.129946
0.264234 0.096996 -0.130432
0.263914 0.097349 -0.130965
0.263831 0.097618 -0.131450
0.263512 0.097971 -0.131983
0.262839 0.098452 -0.132584
0.262166 0.098934 -0.133186
0.261611 0.099373 -0.133764
0.258698 0.100664 -0.134805
0.259086 0.100762 -0.135198
0.259002 0.101030 -0.135684
0.259155 0.101213 -0.136124
0.259189 0.101439 -0.136586
0.258988 0.101749 -0.137096
0.259140 0.101932 -0.137535
0.259293 0.102115 -0.137975
0.259445 0.102298 -0.138415
0.259480 0.102524 -0.138877
0.259514 0.102749 -0.139340
0.259313 0.103060 -0.139849
0.259229 0.103329 -0.140335
0.259264 0.103554 -0.140798
0.259298 0.103780 -0.141261
0.259568 0.103920 -0.141677
0.259721 0.104103 -0.142117
0.259755 0.104329 -0.142580
0.259436 0.104682 -0.143112
0.259588 0.104865 -0.143552
0.259387 0.105176 -0.144061
0.257653 0.106041 -0.144870
0.258547 0.106194 -0.145634
0.259559 0.106304 -0.146375
0.256528 0.107638 -0.147438
0.256445 0.107906 -0.147924
0.256597 0.108089 -0.148364
0.256514 0.108357 -0.148850
0.256077 0.108753 -0.149405
0.255758 0.109107 -0.149937
0.193541 0.067161 -0.033439
0.194444 0.067073 -0.033731
0.194972 0.067121 -0.034097
0.195375 0.067214 -0.034488
0.195653 0.067351 -0.034903
0.195805 0.067534 -0.035343
0.195832 0.067762 -0.035807
0.195859 0.067990 -0.036271
0.189754 0.070430 -0.037941
0.190031 0.070568 -0.038356
0.190183 0.070751 -0.038795
0.189960 0.071069 -0.039309
0.189737 0.071387 -0.039822
0.182630 0.074188 -0.041689
0.183283 0.074190 -0.042030
0.183435 0.074373 -0.042470
0.183588 0.074556 -0.042909
0.177384 0.077268 -0.045068
0.177536 0.077451 -0.045508
0.208011 0.092154 -0.090238
0.221588 0.091065 -0.095083
0.222491 0.090977 -0.095376
0.223144 0.090980 -0.095717
0.223797 0.090982 -0.096058
0.224200 0.091075 -0.096449
0.224728 0.091122 -0.096814
0.225005 0.091260 -0.097230
0.225283 0.091398 -0.097645
0.225686 0.091491 -0.098035
0.226088 0.091583 -0.098426
0.226616 0.091631 -0.098791
0.227144 0.091678 -0.099157
0.227547 0.091771 -0.099548
0.227824 0.091909 -0.099963
0.228102 0.092047 -0.100378
0.228630 0.092094 -0.100744
0.228907 0.092232 -0.101159
0.229435 0.092280 -0.101525
0.230088 0.092282 -0.101866
0.230616 0.092330 -0.102232
0.230894 0.092467 -0.102647
0.231421 0.092515 -0.103013
0.231699 0.092653 -0.103428
0.231851 0.092836 -0.103868
0.232129 0.092973 -0.104283
0.232406 0.093111 -0.104698
0.232684 0.093249 -0.105113
0.269690 0.089143 -0.116172
0.269843 0.089326 -0.116612
0.269995 0.089509 -0.117052
0.270029 0.089734 -0.117514
0.270182 0.089917 -0.117954
0.270216 0.090143 -0.118417
0.266699 0.092369 -0.120984
0.266616 0.092637 -0.121470
0.263501 0.094240 -0.123019
0.264008 0.094295 -0.123390
0.264632 0.094308 -0.123737
0.264784 0.094490 -0.124177
0.264818 0.094716 -0.124639
0.264971 0.094899 -0.125079
0.265123 0.095082 -0.125519
0.265158 0.095308 -0.125982
0.265074 0.095576 -0.126467
0.265226 0.095759 -0.126907
0.265143 0.096027 -0.127393
0.265060 0.096295 -0.127879
0.264858 0.096606 -0.128388
0.264657 0.096917 -0.128897
0.264220 0.097314 -0.129452
0.264254 0.097539 -0.129915
0.263935 0.097893 -0.130447
0.263852 0.098161 -0.130933
0.263532 0.098515 -0.131465
0.263331 0.098826 -0.131974
0.261833 0.099606 -0.132737
0.258566 0.101027 -0.133846
0.258836 0.101167 -0.134263
0.259107 0.101308 -0.134680
0.259023 0.101576 -0.135165
0.259294 0.101716 -0.135582
0.259328 0.101942 -0.136045
0.259363 0.102167 -0.136508
0.259279 0.102436 -0.136993
0.259431 0.102619 -0.137433
0.259702 0.102759 -0.137850
0.259854 0.102942 -0.138289
0.259653 0.103253 -0.138798
0.259805 0.103436 -0.139238
0.259722 0.103704 -0.139724
0.259756 0.103930 -0.140187
0.259791 0.104155 -0.140649
0.260061 0.104295 -0.141066
0.260095 0.104521 -0.141529
0.260366 0.104661 -0.141945
0.260400 0.104887 -0.142408
0.260317 0.105155 -0.142894
0.260351 0.105381 -0.143357
0.260386 0.105606 -0.143820
0.260302 0.105875 -0.144306
0.260337 0.106100 -0.144768
0.260489 0.106283 -0.145208
0.260288 0.106594 -0.145717
0.260440 0.106777 -0.146157
0.260475 0.107003 -0.146619
0.257950 0.108393 -0.148053
0.257346 0.109326 -0.149580
0.193838 0.067863 -0.033329
0.194616 0.067820 -0.033646
0.195019 0.067912 -0.034036
0.195296 0.068050 -0.034451
0.195323 0.068278 -0.034916
0.195225 0.068551 -0.035404
0.189497 0.070860 -0.036998
0.189900 0.070952 -0.037388
0.190177 0.071090 -0.037804
0.190079 0.071363 -0.038292
0.189606 0.071772 -0.038855
0.189508 0.072046 -0.039343
0.182654 0.074761 -0.041158
0.183182 0.074808 -0.041524
0.183084 0.075081 -0.042013
0.183111 0.075309 -0.042477
0.205948 0.092761 -0.088710
0.206851 0.092672 -0.089003
0.207379 0.092720 -0.089369
0.208032 0.092722 -0.089710
0.208434 0.092814 -0.090101
0.221078 0.091577 -0.094194
0.221730 0.091579 -0.094536
0.222634 0.091491 -0.094828
0.223286 0.091493 -0.095170
0.223689 0.091585 -0.095560
0.224217 0.091633 -0.095926
0.224744 0.091680 -0.096292
0.225147 0.091773 -0.096683
0.225550 0.091865 -0.097074
0.225952 0.091958 -0.097464
0.226355 0.092050 -0.097855
0.226883 0.092097 -0.098221
0.227410 0.092145 -0.098587
0.227813 0.092237 -0.098977
0.227965 0.092420 -0.099417
0.228368 0.092513 -0.099808
0.228645 0.092650 -0.100223
0.229048 0.092743 -0.100613
0.229451 0.092835 -0.101004
0.230229 0.092792 -0.101321
0.230631 0.092885 -0.101711
0.231159 0.092932 -0.102078
0.231562 0.093024 -0.102468
0.231839 0.093162 -0.102883
0.232242 0.093255 -0.103274
0.232519 0.093392 -0.103689
0.232671 0.093575 -0.104129
0.233074 0.093668 -0.104519
0.233101 0.093896 -0.104983
0.233379 0.094034 -0.105399
0.233531 0.094217 -0.105838
0.266533 0.092502 -0.119565
0.267039 0.092557 -0.119935
0.266838 0.092868 -0.120444
0.266990 0.093051 -0.120884
0.266317 0.093533 -0.121485
0.264348 0.094484 -0.122340
0.264382 0.094710 -0.122803
0.264534 0.094893 -0.123243
0.264805 0.095033 -0.123659
0.264957 0.095216 -0.124099
0.264874 0.095485 -0.124585
0.265144 0.095625 -0.125001
0.265296 0.095808 -0.125441
0.265331 0.096033 -0.125904
0.265247 0.096302 -0.126390
0.265164 0.096570 -0.126876
0.264962 0.096881 -0.127384
0.264879 0.097150 -0.127870
0.264678 0.097461 -0.128379
0.264359 0.097815 -0.128911
0.264157 0.098126 -0.129420
0.263956 0.098437 -0.129929
0.263872 0.098705 -0.130415
0.263553 0.099059 -0.130947
0.263470 0.099327 -0.131433
0.259260 0.101091 -0.132727
0.259648 0.101188 -0.133120
0.259211 0.101585 -0.133675
0.259363 0.101768 -0.134115
0.259280 0.102036 -0.134601
0.259314 0.102262 -0.135063
0.259585 0.102402 -0.135480
0.259737 0.102585 -0.135920
0.259889 0.102768 -0.136359
0.259924 0.102994 -0.136822
0.259958 0.103219 -0.137285
0.260111 0.103402 -0.137725
0.260381 0.103542 -0.138141
0.260180 0.103853 -0.138650
0.260332 0.104036 -0.139090
0.260367 0.104262 -0.139553
0.260519 0.104445 -0.139992
0.260553 0.104671 -0.140455
0.260706 0.104854 -0.140895
0.260858 0.105037 -0.141334
0.260893 0.105262 -0.141797
0.260927 0.105488 -0.142260
0.261197 0.105628 -0.142676
0.261232 0.105854 -0.143139
0.261266 0.106079 -0.143602
0.261183 0.106348 -0.144088
0.261099 0.106616 -0.144574
0.261252 0.106799 -0.145013
0.261050 0.107110 -0.145522
0.261203 0.107293 -0.145962
0.261237 0.107519 -0.146425
0.261272 0.107744 -0.146887
0.260717 0.108184 -0.147466
0.193760 0.068700 -0.033292
0.194287 0.068747 -0.033658
0.194565 0.068885 -0.034073
0.194717 0.069068 -0.034513
0.189116 0.071335 -0.036079
0.189644 0.071382 -0.036445
0.189921 0.071520 -0.036861
0.189948 0.071748 -0.037325
0.189851 0.072021 -0.037813
0.189753 0.072295 -0.038302
0.189405 0.072659 -0.038840
0.182553 0.075379 -0.040651
0.182955 0.075471 -0.041042
0.182983 0.075700 -0.041506
0.182760 0.076019 -0.042019
0.205970 0.093329 -0.088182
0.206748 0.093286 -0.088499
0.207400 0.093288 -0.088841
0.207928 0.093335 -0.089207
0.221220 0.092092 -0.093647
0.221998 0.092048 -0.093964
0.222651 0.092050 -0.094305
0.223303 0.092052 -0.094647
0.223831 0.092099 -0.095013
0.224358 0.092146 -0.095380
0.224886 0.092193 -0.095746
0.225164 0.092330 -0.096161
0.225691 0.092377 -0.096527
0.226094 0.092470 -0.096918
0.226371 0.092607 -0.097333
0.227024 0.092609 -0.097675
0.227676 0.092611 -0.098016
0.227954 0.092748 -0.098432
0.228231 0.092886 -0.098847
0.228509 0.093024 -0.099262
0.228911 0.093116 -0.099653
0.229439 0.093163 -0.100019
0.229967 0.093210 -0.100385
0.230369 0.093302 -0.100776
0.230897 0.093349 -0.101142
0.231299 0.093442 -0.101533
0.231702 0.093534 -0.101923
0.232104 0.093626 -0.102314
0.232507 0.093719 -0.102705
0.232784 0.093856 -0.103120
0.232937 0.094039 -0.103559
0.233339 0.094132 -0.103950
0.233617 0.094269 -0.104365
0.233519 0.094543 -0.104854
0.233796 0.094680 -0.105269
0.234074 0.094818 -0.105684
0.234101 0.095046 -0.106149
0.252002 0.093081 -0.111566
0.252626 0.093093 -0.111914
0.257784 0.092651 -0.113721
0.258762 0.092535 -0.114000
0.259150 0.092632 -0.114393
0.259926 0.092827 -0.115180
0.260786 0.092754 -0.115481
0.261056 0.092894 -0.115898
0.261208 0.093077 -0.116338
0.261479 0.093217 -0.116754
0.261783 0.093583 -0.117634
0.262206 0.093906 -0.118490
0.262712 0.093961 -0.118860
0.266942 0.093141 -0.119441
0.263675 0.094564 -0.120550
0.263946 0.094704 -0.120967
0.264098 0.094887 -0.121406
0.264486 0.094985 -0.121800
0.264521 0.095210 -0.122263
0.264791 0.095350 -0.122679
0.264943 0.095533 -0.123119
0.265096 0.095716 -0.123559
0.264776 0.096070 -0.124091
0.264929 0.096253 -0.124530
0.265081 0.096436 -0.124970
0.265116 0.096662 -0.125433
0.264914 0.096973 -0.125941
0.265067 0.097156 -0.126381
0.264747 0.097510 -0.126913
0.264664 0.097778 -0.127399
0.264581 0.098047 -0.127885
0.264261 0.098401 -0.128417
0.264178 0.098669 -0.128902
0.263977 0.098981 -0.129411
0.263893 0.099249 -0.129897
0.263338 0.099688 -0.130475
0.261251 0.100684 -0.131353
0.259870 0.101423 -0.132093
0.259905 0.101648 -0.132555
0.259939 0.101874 -0.133018
0.259738 0.102185 -0.133527
0.259772 0.102411 -0.133990
0.259807 0.102637 -0.134453
0.259959 0.102820 -0.134892
0.260112 0.103002 -0.135332
0.260264 0.103185 -0.135772
0.260534 0.103326 -0.136188
0.260569 0.103551 -0.136651
0.260721 0.103734 -0.137091
0.260991 0.103874 -0.137507
0.261026 0.104100 -0.137970
0.261178 0.104283 -0.138410
0.261331 0.104466 -0.138849
0.261483 0.104649 -0.139289
0.261517 0.104875 -0.139752
0.261906 0.104972 -0.140145
0.261822 0.105241 -0.140631
0.261857 0.105466 -0.141094
0.262009 0.105649 -0.141534
0.261926 0.105918 -0.142019
0.262078 0.106101 -0.142459
0.261877 0.106412 -0.142968
0.262029 0.106595 -0.143408
0.262063 0.106820 -0.143870
0.261980 0.107089 -0.144356
0.262132 0.107272 -0.144796
0.261813 0.107626 -0.145328
0.261848 0.107851 -0.145790
0.261882 0.108077 -0.146253
0.261917 0.108303 -0.146716
0.261597 0.108657 -0.147248
0.261514 0.108925 -0.147734
0.260605 0.109493 -0.148381
0.193682 0.069538 -0.033254
0.193959 0.069676 -0.033670
0.188860 0.071765 -0.035136
0.189262 0.071858 -0.035527
0.189665 0.071950 -0.035918
0.189692 0.072178 -0.036382
0.189845 0.072361 -0.036821
0.189872 0.072589 -0.037285
0.189774 0.072863 -0.037774
0.189301 0.073273 -0.038336
0.182577 0.075953 -0.040120
0.182729 0.076136 -0.040560
0.182882 0.076318 -0.040999
0.182409 0.076728 -0.041561
0.205089 0.093988 -0.087360
0.205867 0.093944 -0.087678
0.206519 0.093945 -0.088020
0.207047 0.093992 -0.088386
0.207574 0.094039 -0.088752
0.221113 0.092697 -0.093148
0.222015 0.092608 -0.093441
0.222793 0.092564 -0.093758
0.223320 0.092610 -0.094124
0.223848 0.092657 -0.094491
0.224375 0.092704 -0.094857
0.224903 0.092751 -0.095223
0.225305 0.092843 -0.095614
0.225708 0.092935 -0.096005
0.226235 0.092982 -0.096371
0.226387 0.093165 -0.096811
0.227040 0.093166 -0.097153
0.227817 0.093122 -0.097470
0.228220 0.093214 -0.097861
0.228497 0.093352 -0.098276
0.228775 0.093489 -0.098692
0.229177 0.093581 -0.099083
0.229580 0.093674 -0.099473
0.230107 0.093720 -0.099840
0.230634 0.093767 -0.100206
0.231162 0.093814 -0.100572
0.231564 0.093906 -0.100963
0.231967 0.093998 -0.101354
0.232369 0.094090 -0.101745
0.232647 0.094228 -0.102160
0.232924 0.094365 -0.102575
0.233076 0.094548 -0.103015
0.233479 0.094641 -0.103406
0.233881 0.094733 -0.103796
0.234034 0.094916 -0.104236
0.234061 0.095144 -0.104700
0.234213 0.095327 -0.105140
0.234366 0.095510 -0.105580
0.234643 0.095647 -0.105995
0.234796 0.095830 -0.106435
0.252411 0.093724 -0.111441
0.253035 0.093736 -0.111789
0.258193 0.093293 -0.113597
0.258935 0.093262 -0.113921
0.259441 0.093316 -0.114292
0.259829 0.093414 -0.114686
0.260571 0.093383 -0.115010
0.261077 0.093437 -0.115381
0.261111 0.093663 -0.115843
0.261735 0.093675 -0.116191
0.262006 0.093815 -0.116607
0.262158 0.093998 -0.117047
0.262428 0.094138 -0.117464
0.262698 0.094278 -0.117880
0.263087 0.094375 -0.118274
0.263357 0.094515 -0.118691
0.263627 0.094656 -0.119107
0.263544 0.094924 -0.119593
0.263814 0.095064 -0.120010
0.264084 0.095204 -0.120426
0.264237 0.095387 -0.120866
0.264389 0.095570 -0.121306
0.264541 0.095753 -0.121745
0.264694 0.095936 -0.122185
0.264728 0.096162 -0.122648
0.264763 0.096388 -0.123110
0.264679 0.096656 -0.123596
0.264596 0.096925 -0.124082
0.264748 0.097108 -0.124522
0.264783 0.097333 -0.124984
0.264581 0.097645 -0.125493
0.264616 0.097870 -0.125956
0.264532 0.098139 -0.126442
0.264449 0.098407 -0.126927
0.264248 0.098719 -0.127436
0.264046 0.099030 -0.127945
0.264081 0.099256 -0.128408
0.263997 0.099524 -0.128894
0.263678 0.099879 -0.129425
0.261708 0.100832 -0.130280
0.261743 0.101058 -0.130743
0.260127 0.101882 -0.131528
0.260397 0.102023 -0.131945
0.260432 0.102248 -0.132407
0.260348 0.102517 -0.132893
0.260265 0.102785 -0.133379
0.260299 0.103011 -0.133842
0.260452 0.103194 -0.134281
0.260486 0.103420 -0.134744
0.260638 0.103603 -0.135184
0.260909 0.103743 -0.135600
0.261179 0.103883 -0.136017
0.261331 0.104066 -0.136457
0.261484 0.104249 -0.136896
0.261636 0.104432 -0.137336
0.261788 0.104615 -0.137776
0.262059 0.104755 -0.138192
0.262329 0.104895 -0.138609
0.262481 0.105078 -0.139049
0.262634 0.105261 -0.139488
0.262550 0.105529 -0.139974
0.262585 0.105755 -0.140437
0.262737 0.105938 -0.140877
0.262772 0.106164 -0.141339
0.262924 0.106347 -0.141779
0.262958 0.106573 -0.142242
0.262875 0.106841 -0.142728
0.263145 0.106981 -0.143144
0.262944 0.107293 -0.143653
0.262979 0.107518 -0.144116
0.263013 0.107744 -0.144578
0.262576 0.108141 -0.145133
0.262610 0.108367 -0.145596
0.262881 0.108507 -0.146013
0.263151 0.108647 -0.146429
0.262006 0.109301 -0.147123
0.261805 0.109612 -0.147631
0.262075 0.109752 -0.148048
0.262817 0.109721 -0.148372
0.188354 0.072287 -0.034241
0.188882 0.072334 -0.034608
0.189284 0.072426 -0.034999
0.189561 0.072563 -0.035414
0.189589 0.072792 -0.035878
0.189616 0.073020 -0.036342
0.189643 0.073248 -0.036806
0.189296 0.073613 -0.037343
0.181699 0.076616 -0.039295
0.182226 0.076663 -0.039662
0.182379 0.076846 -0.040101
0.182406 0.077074 -0.040565
0.205639 0.094604 -0.087198
0.206041 0.094696 -0.087589
0.206818 0.094651 -0.087906
0.206971 0.094834 -0.088346
0.221130 0.093257 -0.092624
0.221783 0.093258 -0.092966
0.222685 0.093168 -0.093259
0.223337 0.093169 -0.093602
0.223865 0.093216 -0.093968
0.224392 0.093262 -0.094335
0.224919 0.093309 -0.094701
0.225322 0.093401 -0.095092
0.225724 0.093493 -0.095483
0.226251 0.093539 -0.095849
0.226654 0.093631 -0.096240
0.227056 0.093723 -0.096631
0.227833 0.093679 -0.096949
0.228236 0.093771 -0.097340
0.228638 0.093863 -0.097731
0.228916 0.094000 -0.098146
0.229443 0.094047 -0.098513
0.229845 0.094139 -0.098903
0.230373 0.094185 -0.099270
0.230775 0.094277 -0.099661
0.231302 0.094324 -0.100027
0.231705 0.094416 -0.100418
0.232232 0.094462 -0.100785
0.232634 0.094554 -0.101176
0.232912 0.094692 -0.101591
0.233064 0.094875 -0.102031
0.233591 0.094921 -0.102397
0.233744 0.095104 -0.102837
0.234021 0.095241 -0.103252
0.234298 0.095379 -0.103667
0.234576 0.095516 -0.104083
0.234478 0.095790 -0.104571
0.234631 0.095973 -0.105011
0.234658 0.096202 -0.105475
0.235060 0.096294 -0.105866
0.235463 0.096386 -0.106257
0.235490 0.096614 -0.106721
0.253478 0.094604 -0.112127
0.258165 0.094331 -0.114028
0.258553 0.094428 -0.114421
0.259766 0.094226 -0.114654
0.260390 0.094237 -0.115001
0.260778 0.094335 -0.115395
0.261402 0.094346 -0.115742
0.261555 0.094529 -0.116182
0.261825 0.094669 -0.116599
0.262095 0.094809 -0.117015
0.262365 0.094950 -0.117432
0.262754 0.095047 -0.117826
0.263142 0.095144 -0.118219
0.263412 0.095284 -0.118636
0.263564 0.095467 -0.119075
0.263717 0.095650 -0.119515
0.263869 0.095833 -0.119955
0.264139 0.095973 -0.120371
0.264056 0.096242 -0.120857
0.264326 0.096382 -0.121274
0.264125 0.096693 -0.121783
0.264277 0.096876 -0.122222
0.264194 0.097145 -0.122708
0.264110 0.097413 -0.123194
0.264263 0.097596 -0.123633
0.264297 0.097822 -0.124096
0.264332 0.098048 -0.124559
0.264013 0.098402 -0.125091
0.264047 0.098628 -0.125553
0.264082 0.098854 -0.126016
0.264116 0.099080 -0.126479
0.264033 0.099348 -0.126965
0.263949 0.099617 -0.127450
0.263866 0.099885 -0.127936
0.263900 0.100111 -0.128399
0.263110 0.100637 -0.129023
0.261376 0.101505 -0.129831
0.261292 0.101774 -0.130317
0.260855 0.102171 -0.130871
0.260772 0.102440 -0.131357
0.261042 0.102580 -0.131774
0.260723 0.102934 -0.132306
0.260639 0.103203 -0.132791
0.260792 0.103385 -0.133231
0.260826 0.103611 -0.133694
0.260979 0.103794 -0.134133
0.261131 0.103977 -0.134573
0.261283 0.104160 -0.135013
0.261436 0.104343 -0.135452
0.261706 0.104483 -0.135869
0.261858 0.104666 -0.136309
0.262129 0.104806 -0.136725
0.262281 0.104989 -0.137165
0.262551 0.105129 -0.137582
0.262821 0.105269 -0.137998
0.262974 0.105452 -0.138438
0.263126 0.105635 -0.138878
0.263161 0.105861 -0.139341
0.263431 0.106001 -0.139757
0.263465 0.106227 -0.140220
0.263736 0.106367 -0.140637
0.263770 0.106593 -0.141099
0.264040 0.106733 -0.141516
0.264075 0.106959 -0.141979
0.264109 0.107184 -0.142441
0.264144 0.107410 -0.142904
0.264060 0.107679 -0.143390
0.264095 0.107904 -0.143852
0.264483 0.108002 -0.144246
0.264046 0.108399 -0.144801
0.263373 0.108882 -0.145402
0.263290 0.109150 -0.145888
0.264503 0.108948 -0.146120
0.264773 0.109088 -0.146537
0.263545 0.110011 -0.147715
0.263698 0.110194 -0.148155
0.264086 0.110291 -0.148549
0.264238 0.110474 -0.148988
0.263448 0.110999 -0.149612
0.263718 0.111139 -0.150029
0.263752 0.111365 -0.150492
0.260839 0.112662 -0.151530
0.261228 0.112759 -0.151924
0.188653 0.072993 -0.034128
0.189056 0.073085 -0.034519
0.189458 0.073177 -0.034910
0.189485 0.073406 -0.035374
0.189513 0.073634 -0.035838
0.189540 0.073863 -0.036302
0.188818 0.074364 -0.036912
0.181598 0.077236 -0.038788
0.182001 0.077328 -0.039179
0.182153 0.077511 -0.039618
0.181931 0.077831 -0.040131
0.204911 0.095447 -0.086815
0.205688 0.095402 -0.087133
0.220371 0.093863 -0.091782
0.221023 0.093863 -0.092125
0.221800 0.093819 -0.092443
0.222577 0.093774 -0.092761
0.223355 0.093729 -0.093079
0.223882 0.093775 -0.093445
0.224409 0.093821 -0.093812
0.224936 0.093867 -0.094179
0.225338 0.093959 -0.094570
0.225741 0.094051 -0.094961
0.226268 0.094097 -0.095327
0.226795 0.094143 -0.095694
0.227072 0.094281 -0.096109
0.227850 0.094236 -0.096427
0.228377 0.094282 -0.096794
0.228654 0.094419 -0.097209
0.229181 0.094466 -0.097576
0.229584 0.094557 -0.097967
0.230111 0.094604 -0.098334
0.230388 0.094741 -0.098749
0.230915 0.094787 -0.099116
0.231442 0.094834 -0.099482
0.231970 0.094880 -0.099849
0.232247 0.095017 -0.100264
0.232649 0.095109 -0.100655
0.233052 0.095201 -0.101046
0.233329 0.095338 -0.101462
0.233606 0.095475 -0.101877
0.234008 0.095567 -0.102268
0.234411 0.095659 -0.102659
0.234563 0.095842 -0.103099
0.234715 0.096025 -0.103538
0.234868 0.096208 -0.103978
0.235020 0.096391 -0.104418
0.234923 0.096665 -0.104906
0.235200 0.096802 -0.105321
0.235602 0.096894 -0.105712
0.236005 0.096986 -0.106103
0.236407 0.097078 -0.106494
0.236809 0.097169 -0.106885
0.237211 0.097261 -0.107276
0.237863 0.097262 -0.107619
0.257984 0.095187 -0.114018
0.258608 0.095199 -0.114366
0.259232 0.095210 -0.114714
0.259738 0.095264 -0.115084
0.260480 0.095233 -0.115409
0.260868 0.095330 -0.115802
0.261138 0.095470 -0.116219
0.261526 0.095567 -0.116613
0.261797 0.095707 -0.117029
0.261949 0.095890 -0.117469
0.262337 0.095987 -0.117863
0.262490 0.096170 -0.118302
0.262878 0.096268 -0.118696
0.263148 0.096408 -0.119113
0.263418 0.096548 -0.119529
0.263689 0.096688 -0.119946
0.263841 0.096871 -0.120386
0.263875 0.097097 -0.120848
0.263792 0.097365 -0.121334
0.263709 0.097634 -0.121820
0.263625 0.097903 -0.122306
0.263542 0.098171 -0.122791
0.263812 0.098311 -0.123208
0.263847 0.098537 -0.123671
0.263645 0.098849 -0.124179
0.263680 0.099075 -0.124642
0.263714 0.099300 -0.125105
0.263749 0.099526 -0.125567
0.263901 0.099709 -0.126007
0.263700 0.100021 -0.126516
0.263734 0.100246 -0.126979
0.263651 0.100515 -0.127464
0.263803 0.100698 -0.127904
0.261833 0.101653 -0.128758
0.261868 0.101879 -0.129221
0.261902 0.102104 -0.129683
0.261583 0.102459 -0.130215
0.261618 0.102685 -0.130678
0.261534 0.102953 -0.131163
0.261333 0.103265 -0.131672
0.261014 0.103619 -0.132204
0.261166 0.103802 -0.132644
0.261319 0.103985 -0.133083
0.261353 0.104211 -0.133546
0.261505 0.104394 -0.133986
0.261776 0.104534 -0.134402
0.261810 0.104760 -0.134865
0.262080 0.104900 -0.135282
0.262233 0.105083 -0.135721
0.262503 0.105223 -0.136138
0.262773 0.105363 -0.136555
0.263044 0.105503 -0.136971
0.263314 0.105643 -0.137388
0.263702 0.105740 -0.137782
0.263736 0.105966 -0.138244
0.264007 0.106106 -0.138661
0.264041 0.106332 -0.139124
0.264311 0.106472 -0.139540
0.264464 0.106655 -0.139980
0.264616 0.106838 -0.140420
0.264769 0.107021 -0.140859
0.264921 0.107204 -0.141299
0.264955 0.107430 -0.141762
0.265108 0.107613 -0.142201
0.265024 0.107881 -0.142687
0.264941 0.108150 -0.143173
0.264975 0.108376 -0.143635
0.265481 0.108430 -0.144006
0.265516 0.108656 -0.144469
0.265904 0.108753 -0.144862
0.266056 0.108936 -0.145302
0.265973 0.109205 -0.145788
0.266125 0.109388 -0.146228
0.265806 0.109742 -0.146759
0.265959 0.109925 -0.147199
0.264696 0.110623 -0.147915
0.264967 0.110763 -0.148331
0.265237 0.110903 -0.148748
0.265389 0.111086 -0.149188
0.264716 0.111569 -0.149789
0.264515 0.111880 -0.150297
0.264196 0.112235 -0.150829
0.261755 0.113361 -0.151775
0.262496 0.113330 -0.152100
0.263002 0.113384 -0.152470
0.261976 0.113996 -0.153140
0.188051 0.073791 -0.033721
0.188828 0.073745 -0.034039
0.189230 0.073837 -0.034430
0.189507 0.073974 -0.034846
0.189285 0.074294 -0.035358
0.189312 0.074523 -0.035822
0.188340 0.075117 -0.036480
0.181623 0.077811 -0.038256
0.181775 0.077994 -0.038696
0.181678 0.078268 -0.039184
0.181705 0.078497 -0.039648
0.220014 0.094561 -0.091331
0.221041 0.094424 -0.091601
0.221818 0.094379 -0.091919
0.222470 0.094379 -0.092262
0.223122 0.094379 -0.092604
0.223774 0.094380 -0.092947
0.224301 0.094426 -0.093314
0.224828 0.094472 -0.093680
0.225355 0.094518 -0.094047
0.225632 0.094655 -0.094463
0.226160 0.094701 -0.094829
0.226936 0.094655 -0.095148
0.227339 0.094747 -0.095539
0.227741 0.094839 -0.095930
0.228393 0.094839 -0.096272
0.228795 0.094931 -0.096664
0.229197 0.095022 -0.097055
0.229724 0.095068 -0.097421
0.230126 0.095160 -0.097813
0.230529 0.095251 -0.098204
0.231056 0.095297 -0.098570
0.231583 0.095343 -0.098937
0.232110 0.095389 -0.099304
0.232387 0.095527 -0.099719
0.232789 0.095618 -0.100111
0.233191 0.095710 -0.100502
0.233469 0.095847 -0.100917
0.233871 0.095939 -0.101308
0.234148 0.096076 -0.101724
0.234550 0.096168 -0.102115
0.234828 0.096305 -0.102530
0.234980 0.096488 -0.102970
0.235132 0.096671 -0.103409
0.235160 0.096899 -0.103873
0.235312 0.097082 -0.104313
0.235340 0.097311 -0.104777
0.235742 0.097403 -0.105168
0.236019 0.097540 -0.105584
0.236421 0.097631 -0.105975
0.236948 0.097677 -0.106341
0.237351 0.097769 -0.106733
0.238003 0.097769 -0.107075
0.238655 0.097770 -0.107418
0.239278 0.097781 -0.107765
0.257956 0.096226 -0.114449
0.259052 0.096066 -0.114704
0.259322 0.096206 -0.115121
0.259592 0.096346 -0.115538
0.260216 0.096357 -0.115885
0.260368 0.096540 -0.116325
0.260285 0.096809 -0.116811
0.260791 0.096863 -0.117181
0.261297 0.096917 -0.117552
0.261685 0.097014 -0.117946
0.262191 0.097069 -0.118316
0.262344 0.097251 -0.118756
0.262850 0.097306 -0.119127
0.263002 0.097489 -0.119567
0.263272 0.097629 -0.119983
0.263189 0.097897 -0.120469
0.263223 0.098123 -0.120932
0.263258 0.098349 -0.121394
0.263174 0.098618 -0.121880
0.263091 0.098887 -0.122366
0.263125 0.099113 -0.122828
0.263278 0.099295 -0.123268
0.263194 0.099564 -0.123754
0.263465 0.099704 -0.124170
0.263381 0.099973 -0.124656
0.263416 0.100199 -0.125119
0.263568 0.100382 -0.125558
0.263485 0.100651 -0.126044
0.263519 0.100876 -0.126507
0.263672 0.101059 -0.126946
0.263470 0.101371 -0.127455
0.262090 0.102112 -0.128194
0.262242 0.102295 -0.128633
0.262159 0.102564 -0.129119
0.262194 0.102789 -0.129582
0.262228 0.103015 -0.130044
0.262145 0.103284 -0.130530
0.261943 0.103596 -0.131039
0.261742 0.103908 -0.131547
0.261541 0.104219 -0.132056
0.261811 0.104359 -0.132473
0.261845 0.104585 -0.132935
0.261880 0.104811 -0.133398
0.262150 0.104951 -0.133815
0.262303 0.105134 -0.134254
0.262455 0.105317 -0.134694
0.262725 0.105457 -0.135111
0.262878 0.105640 -0.135550
0.263148 0.105780 -0.135967
0.263418 0.105920 -0.136384
0.263806 0.106017 -0.136777
0.263959 0.106200 -0.137217
0.264229 0.106340 -0.137634
0.264381 0.106523 -0.138074
0.264651 0.106663 -0.138490
0.264804 0.106846 -0.138930
0.264956 0.107029 -0.139370
0.265226 0.107169 -0.139786
0.265261 0.107395 -0.140249
0.265413 0.107578 -0.140689
0.265684 0.107718 -0.141105
0.265836 0.107901 -0.141545
0.265988 0.108083 -0.141985
0.265905 0.108352 -0.142470
0.265821 0.108621 -0.142956
0.265738 0.108890 -0.143442
0.266126 0.108987 -0.143835
0.266279 0.109170 -0.144275
0.266667 0.109267 -0.144669
0.266819 0.109450 -0.145108
0.266736 0.109719 -0.145594
0.266770 0.109944 -0.146057
0.266569 0.110256 -0.146565
0.266485 0.110525 -0.147051
0.265813 0.111008 -0.147652
0.265376 0.111406 -0.148206
0.265764 0.111503 -0.148600
0.266270 0.111557 -0.148971
0.265125 0.112212 -0.149663
0.264688 0.112610 -0.150218
0.262788 0.114017 -0.151997
0.263176 0.114114 -0.152391
0.262974 0.114426 -0.152899
0.188475 0.074452 -0.033583
0.189002 0.074497 -0.033950
0.189279 0.074634 -0.034366
0.189182 0.074909 -0.034854
0.189209 0.075138 -0.035318
0.188737 0.075549 -0.035878
0.181398 0.078477 -0.037772
0.181550 0.078660 -0.038212
0.181328 0.078980 -0.038724
0.219006 0.095260 -0.090537
0.220684 0.095122 -0.091150
0.221711 0.094985 -0.091420
0.222363 0.094985 -0.091763
0.223015 0.094985 -0.092105
0.223666 0.094985 -0.092448
0.224318 0.094985 -0.092791
0.224845 0.095030 -0.093158
0.225372 0.095076 -0.093525
0.225649 0.095213 -0.093940
0.226051 0.095305 -0.094331
0.226828 0.095259 -0.094650
0.227230 0.095350 -0.095041
0.227757 0.095396 -0.095408
0.228284 0.095442 -0.095775
0.228811 0.095487 -0.096142
0.229213 0.095579 -0.096533
0.229740 0.095625 -0.096900
0.230267 0.095670 -0.097267
0.230669 0.095762 -0.097658
0.231071 0.095853 -0.098050
0.231473 0.095945 -0.098441
0.232000 0.095990 -0.098808
0.232527 0.096036 -0.099175
0.232804 0.096173 -0.099590
0.233331 0.096219 -0.099957
0.233609 0.096356 -0.100373
0.234011 0.096448 -0.100764
0.234288 0.096585 -0.101179
0.234690 0.096676 -0.101570
0.234967 0.096813 -0.101986
0.235120 0.096996 -0.102425
0.235397 0.097133 -0.102841
0.235300 0.097408 -0.103329
0.235577 0.097545 -0.103745
0.235355 0.097865 -0.104257
0.235757 0.097957 -0.104648
0.236159 0.098048 -0.105039
0.236311 0.098231 -0.105479
0.236838 0.098277 -0.105846
0.237240 0.098368 -0.106237
0.237642 0.098460 -0.106628
0.238419 0.098414 -0.106947
0.239182 0.098374 -0.107268
0.239688 0.098428 -0.107639
0.239958 0.098568 -0.108055
0.250864 0.097455 -0.111562
0.257456 0.097438 -0.114971
0.258316 0.097363 -0.115272
0.258857 0.097643 -0.116106
0.259009 0.097826 -0.116546
0.259987 0.097708 -0.116824
0.260493 0.097762 -0.117195
0.260763 0.097902 -0.117612
0.261033 0.098042 -0.118029
0.261539 0.098096 -0.118399
0.261809 0.098236 -0.118816
0.261372 0.098634 -0.119371
0.261878 0.098688 -0.119741
0.261677 0.099000 -0.120250
0.262065 0.099097 -0.120644
0.262218 0.099280 -0.121083
0.262370 0.099462 -0.121523
0.262522 0.099645 -0.121963
0.262793 0.099785 -0.122379
0.262945 0.099968 -0.122819
0.263097 0.100151 -0.123259
0.263132 0.100377 -0.123721
0.263048 0.100646 -0.124207
0.263201 0.100829 -0.124647
0.263353 0.101012 -0.125086
0.263270 0.101281 -0.125572
0.263304 0.101507 -0.126035
0.263457 0.101690 -0.126474
0.263137 0.102044 -0.127006
0.262582 0.102485 -0.127583
0.262617 0.102711 -0.128046
0.262651 0.102937 -0.128509
0.262686 0.103163 -0.128971
0.262838 0.103346 -0.129411
0.262637 0.103657 -0.129920
0.262436 0.103969 -0.130428
0.262234 0.104281 -0.130937
0.262033 0.104593 -0.131446
0.262185 0.104776 -0.131885
0.262338 0.104959 -0.132325
0.262254 0.105228 -0.132811
0.262525 0.105368 -0.133227
0.262677 0.105551 -0.133667
0.262829 0.105733 -0.134107
0.263218 0.105830 -0.134500
0.263370 0.106013 -0.134940
0.263640 0.106153 -0.135357
0.263793 0.106336 -0.135796
0.264063 0.106476 -0.136213
0.264333 0.106616 -0.136630
0.264485 0.106799 -0.137069
0.264756 0.106939 -0.137486
0.265144 0.107036 -0.137880
0.265296 0.107219 -0.138320
0.265449 0.107402 -0.138759
0.265601 0.107585 -0.139199
0.265753 0.107768 -0.139639
0.265906 0.107951 -0.140078
0.266176 0.108091 -0.140495
0.266446 0.108231 -0.140912
0.266716 0.108371 -0.141328
0.266987 0.108511 -0.141745
0.266903 0.108780 -0.142231
0.266820 0.109049 -0.142716
0.266501 0.109403 -0.143248
0.266653 0.109586 -0.143688
0.266923 0.109726 -0.144104
0.267311 0.109823 -0.144498
0.267582 0.109963 -0.144915
0.268206 0.109974 -0.145263
0.268594 0.110071 -0.145656
0.268510 0.110340 -0.146142
0.268309 0.110652 -0.146651
0.267872 0.111050 -0.147205
0.265431 0.112178 -0.148150
0.266408 0.112060 -0.148429
0.267150 0.112028 -0.148754
0.267774 0.112039 -0.149102
0.268280 0.112093 -0.149472
0.268315 0.112319 -0.149935
0.267288 0.112932 -0.150605
0.266262 0.113544 -0.151274
0.267121 0.113469 -0.151576
0.266566 0.113910 -0.152153
0.264833 0.114780 -0.152961
0.265574 0.114749 -0.153286
0.188400 0.075296 -0.033542
0.188927 0.075341 -0.033909
0.188954 0.075570 -0.034373
0.189107 0.075753 -0.034813
0.188885 0.076073 -0.035325
0.181048 0.079190 -0.037313
0.181201 0.079373 -0.037752
0.181353 0.079556 -0.038192
0.220453 0.095775 -0.090674
0.221229 0.095729 -0.090993
0.222256 0.095591 -0.091263
0.222782 0.095637 -0.091630
0.223434 0.095636 -0.091973
0.224086 0.095636 -0.092316
0.224737 0.095635 -0.092659
0.225264 0.095681 -0.093026
0.225666 0.095772 -0.093418
0.226068 0.095863 -0.093809
0.226720 0.095863 -0.094152
0.227122 0.095954 -0.094543
0.227524 0.096045 -0.094934
0.228176 0.096045 -0.095277
0.228702 0.096090 -0.095644
0.229229 0.096136 -0.096012
0.229631 0.096227 -0.096403
0.230033 0.096318 -0.096794
0.230685 0.096318 -0.097137
0.231212 0.096363 -0.097504
0.231614 0.096455 -0.097896
0.231891 0.096592 -0.098311
0.232418 0.096637 -0.098678
0.232944 0.096683 -0.099045
0.233346 0.096774 -0.099437
0.233749 0.096865 -0.099828
0.234151 0.096956 -0.100219
0.234428 0.097093 -0.100635
0.234705 0.097231 -0.101050
0.235107 0.097322 -0.101442
0.235259 0.097505 -0.101881
0.235287 0.097734 -0.102345
0.235439 0.097917 -0.102785
0.235716 0.098054 -0.103200
0.235869 0.098237 -0.103640
0.235522 0.098603 -0.104176
0.235924 0.098694 -0.104568
0.236326 0.098785 -0.104959
0.236603 0.098922 -0.105374
0.237005 0.099014 -0.105766
0.237532 0.099059 -0.106133
0.238059 0.099105 -0.106500
0.238710 0.099104 -0.106843
0.239355 0.099107 -0.107187
0.239861 0.099161 -0.107558
0.240367 0.099215 -0.107929
0.251189 0.098368 -0.111922
0.251813 0.098379 -0.112270
0.252437 0.098390 -0.112618
0.252943 0.098444 -0.112989
0.253567 0.098455 -0.113337
0.254815 0.098477 -0.114032
0.255321 0.098531 -0.114403
0.256603 0.098778 -0.115561
0.257227 0.098789 -0.115909
0.257733 0.098843 -0.116280
0.258829 0.098682 -0.116536
0.259605 0.098876 -0.117323
0.260229 0.098887 -0.117671
0.260735 0.098941 -0.118042
0.260651 0.099210 -0.118528
0.261039 0.099307 -0.118921
0.261428 0.099404 -0.119315
0.261344 0.099673 -0.119801
0.261732 0.099770 -0.120195
0.262003 0.099910 -0.120611
0.262273 0.100050 -0.121028
0.262307 0.100276 -0.121491
0.262578 0.100416 -0.121907
0.262730 0.100599 -0.122347
0.262882 0.100781 -0.122787
0.262917 0.101007 -0.123249
0.262833 0.101276 -0.123735
0.262868 0.101502 -0.124198
0.263138 0.101642 -0.124614
0.263173 0.101868 -0.125077
0.263207 0.102094 -0.125540
0.263359 0.102277 -0.125979
0.263158 0.102589 -0.126488
0.262957 0.102901 -0.126996
0.263109 0.103084 -0.127436
0.263144 0.103310 -0.127899
0.263178 0.103536 -0.128361
0.263213 0.103762 -0.128824
0.263129 0.104031 -0.129310
0.262692 0.104428 -0.129864
0.262491 0.104740 -0.130373
0.262408 0.105009 -0.130858
0.262442 0.105235 -0.131321
0.262594 0.105418 -0.131761
0.262747 0.105601 -0.132200
0.262899 0.105784 -0.132640
0.262934 0.106010 -0.133103
0.263204 0.106150 -0.133519
0.263474 0.106290 -0.133936
0.263627 0.106473 -0.134376
0.263897 0.106613 -0.134792
0.264167 0.106753 -0.135209
0.264202 0.106979 -0.135672
0.264590 0.107076 -0.136066
0.264860 0.107216 -0.136482
0.265012 0.107398 -0.136922
0.265400 0.107495 -0.137316
0.265553 0.107678 -0.137755
0.265823 0.107818 -0.138172
0.266093 0.107958 -0.138589
0.266364 0.108098 -0.139005
0.266516 0.108281 -0.139445
0.266668 0.108464 -0.139885
0.266939 0.108604 -0.140302
0.267327 0.108701 -0.140695
0.267479 0.108884 -0.141135
0.267749 0.109024 -0.141552
0.267666 0.109293 -0.142037
0.267583 0.109562 -0.142523
0.267145 0.109960 -0.143077
0.267416 0.110100 -0.143494
0.267922 0.110153 -0.143865
0.268781 0.110078 -0.144167
0.269170 0.110175 -0.144561
0.269322 0.110358 -0.145000
0.269356 0.110584 -0.145463
0.269391 0.110810 -0.145926
0.269779 0.110907 -0.146319
0.269814 0.111133 -0.146782
0.269612 0.111445 -0.147290
0.269647 0.111671 -0.147753
0.267795 0.112585 -0.148583
0.268537 0.112553 -0.148908
0.269043 0.112607 -0.149279
0.269195 0.112790 -0.149719
0.269112 0.113059 -0.150204
0.269028 0.113328 -0.150690
0.268002 0.113940 -0.151359
0.267919 0.114209 -0.151845
0.268189 0.114349 -0.152261
0.266101 0.115349 -0.153137
0.266843 0.115317 -0.153462
0.267231 0.115414 -0.153856
0.188450 0.076094 -0.033477
0.188727 0.076231 -0.033893
0.189004 0.076368 -0.034308
0.188907 0.076643 -0.034796
0.180325 0.080041 -0.036925
0.180976 0.080040 -0.037268
0.181004 0.080269 -0.037732
0.220222 0.096429 -0.090198
0.220873 0.096428 -0.090541
0.221650 0.096381 -0.090860
0.222551 0.096289 -0.091155
0.223077 0.096334 -0.091522
0.223854 0.096287 -0.091841
0.224505 0.096286 -0.092184
0.225156 0.096286 -0.092528
0.225558 0.096377 -0.092919
0.226085 0.096422 -0.093286
0.226612 0.096467 -0.093653
0.227139 0.096512 -0.094021
0.227416 0.096649 -0.094436
0.227942 0.096694 -0.094804
0.228594 0.096694 -0.095147
0.229121 0.096739 -0.095514
0.229647 0.096784 -0.095881
0.230049 0.096875 -0.096273
0.230701 0.096874 -0.096616
0.231103 0.096965 -0.097007
0.231504 0.097056 -0.097399
0.231906 0.097148 -0.097790
0.232308 0.097239 -0.098182
0.232835 0.097284 -0.098549
0.233237 0.097375 -0.098940
0.233764 0.097420 -0.099308
0.234166 0.097511 -0.099699
0.234443 0.097648 -0.100114
0.234720 0.097785 -0.100530
0.234997 0.097922 -0.100946
0.235274 0.098059 -0.101361
0.235302 0.098288 -0.101825
0.235454 0.098471 -0.102265
0.235731 0.098608 -0.102680
0.235759 0.098837 -0.103144
0.235537 0.099158 -0.103656
0.235814 0.099295 -0.104072
0.236216 0.099386 -0.104463
0.236618 0.099477 -0.104854
0.236895 0.099614 -0.105270
0.237297 0.099705 -0.105661
0.237948 0.099704 -0.106005
0.238475 0.099749 -0.106372
0.239127 0.099749 -0.106715
0.239764 0.099754 -0.107060
0.240152 0.099850 -0.107454
0.240305 0.100033 -0.107894
0.251363 0.099098 -0.111843
0.252104 0.099066 -0.112168
0.252846 0.099033 -0.112493
0.253352 0.099087 -0.112864
0.253740 0.099184 -0.113257
0.254364 0.099195 -0.113605
0.254988 0.099206 -0.113953
0.255494 0.099259 -0.114324
0.255882 0.099356 -0.114718
0.256388 0.099410 -0.115089
0.256894 0.099464 -0.115460
0.257282 0.099561 -0.115853
0.257553 0.099701 -0.116270
0.258059 0.099754 -0.116641
0.258211 0.099937 -0.117081
0.258363 0.100120 -0.117520
0.259223 0.100045 -0.117822
0.259965 0.100013 -0.118147
0.260353 0.100110 -0.118541
0.260741 0.100207 -0.118935
0.260893 0.100390 -0.119375
0.261282 0.100486 -0.119768
0.261434 0.100669 -0.120208
0.261704 0.100809 -0.120625
0.261739 0.101035 -0.121087
0.261891 0.101218 -0.121527
0.262161 0.101358 -0.121944
0.262314 0.101541 -0.122383
0.262466 0.101724 -0.122823
0.262736 0.101864 -0.123240
0.262889 0.102047 -0.123680
0.263041 0.102230 -0.124119
0.263193 0.102413 -0.124559
0.263346 0.102596 -0.124999
0.263498 0.102779 -0.125438
0.263533 0.103004 -0.125901
0.263567 0.103230 -0.126363
0.263602 0.103456 -0.126826
0.263518 0.103725 -0.127312
0.263671 0.103908 -0.127751
0.263587 0.104177 -0.128237
0.263504 0.104446 -0.128722
0.263185 0.104801 -0.129254
0.262630 0.105243 -0.129831
0.262546 0.105512 -0.130317
0.262699 0.105695 -0.130757
0.262733 0.105921 -0.131219
0.262886 0.106104 -0.131659
0.263156 0.106243 -0.132076
0.263308 0.106426 -0.132515
0.263343 0.106652 -0.132978
0.263613 0.106792 -0.133395
0.263883 0.106932 -0.133811
0.264153 0.107072 -0.134228
0.264424 0.107212 -0.134645
0.264576 0.107395 -0.135084
0.264846 0.107535 -0.135501
0.265117 0.107675 -0.135918
0.265387 0.107815 -0.136335
0.265657 0.107954 -0.136751
0.266045 0.108051 -0.137145
0.266198 0.108234 -0.137585
0.266468 0.108374 -0.138002
0.266738 0.108514 -0.138418
0.267008 0.108654 -0.138835
0.267161 0.108837 -0.139275
0.267313 0.109020 -0.139714
0.267701 0.109117 -0.140108
0.267854 0.109300 -0.140548
0.268242 0.109397 -0.140942
0.268512 0.109536 -0.141358
0.269018 0.109590 -0.141729
0.269288 0.109730 -0.142146
0.269558 0.109870 -0.142563
0.269003 0.110311 -0.143140
0.269392 0.110408 -0.143534
0.269662 0.110548 -0.143951
0.270168 0.110602 -0.144321
0.270320 0.110785 -0.144761
0.270355 0.111011 -0.145224
0.270389 0.111237 -0.145686
0.270542 0.111420 -0.146126
0.270694 0.111603 -0.146566
0.270728 0.111829 -0.147028
0.270645 0.112098 -0.147514
0.270797 0.112281 -0.147954
0.269417 0.113023 -0.148692
0.269805 0.113120 -0.149085
0.270194 0.113217 -0.149479
0.270346 0.113400 -0.149919
0.270027 0.113755 -0.150450
0.269943 0.114024 -0.150936
0.269506 0.114422 -0.151490
0.269305 0.114734 -0.151999
0.269340 0.114960 -0.152461
0.267488 0.115874 -0.153291
0.267994 0.115928 -0.153662
0.266967 0.116542 -0.154331
0.220393 0.097174 -0.090113
0.221294 0.097081 -0.090408
0.222319 0.096941 -0.090679
0.222846 0.096986 -0.091047
0.223497 0.096985 -0.091390
0.224148 0.096984 -0.091733
0.224924 0.096937 -0.092053
0.225451 0.096982 -0.092420
0.225977 0.097027 -0.092788
0.226504 0.097072 -0.093155
0.227030 0.097117 -0.093522
0.227432 0.097208 -0.093914
0.227834 0.097298 -0.094305
0.228485 0.097297 -0.094649
0.229012 0.097342 -0.095016
0.229539 0.097387 -0.095384
0.230065 0.097432 -0.095751
0.230467 0.097523 -0.096143
0.231118 0.097522 -0.096486
0.231520 0.097613 -0.096878
0.231922 0.097704 -0.097269
0.232324 0.097794 -0.097661
0.232850 0.097839 -0.098028
0.233252 0.097930 -0.098420
0.233654 0.098021 -0.098811
0.234056 0.098112 -0.099203
0.234333 0.098249 -0.099618
0.234735 0.098340 -0.100010
0.235012 0.098477 -0.100425
0.235289 0.098614 -0.100841
0.235317 0.098843 -0.101305
0.235344 0.099072 -0.101768
0.235621 0.099209 -0.102184
0.235774 0.099392 -0.102624
0.235801 0.099621 -0.103087
0.235829 0.099849 -0.103551
0.236106 0.099986 -0.103967
0.236633 0.100031 -0.104334
0.236910 0.100168 -0.104750
0.237436 0.100213 -0.105117
0.238212 0.100166 -0.105437
0.238988 0.100119 -0.105756
0.239515 0.100164 -0.106123
0.239903 0.100261 -0.106517
0.240173 0.100400 -0.106934
0.240326 0.100583 -0.107374
0.240478 0.100766 -0.107813
0.249969 0.100162 -0.111599
0.252548 0.099935 -0.112505
0.253172 0.099946 -0.112853
0.253796 0.099956 -0.113201
0.254302 0.100010 -0.113572
0.254690 0.100107 -0.113966
0.255196 0.100161 -0.114337
0.255820 0.100171 -0.114685
0.256444 0.100182 -0.115033
0.256832 0.100279 -0.115427
0.257220 0.100375 -0.115820
0.257608 0.100472 -0.116214
0.257996 0.100569 -0.116608
0.258384 0.100666 -0.117002
0.258772 0.100762 -0.117396
0.259160 0.100859 -0.117790
0.259666 0.100913 -0.118160
0.259937 0.101053 -0.118577
0.260089 0.101236 -0.119017
0.260477 0.101333 -0.119411
0.260630 0.101516 -0.119850
0.261018 0.101612 -0.120244
0.261288 0.101752 -0.120661
0.261558 0.101892 -0.121078
0.261828 0.102032 -0.121494
0.262099 0.102172 -0.121911
0.262369 0.102312 -0.122328
0.262639 0.102451 -0.122745
0.263027 0.102548 -0.123138
0.263415 0.102645 -0.123532
0.263450 0.102871 -0.123995
0.263602 0.103054 -0.124435
0.263755 0.103237 -0.124874
0.264025 0.103377 -0.125291
0.263942 0.103646 -0.125777
0.263976 0.103872 -0.126239
0.264011 0.104098 -0.126702
0.263927 0.104367 -0.127187
0.263844 0.104636 -0.127673
0.263760 0.104905 -0.128158
0.263559 0.105217 -0.128667
0.262886 0.105702 -0.129267
0.262567 0.106057 -0.129798
0.262837 0.106197 -0.130215
0.262990 0.106380 -0.130655
0.263142 0.106563 -0.131095
0.263294 0.106746 -0.131534
0.263447 0.106929 -0.131974
0.263599 0.107112 -0.132414
0.263869 0.107251 -0.132830
0.264022 0.107434 -0.133270
0.264174 0.107617 -0.133710
0.264444 0.107757 -0.134126
0.264715 0.107897 -0.134543
0.264985 0.108037 -0.134960
0.265373 0.108134 -0.135354
0.265643 0.108274 -0.135770
0.265914 0.108413 -0.136187
0.266302 0.108510 -0.136581
0.266454 0.108693 -0.137021
0.266724 0.108833 -0.137437
0.266995 0.108973 -0.137854
0.267265 0.109113 -0.138271
0.267417 0.109296 -0.138711
0.267687 0.109436 -0.139127
0.267958 0.109575 -0.139544
0.268464 0.109629 -0.139915
0.268970 0.109683 -0.140286
0.269358 0.109780 -0.140680
0.269746 0.109876 -0.141074
0.269898 0.110059 -0.141513
0.270169 0.110199 -0.141930
0.270321 0.110382 -0.142370
0.270002 0.110737 -0.142901
0.270272 0.110877 -0.143318
0.270542 0.111017 -0.143735
0.270930 0.111114 -0.144128
0.270965 0.111340 -0.144591
0.271235 0.111480 -0.145008
0.271152 0.111749 -0.145493
0.271068 0.112018 -0.145979
0.271221 0.112201 -0.146419
0.271373 0.112384 -0.146858
0.271408 0.112610 -0.147321
0.271442 0.112836 -0.147783
0.270769 0.113320 -0.148384
0.270568 0.113633 -0.148892
0.270720 0.113815 -0.149332
0.270991 0.113955 -0.149748
0.270789 0.114268 -0.150257
0.270588 0.114580 -0.150765
0.270033 0.115021 -0.151343
0.270068 0.115247 -0.151805
0.269513 0.115688 -0.152383
0.268015 0.116474 -0.153143
0.268521 0.116528 -0.153514
0.267848 0.117013 -0.154114
0.266468 0.117756 -0.154852
0.221714 0.097733 -0.090275
0.222240 0.097778 -0.090643
0.223141 0.097684 -0.090939
0.223667 0.097729 -0.091306
0.224568 0.097635 -0.091602
0.225343 0.097587 -0.091921
0.225745 0.097678 -0.092313
0.226272 0.097723 -0.092680
0.226923 0.097721 -0.093024
0.227449 0.097766 -0.093392
0.227851 0.097857 -0.093783
0.228377 0.097901 -0.094151
0.228904 0.097946 -0.094518
0.229430 0.097991 -0.094886
0.229957 0.098035 -0.095254
0.230358 0.098126 -0.095645
0.231010 0.098124 -0.095989
0.231411 0.098215 -0.096380
0.231813 0.098306 -0.096772
0.232339 0.098351 -0.097140
0.232741 0.098441 -0.097531
0.233143 0.098532 -0.097923
0.233669 0.098577 -0.098290
0.233946 0.098713 -0.098706
0.234223 0.098850 -0.099122
0.234625 0.098941 -0.099513
0.234902 0.099078 -0.099929
0.235179 0.099215 -0.100345
0.235332 0.099398 -0.100784
0.235484 0.099581 -0.101224
0.235761 0.099717 -0.101640
0.235664 0.099993 -0.102127
0.235817 0.100175 -0.102567
0.235844 0.100405 -0.103031
0.236121 0.100541 -0.103446
0.236274 0.100724 -0.103886
0.237701 0.100675 -0.104549
0.238601 0.100582 -0.104845
0.239252 0.100580 -0.105188
0.239772 0.100628 -0.105557
0.240160 0.100724 -0.105951
0.240312 0.100907 -0.106390
0.240465 0.101090 -0.106830
0.240617 0.101273 -0.107270
0.240652 0.101499 -0.107732
0.241428 0.101693 -0.108520
0.245608 0.101357 -0.110054
0.246350 0.101324 -0.110379
0.251307 0.101182 -0.112701
0.252991 0.100805 -0.112843
0.253733 0.100772 -0.113168
0.254357 0.100782 -0.113516
0.254745 0.100879 -0.113910
0.255251 0.100933 -0.114281
0.255757 0.100986 -0.114652
0.256027 0.101126 -0.115068
0.256651 0.101137 -0.115416
0.257039 0.101233 -0.115810
0.257663 0.101244 -0.116158
0.258169 0.101297 -0.116529
0.258557 0.101394 -0.116923
0.258828 0.101534 -0.117340
0.259216 0.101631 -0.117734
0.259486 0.101770 -0.118150
0.259638 0.101953 -0.118590
0.259909 0.102093 -0.119007
0.260297 0.102190 -0.119401
0.260803 0.102243 -0.119772
0.261309 0.102297 -0.120143
0.261697 0.102394 -0.120537
0.261967 0.102534 -0.120953
0.262355 0.102630 -0.121347
0.262626 0.102770 -0.121764
0.263014 0.102867 -0.122158
0.263284 0.103007 -0.122575
0.263672 0.103103 -0.122968
0.263942 0.103243 -0.123385
0.263977 0.103469 -0.123848
0.264129 0.103652 -0.124287
0.264282 0.103835 -0.124727
0.264316 0.104061 -0.125190
0.264350 0.104287 -0.125652
0.264385 0.104513 -0.126115
0.264184 0.104826 -0.126623
0.263982 0.105138 -0.127132
0.263899 0.105407 -0.127617
0.263816 0.105676 -0.128103
0.263261 0.106118 -0.128680
0.262588 0.106603 -0.129280
0.262858 0.106742 -0.129697
0.263128 0.106882 -0.130113
0.263163 0.107108 -0.130576
0.263315 0.107291 -0.131016
0.263468 0.107474 -0.131455
0.263738 0.107614 -0.131872
0.263890 0.107797 -0.132312
0.264161 0.107937 -0.132729
0.264313 0.108120 -0.133168
0.264583 0.108260 -0.133585
0.264853 0.108399 -0.134002
0.265124 0.108539 -0.134419
0.265394 0.108679 -0.134835
0.265782 0.108776 -0.135229
0.266052 0.108916 -0.135646
0.266323 0.109055 -0.136063
0.266711 0.109152 -0.136457
0.266863 0.109335 -0.136896
0.267015 0.109518 -0.137336
0.267404 0.109615 -0.137730
0.267792 0.109711 -0.138124
0.267826 0.109937 -0.138586
0.268450 0.109948 -0.138934
0.269074 0.109958 -0.139282
0.269580 0.110012 -0.139653
0.269850 0.110152 -0.140070
0.270120 0.110292 -0.140487
0.270509 0.110388 -0.140881
0.270779 0.110528 -0.141297
0.270813 0.110754 -0.141760
0.271084 0.110894 -0.142177
0.270647 0.111292 -0.142731
0.270917 0.111432 -0.143148
0.271187 0.111572 -0.143565
0.271457 0.111712 -0.143981
0.271610 0.111895 -0.144421
0.271762 0.112078 -0.144861
0.271797 0.112304 -0.145323
0.271595 0.112616 -0.145832
0.271748 0.112799 -0.146271
0.271900 0.112982 -0.146711
0.271934 0.113208 -0.147174
0.271969 0.113434 -0.147636
0.272121 0.113617 -0.148076
0.270977 0.114274 -0.148768
0.271247 0.114414 -0.149184
0.271518 0.114554 -0.149601
0.271670 0.114737 -0.150041
0.271822 0.114920 -0.150481
0.271739 0.115189 -0.150966
0.270595 0.115846 -0.151658
0.270040 0.116288 -0.152235
0.268424 0.117118 -0.153018
0.322368 0.110577 -0.168887
0.221635 0.098570 -0.090239
0.223436 0.098382 -0.090830
0.224087 0.098380 -0.091174
0.224987 0.098286 -0.091470
0.225638 0.098284 -0.091814
0.226164 0.098328 -0.092181
0.226690 0.098373 -0.092549
0.227217 0.098417 -0.092917
0.227743 0.098461 -0.093285
0.228269 0.098506 -0.093652
0.228796 0.098550 -0.094020
0.229322 0.098594 -0.094388
0.229848 0.098639 -0.094756
0.230250 0.098729 -0.095147
0.230776 0.098774 -0.095515
0.231178 0.098864 -0.095907
0.231704 0.098909 -0.096275
0.232355 0.098907 -0.096618
0.232632 0.099043 -0.097034
0.233034 0.099134 -0.097426
0.233560 0.099178 -0.097794
0.233962 0.099269 -0.098185
0.234114 0.099452 -0.098625
0.234516 0.099542 -0.099017
0.234917 0.099633 -0.099408
0.235070 0.099816 -0.099848
0.235222 0.099999 -0.100288
0.235375 0.100182 -0.100727
0.235527 0.100365 -0.101167
0.235679 0.100548 -0.101607
0.235832 0.100731 -0.102046
0.235859 0.100960 -0.102510
0.235887 0.101189 -0.102974
0.236289 0.101279 -0.103366
0.237591 0.101276 -0.104053
0.238616 0.101135 -0.104325
0.239391 0.101087 -0.104645
0.239911 0.101135 -0.105014
0.240181 0.101275 -0.105430
0.240451 0.101414 -0.105847
0.240604 0.101597 -0.106287
0.240756 0.101780 -0.106726
0.240908 0.101963 -0.107166
0.242038 0.102027 -0.107885
0.242898 0.101951 -0.108188
0.243792 0.102101 -0.108952
0.244534 0.102068 -0.109278
0.245511 0.101949 -0.109557
0.246135 0.101959 -0.109905
0.246877 0.101926 -0.110230
0.250468 0.101805 -0.111879
0.251210 0.101773 -0.112205
0.251833 0.101783 -0.112553
0.253317 0.101717 -0.113203
0.254177 0.101641 -0.113505
0.254800 0.101652 -0.113853
0.255306 0.101705 -0.114224
0.255812 0.101759 -0.114595
0.256201 0.101855 -0.114989
0.256589 0.101952 -0.115383
0.257213 0.101962 -0.115731
0.257719 0.102016 -0.116102
0.258225 0.102069 -0.116473
0.258613 0.102166 -0.116867
0.259119 0.102219 -0.117238
0.259389 0.102359 -0.117655
0.259659 0.102499 -0.118072
0.259929 0.102638 -0.118489
0.260318 0.102735 -0.118882
0.260588 0.102875 -0.119299
0.261330 0.102842 -0.119624
0.261953 0.102852 -0.119973
0.262342 0.102949 -0.120366
0.262730 0.103046 -0.120760
0.263118 0.103142 -0.121154
0.263388 0.103282 -0.121571
0.263776 0.103379 -0.121965
0.264046 0.103518 -0.122382
0.264317 0.103658 -0.122798
0.264351 0.103884 -0.123261
0.264504 0.104067 -0.123701
0.264656 0.104250 -0.124140
0.264690 0.104476 -0.124603
0.264725 0.104702 -0.125066
0.264759 0.104928 -0.125528
0.264676 0.105198 -0.126014
0.264357 0.105553 -0.126545
0.264156 0.105866 -0.127053
0.263954 0.106178 -0.127562
0.263635 0.106534 -0.128093
0.262845 0.107062 -0.128716
0.262879 0.107288 -0.129178
0.263149 0.107428 -0.129595
0.263302 0.107611 -0.130035
0.263454 0.107794 -0.130474
0.263606 0.107977 -0.130914
0.263877 0.108116 -0.131331
0.264029 0.108299 -0.131770
0.264181 0.108482 -0.132210
0.264452 0.108622 -0.132627
0.264604 0.108805 -0.133067
0.264874 0.108945 -0.133483
0.265145 0.109084 -0.133900
0.265533 0.109181 -0.134294
0.265803 0.109321 -0.134711
0.266191 0.109418 -0.135105
0.266461 0.109557 -0.135522
0.266849 0.109654 -0.135915
0.267120 0.109794 -0.136332
0.267272 0.109977 -0.136772
0.267542 0.110116 -0.137189
0.267812 0.110256 -0.137605
0.268201 0.110353 -0.137999
0.268471 0.110493 -0.138416
0.269330 0.110417 -0.138718
0.269836 0.110470 -0.139089
0.270225 0.110567 -0.139483
0.270613 0.110663 -0.139877
0.270883 0.110803 -0.140294
0.271153 0.110943 -0.140711
0.271423 0.111083 -0.141128
0.271458 0.111309 -0.141590
0.271728 0.111449 -0.142007
0.271527 0.111761 -0.142515
0.271561 0.111987 -0.142978
0.271714 0.112170 -0.143418
0.271984 0.112310 -0.143834
0.272254 0.112450 -0.144251
0.272289 0.112676 -0.144714
0.272559 0.112815 -0.145130
0.272829 0.112955 -0.145547
0.272864 0.113181 -0.146010
0.273134 0.113321 -0.146427
0.273051 0.113590 -0.146912
0.273203 0.113773 -0.147352
0.273237 0.113999 -0.147814
0.273036 0.114312 -0.148323
0.272953 0.114581 -0.148808
0.272280 0.115066 -0.149408
0.272668 0.115163 -0.149802
0.272938 0.115303 -0.150219
0.272619 0.115658 -0.150750
0.272182 0.116057 -0.151304
0.271981 0.116369 -0.151813
0.323013 0.110627 -0.167790
0.323387 0.110727 -0.168187
0.323539 0.110910 -0.168627
0.324023 0.110968 -0.169004
0.324508 0.111026 -0.169380
0.324882 0.111125 -0.169778
0.324702 0.111433 -0.170281
0.324854 0.111616 -0.170720
0.324896 0.111841 -0.171181
0.324384 0.112274 -0.171747
0.322544 0.113206 -0.172565
0.198836 0.102098 -0.083310
0.223731 0.099079 -0.090722
0.224506 0.099031 -0.091042
0.225281 0.098982 -0.091362
0.225932 0.098980 -0.091706
0.226458 0.099024 -0.092074
0.226985 0.099068 -0.092442
0.227511 0.099112 -0.092810
0.228161 0.099110 -0.093154
0.228563 0.099201 -0.093546
0.229089 0.099245 -0.093914
0.229615 0.099289 -0.094282
0.230142 0.099333 -0.094649
0.230668 0.099377 -0.095017
0.231194 0.099421 -0.095385
0.231720 0.099465 -0.095753
0.232122 0.099556 -0.096145
0.232523 0.099646 -0.096537
0.232925 0.099736 -0.096929
0.233326 0.099827 -0.097320
0.233728 0.099917 -0.097712
0.234130 0.100008 -0.098104
0.234531 0.100098 -0.098496
0.234808 0.100235 -0.098912
0.235085 0.100371 -0.099327
0.235238 0.100554 -0.099767
0.235265 0.100783 -0.100231
0.235418 0.100966 -0.100670
0.235445 0.101196 -0.101134
0.235722 0.101332 -0.101550
0.235626 0.101608 -0.102037
0.235778 0.101791 -0.102477
0.236055 0.101927 -0.102893
0.238256 0.101828 -0.103877
0.239156 0.101733 -0.104173
0.239807 0.101731 -0.104517
0.240202 0.101825 -0.104910
0.240590 0.101921 -0.105304
0.240743 0.102104 -0.105743
0.240895 0.102287 -0.106183
0.241165 0.102427 -0.106600
0.243155 0.102414 -0.107622
0.244014 0.102338 -0.107924
0.244520 0.102391 -0.108295
0.245144 0.102401 -0.108643
0.245650 0.102455 -0.109014
0.246274 0.102465 -0.109362
0.246662 0.102561 -0.109756
0.249511 0.102473 -0.111080
0.250253 0.102439 -0.111406
0.250995 0.102406 -0.111731
0.251619 0.102417 -0.112079
0.252007 0.102513 -0.112473
0.254114 0.102457 -0.113472
0.254974 0.102381 -0.113774
0.255480 0.102434 -0.114145
0.255986 0.102488 -0.114516
0.256492 0.102541 -0.114887
0.256880 0.102638 -0.115281
0.257504 0.102648 -0.115629
0.258128 0.102658 -0.115978
0.258634 0.102711 -0.116349
0.259140 0.102765 -0.116720
0.259646 0.102818 -0.117091
0.260034 0.102915 -0.117485
0.260186 0.103097 -0.117924
0.260692 0.103151 -0.118295
0.261080 0.103247 -0.118689
0.261704 0.103258 -0.119037
0.262210 0.103311 -0.119409
0.262716 0.103364 -0.119780
0.262986 0.103504 -0.120196
0.263374 0.103601 -0.120590
0.263763 0.103697 -0.120984
0.264033 0.103837 -0.121401
0.264185 0.104020 -0.121841
0.264455 0.104160 -0.122258
0.264726 0.104299 -0.122674
0.264760 0.104525 -0.123137
0.264912 0.104708 -0.123577
0.264947 0.104934 -0.124039
0.264981 0.105161 -0.124502
0.264898 0.105430 -0.124987
0.264815 0.105699 -0.125473
0.264613 0.106012 -0.125981
0.264294 0.106367 -0.126512
0.264093 0.106680 -0.127020
0.263892 0.106993 -0.127529
0.262983 0.107564 -0.128174
0.263018 0.107790 -0.128637
0.263170 0.107973 -0.129076
0.263323 0.108156 -0.129516
0.263593 0.108296 -0.129933
0.263627 0.108522 -0.130395
0.263780 0.108705 -0.130835
0.264168 0.108802 -0.131229
0.264320 0.108985 -0.131669
0.264590 0.109124 -0.132086
0.264625 0.109350 -0.132548
0.265013 0.109447 -0.132942
0.265283 0.109587 -0.133359
0.265553 0.109726 -0.133776
0.265942 0.109823 -0.134170
0.266330 0.109920 -0.134563
0.266600 0.110059 -0.134980
0.266870 0.110199 -0.135397
0.267140 0.110339 -0.135814
0.267293 0.110522 -0.136254
0.267445 0.110705 -0.136693
0.267833 0.110801 -0.137087
0.268339 0.110855 -0.137458
0.268492 0.111038 -0.137898
0.269116 0.111048 -0.138246
0.269975 0.110971 -0.138548
0.270481 0.111025 -0.138920
0.270987 0.111078 -0.139291
0.271375 0.111175 -0.139685
0.271528 0.111358 -0.140124
0.271798 0.111497 -0.140541
0.271950 0.111680 -0.140981
0.272103 0.111863 -0.141420
0.272137 0.112089 -0.141883
0.272054 0.112359 -0.142368
0.272206 0.112542 -0.142808
0.272241 0.112768 -0.143271
0.272982 0.112735 -0.143596
0.273488 0.112788 -0.143967
0.273641 0.112971 -0.144407
0.273675 0.113197 -0.144869
0.273945 0.113337 -0.145286
0.274098 0.113520 -0.145726
0.274014 0.113789 -0.146211
0.274167 0.113972 -0.146651
0.274201 0.114198 -0.147113
0.274118 0.114468 -0.147599
0.274035 0.114737 -0.148084
0.274069 0.114963 -0.148547
0.273161 0.115535 -0.149192
0.273549 0.115631 -0.149586
0.273701 0.115814 -0.150026
0.273853 0.115997 -0.150466
0.322800 0.110519 -0.165918
0.323810 0.110860 -0.167132
0.324626 0.110792 -0.167446
0.325000 0.110892 -0.167844
0.325374 0.110991 -0.168242
0.325305 0.111257 -0.168723
0.325125 0.111566 -0.169226
0.325388 0.111707 -0.169645
0.325541 0.111890 -0.170084
0.325472 0.112156 -0.170566
0.325403 0.112423 -0.171048
0.325334 0.112689 -0.171529
0.325375 0.112914 -0.171990
0.324200 0.113597 -0.172681
0.198363 0.102859 -0.082873
0.199013 0.102857 -0.083217
0.223901 0.099823 -0.090638
0.224801 0.099728 -0.090934
0.225701 0.099633 -0.091231
0.226227 0.099677 -0.091599
0.226753 0.099720 -0.091967
0.227279 0.099764 -0.092335
0.227805 0.099808 -0.092703
0.228455 0.099806 -0.093047
0.228981 0.099849 -0.093415
0.229383 0.099940 -0.093807
0.229909 0.099983 -0.094175
0.230435 0.100027 -0.094543
0.230836 0.100117 -0.094935
0.231487 0.100115 -0.095279
0.231889 0.100205 -0.095671
0.232290 0.100295 -0.096063
0.232816 0.100339 -0.096431
0.233093 0.100476 -0.096847
0.233495 0.100566 -0.097239
0.233896 0.100656 -0.097631
0.234422 0.100700 -0.097999
0.234574 0.100883 -0.098439
0.234851 0.101019 -0.098854
0.235128 0.101156 -0.099270
0.235281 0.101339 -0.099710
0.235308 0.101568 -0.100173
0.235336 0.101798 -0.100637
0.235613 0.101934 -0.101053
0.235516 0.102210 -0.101540
0.235669 0.102393 -0.101980
0.235946 0.102529 -0.102396
0.237773 0.102568 -0.103452
0.238797 0.102426 -0.103725
0.239573 0.102377 -0.104045
0.240099 0.102421 -0.104413
0.240493 0.102515 -0.104806
0.240764 0.102654 -0.105223
0.241034 0.102794 -0.105640
0.241540 0.102847 -0.106011
0.243294 0.102921 -0.107078
0.244153 0.102844 -0.107381
0.244777 0.102854 -0.107729
0.245401 0.102864 -0.108077
0.245907 0.102917 -0.108448
0.246531 0.102927 -0.108797
0.247037 0.102981 -0.109168
0.249768 0.102934 -0.110515
0.250510 0.102901 -0.110840
0.251251 0.102868 -0.111166
0.251640 0.102964 -0.111560
0.252028 0.103061 -0.111954
0.253393 0.103037 -0.112627
0.254017 0.103047 -0.112976
0.254995 0.102928 -0.113255
0.255618 0.102938 -0.113603
0.256007 0.103034 -0.113997
0.256513 0.103087 -0.114369
0.256901 0.103184 -0.114762
0.257642 0.103151 -0.115088
0.258266 0.103161 -0.115436
0.259008 0.103127 -0.115761
0.259396 0.103224 -0.116155
0.259902 0.103277 -0.116527
0.260172 0.103417 -0.116943
0.260561 0.103513 -0.117337
0.260949 0.103610 -0.117731
0.261337 0.103706 -0.118125
0.261843 0.103759 -0.118496
0.262349 0.103813 -0.118867
0.262855 0.103866 -0.119239
0.263243 0.103962 -0.119633
0.263513 0.104102 -0.120049
0.263783 0.104242 -0.120466
0.264171 0.104338 -0.120860
0.264442 0.104478 -0.121277
0.264594 0.104661 -0.121717
0.264864 0.104800 -0.122133
0.265017 0.104983 -0.122573
0.265051 0.105210 -0.123036
0.265204 0.105393 -0.123475
0.265238 0.105619 -0.123938
0.265037 0.105931 -0.124446
0.264836 0.106244 -0.124954
0.264752 0.106513 -0.125440
0.264433 0.106869 -0.125971
0.264232 0.107182 -0.126479
0.263795 0.107581 -0.127033
0.263004 0.108110 -0.127656
0.263039 0.108336 -0.128118
0.263309 0.108476 -0.128535
0.263343 0.108702 -0.128998
0.263496 0.108885 -0.129437
0.263648 0.109068 -0.129877
0.263800 0.109251 -0.130317
0.264071 0.109390 -0.130733
0.264341 0.109530 -0.131150
0.264611 0.109670 -0.131567
0.264646 0.109896 -0.132030
0.265034 0.109992 -0.132424
0.265304 0.110132 -0.132840
0.265574 0.110272 -0.133257
0.265962 0.110368 -0.133651
0.266233 0.110508 -0.134068
0.266503 0.110648 -0.134485
0.266773 0.110787 -0.134902
0.267043 0.110927 -0.135318
0.267196 0.111110 -0.135758
0.267466 0.111250 -0.136175
0.267736 0.111390 -0.136592
0.268124 0.111486 -0.136986
0.268512 0.111582 -0.137380
0.268901 0.111679 -0.137774
0.269642 0.111646 -0.138099
0.270384 0.111612 -0.138424
0.271008 0.111622 -0.138773
0.271514 0.111676 -0.139144
0.271902 0.111772 -0.139538
0.272054 0.111955 -0.139977
0.272325 0.112095 -0.140394
0.272477 0.112278 -0.140834
0.272747 0.112417 -0.141251
0.273018 0.112557 -0.141667
0.273406 0.112654 -0.142061
0.273204 0.112966 -0.142570
0.273475 0.113106 -0.142987
0.273863 0.113202 -0.143380
0.274251 0.113299 -0.143774
0.274403 0.113482 -0.144214
0.274320 0.113751 -0.144700
0.274590 0.113891 -0.145116
0.274625 0.114117 -0.145579
0.274659 0.114343 -0.146041
0.274694 0.114569 -0.146504
0.274728 0.114796 -0.146966
0.274763 0.115022 -0.147429
0.274561 0.115334 -0.147937
0.274714 0.115517 -0.148377
0.274041 0.116003 -0.148977
0.274075 0.116229 -0.149439
0.274346 0.116369 -0.149856
0.274027 0.116725 -0.150387
0.322933 0.111002 -0.165387
0.323970 0.110851 -0.165659
0.324454 0.110908 -0.166036
0.325160 0.110882 -0.166371
0.325644 0.110940 -0.166748
0.325907 0.111081 -0.167166
0.326060 0.111264 -0.167606
0.326212 0.111447 -0.168046
0.326364 0.111630 -0.168485
0.325742 0.112105 -0.169072
0.326005 0.112246 -0.169490
0.326268 0.112387 -0.169909
0.326089 0.112696 -0.170412
0.325799 0.113046 -0.170935
0.325619 0.113354 -0.171438
0.324776 0.113913 -0.172066
0.324928 0.114096 -0.172506
0.324749 0.114405 -0.173008
0.324348 0.114796 -0.173553
0.198015 0.103575 -0.082411
0.198541 0.103619 -0.082779
0.199066 0.103662 -0.083148
0.225096 0.100425 -0.090826
0.225746 0.100422 -0.091171
0.226396 0.100419 -0.091515
0.226922 0.100463 -0.091883
0.227573 0.100460 -0.092228
0.228223 0.100457 -0.092572
0.228749 0.100501 -0.092940
0.229275 0.100544 -0.093309
0.229676 0.100634 -0.093701
0.230202 0.100678 -0.094069
0.230728 0.100721 -0.094437
0.231254 0.100765 -0.094805
0.231531 0.100902 -0.095221
0.232057 0.100945 -0.095589
0.232458 0.101035 -0.095981
0.232735 0.101172 -0.096397
0.233261 0.101215 -0.096765
0.233663 0.101305 -0.097157
0.234189 0.101349 -0.097526
0.234466 0.101485 -0.097941
0.234618 0.101668 -0.098381
0.234895 0.101805 -0.098797
0.235172 0.101941 -0.099213
0.235199 0.102171 -0.099676
0.235227 0.102400 -0.100140
0.235504 0.102536 -0.100556
0.235408 0.102812 -0.101043
0.235435 0.103042 -0.101507
0.235712 0.103178 -0.101922
0.238439 0.103120 -0.103276
0.239214 0.103071 -0.103597
0.239864 0.103068 -0.103941
0.240390 0.103111 -0.104309
0.240785 0.103205 -0.104702
0.240937 0.103388 -0.105142
0.241443 0.103441 -0.105513
0.241831 0.103537 -0.105907
0.244174 0.103394 -0.106861
0.244798 0.103403 -0.107209
0.245422 0.103413 -0.107557
0.246046 0.103423 -0.107906
0.246670 0.103433 -0.108254
0.247176 0.103486 -0.108625
0.247446 0.103626 -0.109042
0.248929 0.103559 -0.109693
0.249907 0.103439 -0.109973
0.250649 0.103405 -0.110298
0.251272 0.103415 -0.110646
0.251778 0.103468 -0.111018
0.252284 0.103521 -0.111389
0.252437 0.103704 -0.111828
0.254274 0.103508 -0.112411
0.255016 0.103474 -0.112736
0.255639 0.103484 -0.113085
0.256145 0.103537 -0.113456
0.256651 0.103590 -0.113827
0.257039 0.103687 -0.114221
0.257663 0.103697 -0.114569
0.258523 0.103620 -0.114872
0.259029 0.103673 -0.115243
0.259535 0.103726 -0.115614
0.259923 0.103822 -0.116008
0.260311 0.103919 -0.116402
0.260581 0.104059 -0.116819
0.260969 0.104155 -0.117213
0.261475 0.104208 -0.117584
0.261746 0.104348 -0.118001
0.262370 0.104358 -0.118349
0.262876 0.104411 -0.118720
0.263382 0.104464 -0.119091
0.263652 0.104603 -0.119508
0.263922 0.104743 -0.119925
0.264310 0.104839 -0.120319
0.264580 0.104979 -0.120736
0.264733 0.105162 -0.121176
0.264885 0.105345 -0.121615
0.265037 0.105528 -0.122055
0.265190 0.105711 -0.122495
0.265342 0.105894 -0.122934
0.265259 0.106163 -0.123420
0.265175 0.106433 -0.123905
0.265092 0.106702 -0.124390
0.264891 0.107015 -0.124899
0.264690 0.107328 -0.125407
0.264253 0.107727 -0.125961
0.263462 0.108256 -0.126583
0.263143 0.108612 -0.127114
0.263059 0.108882 -0.127600
0.263212 0.109065 -0.128039
0.263364 0.109248 -0.128479
0.263517 0.109431 -0.128919
0.263669 0.109614 -0.129358
0.263939 0.109753 -0.129775
0.264092 0.109936 -0.130215
0.264362 0.110076 -0.130632
0.264632 0.110215 -0.131049
0.264784 0.110398 -0.131488
0.265055 0.110538 -0.131905
0.265325 0.110678 -0.132322
0.265713 0.110774 -0.132716
0.265865 0.110957 -0.133156
0.266136 0.111097 -0.133572
0.266406 0.111236 -0.133989
0.266794 0.111333 -0.134383
0.266946 0.111516 -0.134823
0.267217 0.111655 -0.135240
0.267487 0.111795 -0.135657
0.267875 0.111891 -0.136051
0.268263 0.111988 -0.136445
0.268533 0.112127 -0.136861
0.269039 0.112181 -0.137233
0.269545 0.112234 -0.137604
0.270051 0.112287 -0.137975
0.270793 0.112253 -0.138300
0.271535 0.112220 -0.138626
0.272041 0.112273 -0.138997
0.272547 0.112326 -0.139368
0.272817 0.112466 -0.139785
0.273205 0.112562 -0.140179
0.273593 0.112659 -0.140573
0.273863 0.112798 -0.140990
0.274016 0.112981 -0.141429
0.274286 0.113121 -0.141846
0.273967 0.113477 -0.142377
0.274237 0.113617 -0.142794
0.274507 0.113756 -0.143211
0.274778 0.113896 -0.143628
0.274930 0.114079 -0.144067
0.274964 0.114305 -0.144530
0.275117 0.114488 -0.144970
0.275033 0.114758 -0.145455
0.275186 0.114940 -0.145895
0.275102 0.115210 -0.146380
0.275019 0.115479 -0.146865
0.275171 0.115662 -0.147305
0.275088 0.115932 -0.147790
0.275123 0.116158 -0.148253
0.274686 0.116557 -0.148807
0.274720 0.116784 -0.149269
0.325209 0.110914 -0.164919
0.325693 0.110972 -0.165296
0.325956 0.111113 -0.165715
0.326219 0.111254 -0.166133
0.326482 0.111395 -0.166552
0.326635 0.111578 -0.166992
0.326787 0.111761 -0.167432
0.326829 0.111985 -0.167892
0.326871 0.112210 -0.168353
0.326581 0.112561 -0.168876
0.326733 0.112744 -0.169316
0.326664 0.113010 -0.169797
0.326706 0.113235 -0.170258
0.326195 0.113669 -0.170823
0.325683 0.114103 -0.171388
0.325504 0.114412 -0.171891
0.325546 0.114637 -0.172351
0.324924 0.115112 -0.172937
0.325076 0.115295 -0.173377
0.197667 0.104292 -0.081949
0.198317 0.104289 -0.082294
0.198719 0.104378 -0.082686
0.198995 0.104515 -0.083102
0.225141 0.101215 -0.090766
0.225792 0.101212 -0.091110
0.226442 0.101209 -0.091455
0.227217 0.101159 -0.091776
0.227867 0.101156 -0.092121
0.228517 0.101153 -0.092465
0.229043 0.101196 -0.092833
0.229444 0.101286 -0.093226
0.229846 0.101376 -0.093618
0.230496 0.101372 -0.093962
0.230897 0.101462 -0.094355
0.231423 0.101506 -0.094723
0.231824 0.101595 -0.095115
0.232226 0.101685 -0.095507
0.232751 0.101729 -0.095876
0.233028 0.101865 -0.096291
0.233430 0.101955 -0.096684
0.233831 0.102045 -0.097076
0.234232 0.102135 -0.097468
0.234260 0.102364 -0.097931
0.234537 0.102500 -0.098347
0.234814 0.102637 -0.098763
0.234966 0.102820 -0.099203
0.235119 0.103003 -0.099642
0.235271 0.103186 -0.100082
0.235299 0.103415 -0.100546
0.235202 0.103691 -0.101033
0.235479 0.103828 -0.101449
0.235507 0.104057 -0.101912
0.238855 0.103765 -0.103148
0.239505 0.103761 -0.103493
0.240155 0.103758 -0.103837
0.240681 0.103802 -0.104206
0.240958 0.103938 -0.104621
0.241228 0.104078 -0.105038
0.241734 0.104131 -0.105409
0.241887 0.104313 -0.105849
0.244465 0.104083 -0.106757
0.245207 0.104049 -0.107083
0.245949 0.104015 -0.107408
0.246455 0.104068 -0.107780
0.247079 0.104078 -0.108128
0.247585 0.104131 -0.108499
0.249692 0.104073 -0.109499
0.250552 0.103997 -0.109801
0.251058 0.104050 -0.110173
0.251681 0.104059 -0.110521
0.252070 0.104156 -0.110915
0.252575 0.104209 -0.111286
0.253823 0.104228 -0.111983
0.254801 0.104108 -0.112263
0.255425 0.104117 -0.112611
0.256048 0.104127 -0.112960
0.256436 0.104223 -0.113354
0.256825 0.104320 -0.113748
0.257331 0.104373 -0.114119
0.258190 0.104296 -0.114422
0.258932 0.104262 -0.114747
0.259438 0.104315 -0.115118
0.259826 0.104411 -0.115512
0.260214 0.104508 -0.115906
0.260484 0.104647 -0.116323
0.260755 0.104787 -0.116740
0.261143 0.104883 -0.117134
0.261531 0.104979 -0.117528
0.262155 0.104989 -0.117877
0.262778 0.104999 -0.118225
0.263284 0.105052 -0.118596
0.263673 0.105148 -0.118990
0.263943 0.105288 -0.119407
0.264331 0.105384 -0.119801
0.264601 0.105524 -0.120218
0.264754 0.105707 -0.120658
0.264906 0.105890 -0.121097
0.265176 0.106029 -0.121514
0.265211 0.106255 -0.121977
0.265363 0.106438 -0.122416
0.265280 0.106708 -0.122902
0.265196 0.106978 -0.123387
0.265231 0.107204 -0.123849
0.264912 0.107560 -0.124380
0.264710 0.107873 -0.124889
0.264391 0.108229 -0.125420
0.263129 0.108932 -0.126133
0.263164 0.109158 -0.126596
0.263198 0.109384 -0.127058
0.263115 0.109654 -0.127544
0.263267 0.109837 -0.127983
0.263537 0.109976 -0.128400
0.263690 0.110159 -0.128840
0.263842 0.110342 -0.129279
0.263995 0.110525 -0.129719
0.264265 0.110665 -0.130136
0.264535 0.110804 -0.130553
0.264805 0.110944 -0.130970
0.265076 0.111084 -0.131386
0.265346 0.111223 -0.131803
0.265616 0.111363 -0.132220
0.265886 0.111503 -0.132637
0.266039 0.111686 -0.133077
0.266309 0.111825 -0.133494
0.266697 0.111921 -0.133888
0.266967 0.112061 -0.134304
0.267237 0.112201 -0.134721
0.267626 0.112297 -0.135115
0.268014 0.112393 -0.135509
0.268402 0.112490 -0.135903
0.268790 0.112586 -0.136297
0.269178 0.112682 -0.136691
0.269566 0.112779 -0.137085
0.270072 0.112832 -0.137457
0.270578 0.112885 -0.137828
0.271084 0.112938 -0.138199
0.271826 0.112904 -0.138525
0.272567 0.112870 -0.138850
0.273309 0.112837 -0.139176
0.273579 0.112976 -0.139593
0.273968 0.113073 -0.139987
0.274356 0.113169 -0.140381
0.274508 0.113352 -0.140820
0.274660 0.113535 -0.141260
0.274813 0.113718 -0.141700
0.274847 0.113944 -0.142162
0.275000 0.114127 -0.142602
0.274916 0.114396 -0.143087
0.275069 0.114579 -0.143527
0.275339 0.114719 -0.143944
0.275255 0.114989 -0.144429
0.275408 0.115172 -0.144869
0.275560 0.115354 -0.145308
0.275713 0.115537 -0.145748
0.275983 0.115677 -0.146165
0.276135 0.115860 -0.146605
0.276405 0.116000 -0.147021
0.276322 0.116269 -0.147507
0.276239 0.116539 -0.147992
0.276391 0.116722 -0.148432
0.325189 0.111213 -0.163949
0.325784 0.111228 -0.164305
0.326268 0.111285 -0.164682
0.326531 0.111426 -0.165101
0.326794 0.111567 -0.165519
0.326946 0.111750 -0.165959
0.327099 0.111933 -0.166399
0.327251 0.112116 -0.166839
0.327404 0.112299 -0.167278
0.327335 0.112566 -0.167760
0.327266 0.112833 -0.168241
0.327197 0.113099 -0.168723
0.327239 0.113324 -0.169183
0.327060 0.113633 -0.169685
0.327101 0.113858 -0.170146
0.326812 0.114208 -0.170669
0.326411 0.114601 -0.171213
0.326342 0.114868 -0.171695
0.326163 0.115176 -0.172197
0.325652 0.115611 -0.172762
0.325694 0.115836 -0.173222
0.323966 0.116731 -0.174017
0.197195 0.105056 -0.081510
0.198094 0.104959 -0.081808
0.198495 0.105049 -0.082200
0.198772 0.105185 -0.082616
0.225063 0.102053 -0.090729
0.225837 0.102003 -0.091050
0.226736 0.101906 -0.091347
0.227387 0.101902 -0.091692
0.227788 0.101992 -0.092085
0.228438 0.101988 -0.092429
0.229212 0.101938 -0.092750
0.229489 0.102074 -0.093166
0.230015 0.102117 -0.093535
0.230541 0.102160 -0.093903
0.231066 0.102203 -0.094272
0.231467 0.102293 -0.094664
0.231993 0.102336 -0.095033
0.232394 0.102426 -0.095425
0.232671 0.102562 -0.095841
0.233197 0.102605 -0.096209
0.233474 0.102741 -0.096625
0.233875 0.102831 -0.097018
0.234152 0.102967 -0.097434
0.234428 0.103104 -0.097850
0.234581 0.103287 -0.098289
0.234858 0.103423 -0.098705
0.235010 0.103606 -0.099145
0.235038 0.103835 -0.099608
0.235066 0.104065 -0.100072
0.235094 0.104294 -0.100535
0.235246 0.104477 -0.100975
0.235523 0.104614 -0.101391
0.238248 0.104553 -0.102746
0.239147 0.104456 -0.103044
0.239672 0.104499 -0.103412
0.240447 0.104449 -0.103733
0.240973 0.104492 -0.104102
0.241249 0.104628 -0.104518
0.241520 0.104768 -0.104935
0.241790 0.104907 -0.105351
0.242178 0.105003 -0.105745
0.245498 0.104738 -0.106980
0.246240 0.104704 -0.107305
0.246864 0.104714 -0.107654
0.247370 0.104767 -0.108025
0.250219 0.104675 -0.109350
0.250843 0.104684 -0.109699
0.251349 0.104737 -0.110070
0.251855 0.104790 -0.110441
0.252243 0.104886 -0.110835
0.252749 0.104939 -0.111207
0.254114 0.104915 -0.111881
0.254974 0.104837 -0.112183
0.255598 0.104847 -0.112532
0.256104 0.104900 -0.112903
0.256610 0.104953 -0.113274
0.257857 0.104972 -0.113971
0.258599 0.104938 -0.114297
0.259105 0.104991 -0.114668
0.259611 0.105044 -0.115039
0.259999 0.105140 -0.115434
0.260387 0.105236 -0.115828
0.260540 0.105419 -0.116267
0.260810 0.105559 -0.116684
0.261198 0.105655 -0.117078
0.261822 0.105664 -0.117427
0.262446 0.105674 -0.117775
0.262952 0.105727 -0.118146
0.263458 0.105780 -0.118518
0.263728 0.105919 -0.118934
0.264116 0.106016 -0.119329
0.264386 0.106155 -0.119745
0.264539 0.106338 -0.120185
0.264927 0.106434 -0.120579
0.265079 0.106617 -0.121019
0.265114 0.106843 -0.121481
0.265148 0.107070 -0.121944
0.265183 0.107296 -0.122406
0.265217 0.107522 -0.122869
0.265134 0.107792 -0.123354
0.264815 0.108148 -0.123885
0.264613 0.108461 -0.124393
0.264294 0.108818 -0.124924
0.263150 0.109478 -0.125615
0.263185 0.109704 -0.126077
0.262983 0.110017 -0.126585
0.263136 0.110200 -0.127025
0.263288 0.110383 -0.127465
0.263440 0.110566 -0.127904
0.263593 0.110749 -0.128344
0.263863 0.110888 -0.128761
0.264015 0.111071 -0.129200
0.264168 0.111254 -0.129640
0.264556 0.111350 -0.130034
0.264708 0.111533 -0.130474
0.265096 0.111629 -0.130868
0.265367 0.111769 -0.131285
0.265637 0.111909 -0.131702
0.265671 0.112135 -0.132164
0.265942 0.112275 -0.132581
0.266212 0.112414 -0.132998
0.266600 0.112510 -0.133392
0.266988 0.112607 -0.133786
0.267258 0.112746 -0.134203
0.267764 0.112799 -0.134574
0.268152 0.112895 -0.134968
0.268540 0.112991 -0.135362
0.269046 0.113044 -0.135733
0.269435 0.113141 -0.136128
0.269823 0.113237 -0.136522
0.270211 0.113333 -0.136916
0.270599 0.113429 -0.137310
0.271105 0.113482 -0.137681
0.271493 0.113578 -0.138075
0.272353 0.113501 -0.138378
0.273212 0.113424 -0.138681
0.273836 0.113434 -0.139029
0.274224 0.113530 -0.139423
0.274612 0.113626 -0.139817
0.274765 0.113809 -0.140257
0.275035 0.113949 -0.140674
0.275305 0.114088 -0.141091
0.275457 0.114271 -0.141530
0.275374 0.114541 -0.142016
0.275526 0.114724 -0.142455
0.275325 0.115037 -0.142963
0.275477 0.115220 -0.143403
0.275748 0.115359 -0.143820
0.275900 0.115542 -0.144260
0.276170 0.115682 -0.144677
0.276558 0.115778 -0.145071
0.276711 0.115961 -0.145510
0.276863 0.116144 -0.145950
0.277016 0.116327 -0.146390
0.277168 0.116510 -0.146829
0.277085 0.116779 -0.147315
0.277119 0.117006 -0.147777
0.277507 0.117102 -0.148171
0.325543 0.111610 -0.163376
0.326138 0.111625 -0.163733
0.326622 0.111682 -0.164110
0.326885 0.111823 -0.164529
0.327148 0.111964 -0.164948
0.327300 0.112147 -0.165387
0.327452 0.112330 -0.165827
0.327494 0.112555 -0.166287
0.327647 0.112738 -0.166727
0.327799 0.112921 -0.167167
0.327730 0.113188 -0.167648
0.327661 0.113455 -0.168130
0.327593 0.113722 -0.168611
0.327635 0.113946 -0.169071
0.327455 0.114255 -0.169574
0.327497 0.114480 -0.170034
0.327207 0.114831 -0.170557
0.327028 0.115140 -0.171059
0.326849 0.115449 -0.171561
0.326670 0.115758 -0.172064
0.326601 0.116025 -0.172545
0.326422 0.116334 -0.173047
0.324916 0.117147 -0.173799
0.197871 0.105630 -0.081322
0.198273 0.105719 -0.081714
0.198549 0.105855 -0.082130
0.198702 0.106038 -0.082570
0.198854 0.106221 -0.083009
0.225635 0.102887 -0.091037
0.226658 0.102742 -0.091311
0.227183 0.102785 -0.091680
0.227958 0.102735 -0.092001
0.228608 0.102731 -0.092346
0.229133 0.102773 -0.092715
0.229659 0.102816 -0.093083
0.230184 0.102859 -0.093452
0.230461 0.102995 -0.093868
0.230862 0.103085 -0.094260
0.231512 0.103081 -0.094605
0.231913 0.103170 -0.094998
0.232439 0.103213 -0.095366
0.232840 0.103302 -0.095759
0.233117 0.103439 -0.096175
0.233518 0.103528 -0.096567
0.233919 0.103618 -0.096959
0.234320 0.103707 -0.097352
0.234472 0.103890 -0.097791
0.234500 0.104120 -0.098255
0.234777 0.104256 -0.098671
0.234805 0.104486 -0.099134
0.234833 0.104715 -0.099597
0.234861 0.104945 -0.100061
0.234889 0.105175 -0.100524
0.235166 0.105311 -0.100940
0.235318 0.105494 -0.101380
0.239439 0.105147 -0.102939
0.240213 0.105096 -0.103261
0.240738 0.105139 -0.103629
0.241140 0.105228 -0.104022
0.241416 0.105365 -0.104438
0.241693 0.105501 -0.104854
0.242081 0.105597 -0.105248
0.242469 0.105693 -0.105642
0.245672 0.105470 -0.106899
0.246531 0.105393 -0.107202
0.246919 0.105489 -0.107596
0.247425 0.105542 -0.107967
0.250392 0.105406 -0.109270
0.251016 0.105415 -0.109619
0.251522 0.105468 -0.109990
0.251910 0.105564 -0.110384
0.252416 0.105617 -0.110756
0.252922 0.105669 -0.111127
0.253428 0.105722 -0.111498
0.254288 0.105645 -0.111801
0.255029 0.105611 -0.112127
0.255535 0.105663 -0.112498
0.256277 0.105629 -0.112824
0.256665 0.105726 -0.113218
0.257053 0.105822 -0.113612
0.258149 0.105658 -0.113869
0.258772 0.105667 -0.114218
0.259278 0.105720 -0.114589
0.259902 0.105729 -0.114938
0.260172 0.105869 -0.115355
0.260443 0.106008 -0.115771
0.260595 0.106191 -0.116211
0.260865 0.106331 -0.116628
0.261371 0.106383 -0.116999
0.261877 0.106436 -0.117371
0.262619 0.106402 -0.117696
0.263125 0.106455 -0.118068
0.263395 0.106594 -0.118485
0.263665 0.106734 -0.118901
0.264053 0.106830 -0.119296
0.264206 0.107013 -0.119735
0.264712 0.107066 -0.120107
0.264864 0.107249 -0.120546
0.264899 0.107475 -0.121009
0.265051 0.107658 -0.121448
0.264968 0.107928 -0.121934
0.265002 0.108154 -0.122396
0.264919 0.108424 -0.122881
0.264600 0.108780 -0.123412
0.264634 0.109007 -0.123875
0.263254 0.109754 -0.124611
0.262935 0.110110 -0.125141
0.262970 0.110337 -0.125604
0.262886 0.110606 -0.126089
0.263039 0.110789 -0.126529
0.263309 0.110929 -0.126946
0.263343 0.111155 -0.127408
0.263496 0.111338 -0.127848
0.263766 0.111478 -0.128265
0.263918 0.111660 -0.128704
0.264071 0.111843 -0.129144
0.264341 0.111983 -0.129561
0.264729 0.112079 -0.129955
0.264881 0.112262 -0.130395
0.265270 0.112358 -0.130789
0.265540 0.112498 -0.131206
0.265810 0.112637 -0.131623
0.265962 0.112820 -0.132062
0.266233 0.112960 -0.132479
0.266621 0.113056 -0.132873
0.267009 0.113152 -0.133267
0.267397 0.113248 -0.133662
0.268021 0.113258 -0.134010
0.268409 0.113354 -0.134404
0.268679 0.113493 -0.134821
0.269185 0.113546 -0.135192
0.269691 0.113599 -0.135564
0.269961 0.113738 -0.135981
0.270349 0.113835 -0.136375
0.270855 0.113887 -0.136746
0.271126 0.114027 -0.137163
0.271514 0.114123 -0.137557
0.272020 0.114176 -0.137928
0.272644 0.114185 -0.138277
0.273503 0.114108 -0.138580
0.274127 0.114117 -0.138928
0.274633 0.114170 -0.139300
0.275021 0.114266 -0.139694
0.275291 0.114405 -0.140110
0.275561 0.114545 -0.140527
0.275950 0.114641 -0.140921
0.276102 0.114824 -0.141361
0.276136 0.115050 -0.141824
0.276407 0.115190 -0.142241
0.276559 0.115373 -0.142680
0.276240 0.115729 -0.143211
0.276392 0.115912 -0.143651
0.276663 0.116052 -0.144068
0.277051 0.116148 -0.144462
0.277203 0.116331 -0.144901
0.277238 0.116557 -0.145364
0.277508 0.116697 -0.145781
0.277542 0.116923 -0.146243
0.277459 0.117193 -0.146728
0.277493 0.117419 -0.147191
0.277646 0.117602 -0.147631
0.278270 0.117612 -0.147979
0.324860 0.112161 -0.162531
0.325786 0.112050 -0.162825
0.326381 0.112064 -0.163182
0.326865 0.112121 -0.163559
0.327238 0.112220 -0.163957
0.327501 0.112361 -0.164376
0.327653 0.112544 -0.164815
0.327806 0.112727 -0.165255
0.327958 0.112910 -0.165695
0.328000 0.113135 -0.166155
0.328152 0.113318 -0.166595
0.328084 0.113585 -0.167076
0.328015 0.113852 -0.167558
0.327946 0.114119 -0.168039
0.327988 0.114344 -0.168499
0.327698 0.114695 -0.169022
0.327740 0.114920 -0.169483
0.327561 0.115229 -0.169985
0.327492 0.115496 -0.170466
0.327313 0.115805 -0.170968
0.327134 0.116114 -0.171470
0.326955 0.116423 -0.171972
0.326997 0.116648 -0.172433
0.326597 0.117042 -0.172976
0.325865 0.117561 -0.173582
0.325023 0.118122 -0.174209
0.197400 0.106395 -0.080882
0.198174 0.106344 -0.081204
0.198451 0.106480 -0.081620
0.198603 0.106663 -0.082060
0.198880 0.106799 -0.082476
0.198784 0.107075 -0.082963
0.225930 0.103584 -0.090929
0.226579 0.103580 -0.091274
0.227229 0.103576 -0.091619
0.227879 0.103571 -0.091964
0.228653 0.103520 -0.092286
0.229054 0.103609 -0.092678
0.229579 0.103652 -0.093047
0.230105 0.103694 -0.093416
0.230382 0.103831 -0.093832
0.231031 0.103826 -0.094177
0.231557 0.103869 -0.094546
0.232082 0.103911 -0.094915
0.232483 0.104001 -0.095307
0.232760 0.104137 -0.095724
0.233037 0.104273 -0.096140
0.233562 0.104315 -0.096508
0.233839 0.104451 -0.096924
0.234116 0.104588 -0.097341
0.234144 0.104817 -0.097804
0.234420 0.104953 -0.098220
0.234324 0.105230 -0.098707
0.234601 0.105366 -0.099123
0.234504 0.105643 -0.099610
0.234408 0.105919 -0.100097
0.234809 0.106009 -0.100489
0.235086 0.106145 -0.100905
0.238956 0.105889 -0.102513
0.239855 0.105791 -0.102811
0.240380 0.105834 -0.103180
0.240906 0.105876 -0.103549
0.241307 0.105965 -0.103941
0.241583 0.106102 -0.104357
0.241860 0.106238 -0.104773
0.242255 0.106330 -0.105167
0.242643 0.106426 -0.105561
0.245963 0.106159 -0.106796
0.246587 0.106168 -0.107144
0.247093 0.106221 -0.107516
0.247245 0.106404 -0.107955
0.249352 0.106345 -0.108956
0.250566 0.106137 -0.109190
0.251189 0.106146 -0.109539
0.251578 0.106242 -0.109933
0.251966 0.106338 -0.110327
0.252472 0.106391 -0.110699
0.252860 0.106487 -0.111093
0.253483 0.106496 -0.111441
0.254343 0.106418 -0.111744
0.255085 0.106384 -0.112070
0.255591 0.106437 -0.112441
0.256215 0.106446 -0.112790
0.258322 0.106387 -0.113790
0.258946 0.106396 -0.114139
0.259452 0.106449 -0.114510
0.259958 0.106501 -0.114882
0.260228 0.106641 -0.115298
0.260262 0.106867 -0.115761
0.260532 0.107007 -0.116178
0.260803 0.107146 -0.116595
0.261191 0.107242 -0.116989
0.261815 0.107251 -0.117337
0.262556 0.107217 -0.117663
0.263062 0.107270 -0.118035
0.263333 0.107409 -0.118451
0.263603 0.107549 -0.118868
0.263873 0.107688 -0.119285
0.264261 0.107784 -0.119679
0.264413 0.107967 -0.120119
0.264684 0.108107 -0.120536
0.264718 0.108333 -0.120998
0.264753 0.108560 -0.121461
0.264669 0.108829 -0.121946
0.264468 0.109143 -0.122454
0.264385 0.109412 -0.122939
0.264066 0.109769 -0.123470
0.262568 0.110560 -0.124229
0.262720 0.110743 -0.124668
0.262873 0.110926 -0.125108
0.262907 0.111152 -0.125570
0.262942 0.111379 -0.126033
0.263094 0.111562 -0.126473
0.263364 0.111701 -0.126889
0.263517 0.111884 -0.127329
0.263551 0.112111 -0.127792
0.263821 0.112250 -0.128209
0.264092 0.112390 -0.128625
0.264362 0.112529 -0.129042
0.264750 0.112625 -0.129436
0.264902 0.112808 -0.129876
0.265173 0.112948 -0.130293
0.265443 0.113087 -0.130710
0.265831 0.113183 -0.131104
0.266101 0.113323 -0.131521
0.266371 0.113462 -0.131938
0.266759 0.113558 -0.132332
0.267265 0.113611 -0.132703
0.267654 0.113707 -0.133098
0.268160 0.113760 -0.133469
0.268548 0.113856 -0.133863
0.268936 0.113952 -0.134257
0.269442 0.114004 -0.134628
0.269830 0.114100 -0.135023
0.270218 0.114196 -0.135417
0.270488 0.114336 -0.135834
0.270994 0.114389 -0.136205
0.271264 0.114528 -0.136622
0.271652 0.114624 -0.137016
0.272040 0.114720 -0.137410
0.272546 0.114773 -0.137782
0.272935 0.114869 -0.138176
0.273441 0.114922 -0.138547
0.274300 0.114844 -0.138850
0.275042 0.114810 -0.139176
0.275312 0.114949 -0.139593
0.275818 0.115002 -0.139964
0.276324 0.115055 -0.140335
0.276594 0.115194 -0.140752
0.276747 0.115377 -0.141192
0.276899 0.115560 -0.141632
0.277169 0.115699 -0.142049
0.277321 0.115882 -0.142488
0.276885 0.116282 -0.143042
0.276919 0.116509 -0.143504
0.277307 0.116605 -0.143898
0.277577 0.116744 -0.144315
0.277612 0.116971 -0.144778
0.278236 0.116980 -0.145126
0.406998 0.066995 -0.121870
0.278894 0.117216 -0.145937
0.278811 0.117485 -0.146423
0.278374 0.117885 -0.146976
0.278762 0.117982 -0.147370
0.279150 0.118078 -0.147764
0.324772 0.112727 -0.162042
0.325919 0.112531 -0.162295
0.326624 0.112503 -0.162630
0.327107 0.112560 -0.163008
0.327370 0.112701 -0.163427
0.327633 0.112841 -0.163846
0.328007 0.112940 -0.164244
0.328048 0.113165 -0.164704
0.328201 0.113348 -0.165144
0.328243 0.113573 -0.165604
0.328395 0.113756 -0.166044
0.328326 0.114023 -0.166525
0.328258 0.114290 -0.167006
0.328189 0.114558 -0.167488
0.328121 0.114825 -0.167969
0.328052 0.115092 -0.168450
0.327983 0.115359 -0.168931
0.327804 0.115669 -0.169433
0.327736 0.115936 -0.169914
0.327667 0.116203 -0.170396
0.327599 0.116470 -0.170877
0.327419 0.116779 -0.171379
0.327240 0.117089 -0.171881
0.327061 0.117398 -0.172383
0.326772 0.117749 -0.172905
0.326372 0.118143 -0.173449
0.325309 0.118789 -0.174117
0.171311 0.105516 -0.063281
0.171463 0.105699 -0.063721
0.174092 0.106151 -0.066033
0.175167 0.105986 -0.066297
0.178344 0.106473 -0.068974
0.178496 0.106656 -0.069414
0.180272 0.106708 -0.070483
0.180688 0.106792 -0.070872
0.197302 0.107020 -0.080372
0.198200 0.106921 -0.080670
0.198601 0.107011 -0.081063
0.198754 0.107193 -0.081502
0.198906 0.107376 -0.081942
0.199059 0.107559 -0.082382
0.199211 0.107742 -0.082821
0.225852 0.104422 -0.090891
0.226626 0.104371 -0.091213
0.227275 0.104366 -0.091559
0.227925 0.104362 -0.091904
0.228450 0.104404 -0.092273
0.229100 0.104399 -0.092618
0.229625 0.104441 -0.092987
0.230026 0.104530 -0.093380
0.230551 0.104573 -0.093749
0.231076 0.104615 -0.094118
0.231602 0.104657 -0.094487
0.232003 0.104746 -0.094879
0.232404 0.104835 -0.095272
0.232805 0.104925 -0.095665
0.233081 0.105061 -0.096081
0.233482 0.105150 -0.096473
0.233759 0.105286 -0.096889
0.234036 0.105422 -0.097305
0.234064 0.105652 -0.097769
0.234216 0.105835 -0.098208
0.234244 0.106064 -0.098672
0.234272 0.106294 -0.099135
0.234052 0.106618 -0.099645
0.234328 0.106754 -0.100061
0.234605 0.106890 -0.100477
0.238350 0.106679 -0.102110
0.239248 0.106581 -0.102409
0.240022 0.106529 -0.102730
0.240547 0.106571 -0.103099
0.241073 0.106613 -0.103468
0.241474 0.106703 -0.103861
0.241750 0.106839 -0.104277
0.242151 0.106928 -0.104670
0.242428 0.107064 -0.105086
0.242698 0.107203 -0.105503
0.245901 0.106979 -0.106761
0.246407 0.107031 -0.107132
0.246913 0.107084 -0.107504
0.249879 0.106946 -0.108807
0.250739 0.106868 -0.109110
0.251245 0.106921 -0.109482
0.251751 0.106973 -0.109853
0.252021 0.107113 -0.110270
0.252409 0.107209 -0.110664
0.252797 0.107305 -0.111058
0.253657 0.107227 -0.111362
0.254398 0.107192 -0.111687
0.255140 0.107158 -0.112013
0.255646 0.107210 -0.112385
0.255916 0.107350 -0.112802
0.258495 0.107116 -0.113711
0.259119 0.107125 -0.114060
0.259625 0.107178 -0.114431
0.259895 0.107317 -0.114848
0.260047 0.107500 -0.115288
0.260318 0.107640 -0.115705
0.260588 0.107779 -0.116122
0.260740 0.107962 -0.116561
0.261128 0.108058 -0.116955
0.261870 0.108024 -0.117281
0.262494 0.108033 -0.117630
0.262882 0.108129 -0.118024
0.263270 0.108225 -0.118418
0.263540 0.108364 -0.118835
0.263810 0.108503 -0.119252
0.263963 0.108686 -0.119692
0.264233 0.108826 -0.120109
0.264385 0.109009 -0.120548
0.264538 0.109192 -0.120988
0.264337 0.109505 -0.121496
0.264253 0.109775 -0.121981
0.264052 0.110088 -0.122489
0.262083 0.111054 -0.123338
0.262235 0.111237 -0.123778
0.262505 0.111376 -0.124195
0.262776 0.111516 -0.124612
0.262692 0.111786 -0.125097
0.262845 0.111969 -0.125537
0.262997 0.112151 -0.125977
0.263032 0.112378 -0.126439
0.263302 0.112517 -0.126856
0.263454 0.112700 -0.127296
0.263724 0.112840 -0.127712
0.263995 0.112979 -0.128129
0.264265 0.113119 -0.128546
0.264653 0.113215 -0.128940
0.264923 0.113354 -0.129357
0.265193 0.113494 -0.129774
0.265464 0.113633 -0.130191
0.265734 0.113773 -0.130608
0.266122 0.113869 -0.131002
0.266510 0.113964 -0.131397
0.266898 0.114060 -0.131791
0.267404 0.114113 -0.132162
0.267910 0.114166 -0.132533
0.268298 0.114262 -0.132928
0.268686 0.114358 -0.133322
0.269192 0.114410 -0.133693
0.269580 0.114506 -0.134087
0.270086 0.114559 -0.134459
0.270357 0.114698 -0.134876
0.270745 0.114794 -0.135270
0.271133 0.114890 -0.135664
0.271521 0.114986 -0.136058
0.271791 0.115125 -0.136475
0.272179 0.115221 -0.136869
0.272567 0.115317 -0.137263
0.272955 0.115413 -0.137658
0.273461 0.115466 -0.138029
0.273967 0.115518 -0.138400
0.274473 0.115571 -0.138772
0.275097 0.115580 -0.139120
0.275839 0.115546 -0.139446
0.276345 0.115598 -0.139818
0.276851 0.115651 -0.140189
0.277121 0.115790 -0.140606
0.277273 0.115973 -0.141046
0.277543 0.116113 -0.141463
0.277814 0.116252 -0.141880
0.277966 0.116435 -0.142319
0.277529 0.116835 -0.142873
0.277682 0.117018 -0.143312
0.278305 0.117027 -0.143661
0.278458 0.117210 -0.144101
0.278846 0.117306 -0.144495
0.279352 0.117359 -0.144866
0.279622 0.117498 -0.145283
0.279892 0.117638 -0.145700
0.280280 0.117734 -0.146094
0.279608 0.118221 -0.146693
0.279289 0.118578 -0.147224
0.325720 0.113139 -0.161826
0.326646 0.113026 -0.162121
0.327129 0.113083 -0.162498
0.327503 0.113181 -0.162897
0.327765 0.113322 -0.163316
0.328139 0.113421 -0.163714
0.328402 0.113561 -0.164133
0.328443 0.113786 -0.164593
0.328485 0.114012 -0.165054
0.328638 0.114195 -0.165493
0.328569 0.114462 -0.165974
0.328390 0.114771 -0.166476
0.328543 0.114954 -0.166916
0.328364 0.115264 -0.167418
0.328295 0.115531 -0.167899
0.328116 0.115841 -0.168401
0.328048 0.116108 -0.168882
0.327979 0.116375 -0.169363
0.327910 0.116643 -0.169844
0.327842 0.116910 -0.170325
0.327663 0.117219 -0.170827
0.327594 0.117487 -0.171308
0.327526 0.117754 -0.171789
0.327126 0.118148 -0.172333
0.327057 0.118415 -0.172814
0.326657 0.118809 -0.173357
0.326037 0.119287 -0.173942
0.169518 0.105592 -0.060743
0.170066 0.105626 -0.061108
0.170766 0.105842 -0.061912
0.171182 0.105926 -0.062302
0.171203 0.106158 -0.062767
0.171882 0.106143 -0.063106
0.172167 0.106276 -0.063521
0.172583 0.106359 -0.063911
0.172735 0.106542 -0.064350
0.173151 0.106626 -0.064740
0.173720 0.106892 -0.065569
0.174399 0.106877 -0.065909
0.180711 0.107382 -0.070334
0.181259 0.107416 -0.070699
0.181675 0.107499 -0.071089
0.197330 0.107602 -0.079836
0.198104 0.107550 -0.080158
0.198754 0.107545 -0.080503
0.199030 0.107681 -0.080919
0.199183 0.107864 -0.081359
0.199211 0.108094 -0.081822
0.199363 0.108277 -0.082262
0.199640 0.108413 -0.082678
0.199544 0.108690 -0.083165
0.227080 0.105261 -0.091538
0.227978 0.105162 -0.091837
0.228503 0.105204 -0.092206
0.229028 0.105246 -0.092575
0.229554 0.105288 -0.092944
0.229955 0.105377 -0.093337
0.230480 0.105419 -0.093706
0.231005 0.105461 -0.094075
0.231530 0.105503 -0.094444
0.231931 0.105592 -0.094837
0.232456 0.105634 -0.095206
0.232857 0.105723 -0.095598
0.233010 0.105906 -0.096038
0.233411 0.105995 -0.096431
0.233687 0.106131 -0.096847
0.233840 0.106314 -0.097286
0.233868 0.106544 -0.097750
0.234020 0.106727 -0.098189
0.234048 0.106957 -0.098652
0.234076 0.107187 -0.099116
0.233980 0.107464 -0.099602
0.234008 0.107693 -0.100066
0.234409 0.107782 -0.100458
0.239176 0.107424 -0.102367
0.240074 0.107326 -0.102665
0.240724 0.107321 -0.103011
0.241125 0.107410 -0.103403
0.241402 0.107546 -0.103820
0.241803 0.107635 -0.104212
0.242079 0.107771 -0.104628
0.242356 0.107907 -0.105044
0.242260 0.108184 -0.105531
0.245612 0.107897 -0.106763
0.246353 0.107862 -0.107089
0.246741 0.107958 -0.107484
0.246422 0.108315 -0.108014
0.249825 0.107775 -0.108765
0.250449 0.107784 -0.109114
0.251308 0.107706 -0.109417
0.251578 0.107845 -0.109834
0.251849 0.107985 -0.110251
0.252237 0.108081 -0.110645
0.252153 0.108351 -0.111131
0.254967 0.108029 -0.111995
0.255473 0.108081 -0.112367
0.255743 0.108220 -0.112784
0.256013 0.108360 -0.113201
0.258086 0.108073 -0.113739
0.259063 0.107951 -0.114020
0.259333 0.108090 -0.114437
0.259839 0.108143 -0.114808
0.260109 0.108282 -0.115225
0.260379 0.108421 -0.115642
0.260532 0.108604 -0.116082
0.260684 0.108787 -0.116522
0.260601 0.109057 -0.117007
0.260400 0.109371 -0.117515
0.262590 0.109040 -0.118030
0.262978 0.109136 -0.118425
0.263130 0.109319 -0.118864
0.263518 0.109415 -0.119259
0.263788 0.109554 -0.119676
0.264059 0.109693 -0.120092
0.264093 0.109920 -0.120555
0.264010 0.110190 -0.121040
0.264044 0.110416 -0.121502
0.263843 0.110730 -0.122010
0.261285 0.111914 -0.122972
0.261791 0.111967 -0.123344
0.262179 0.112062 -0.123738
0.262567 0.112158 -0.124132
0.262602 0.112385 -0.124595
0.262754 0.112568 -0.125035
0.262907 0.112751 -0.125474
0.262941 0.112977 -0.125937
0.262976 0.113204 -0.126399
0.263364 0.113300 -0.126793
0.263634 0.113439 -0.127210
0.263904 0.113578 -0.127627
0.264174 0.113718 -0.128044
0.264562 0.113814 -0.128438
0.264950 0.113909 -0.128833
0.265221 0.114049 -0.129250
0.265491 0.114188 -0.129667
0.265761 0.114328 -0.130083
0.266149 0.114424 -0.130478
0.266655 0.114476 -0.130849
0.266925 0.114615 -0.131266
0.267431 0.114668 -0.131638
0.267937 0.114720 -0.132009
0.268443 0.114772 -0.132381
0.268713 0.114912 -0.132798
0.269219 0.114964 -0.133169
0.269725 0.115016 -0.133541
0.270231 0.115069 -0.133912
0.270501 0.115208 -0.134329
0.270889 0.115304 -0.134723
0.271277 0.115400 -0.135118
0.271665 0.115496 -0.135512
0.272053 0.115591 -0.135906
0.272441 0.115687 -0.136300
0.272829 0.115783 -0.136695
0.273217 0.115879 -0.137089
0.273605 0.115975 -0.137483
0.273993 0.116071 -0.137877
0.274381 0.116167 -0.138272
0.274769 0.116263 -0.138666
0.275393 0.116271 -0.139015
0.276134 0.116237 -0.139341
0.276640 0.116289 -0.139712
0.277264 0.116298 -0.140061
0.277652 0.116394 -0.140455
0.277922 0.116533 -0.140872
0.278310 0.116629 -0.141266
0.278580 0.116768 -0.141683
0.278851 0.116908 -0.142100
0.279121 0.117047 -0.142517
0.279391 0.117186 -0.142934
0.279543 0.117369 -0.143374
0.279342 0.117683 -0.143882
0.279613 0.117822 -0.144299
0.279883 0.117962 -0.144716
0.280271 0.118058 -0.145110
0.280659 0.118153 -0.145504
0.280576 0.118423 -0.145989
0.304970 0.115826 -0.153968
0.309860 0.115402 -0.155862
0.310675 0.115332 -0.156177
0.325964 0.113582 -0.161273
0.326779 0.113512 -0.161588
0.327373 0.113525 -0.161945
0.327747 0.113624 -0.162344
0.328120 0.113722 -0.162742
0.328272 0.113905 -0.163182
0.328535 0.114046 -0.163601
0.328687 0.114229 -0.164040
0.328840 0.114412 -0.164480
0.328882 0.114637 -0.164940
0.328703 0.114947 -0.165442
0.328745 0.115172 -0.165902
0.328566 0.115482 -0.166404
0.328608 0.115707 -0.166865
0.328318 0.116059 -0.167387
0.328250 0.116326 -0.167868
0.328071 0.116636 -0.168370
0.328113 0.116861 -0.168830
0.328155 0.117086 -0.169290
0.328086 0.117354 -0.169772
0.327687 0.117748 -0.170315
0.327839 0.117931 -0.170754
0.327770 0.118198 -0.171235
0.327592 0.118508 -0.171737
0.327413 0.118818 -0.172239
0.327123 0.119170 -0.172761
0.326834 0.119522 -0.173284
0.326655 0.119831 -0.173785
0.169126 0.106102 -0.059814
0.169805 0.106086 -0.060154
0.170353 0.106120 -0.060519
0.170637 0.106253 -0.060933
0.170790 0.106436 -0.061373
0.171074 0.106569 -0.061788
0.171358 0.106702 -0.062202
0.171642 0.106835 -0.062617
0.172058 0.106919 -0.063007
0.172474 0.107002 -0.063396
0.172627 0.107185 -0.063836
0.172779 0.107368 -0.064276
0.173195 0.107451 -0.064665
0.173347 0.107634 -0.065105
0.173764 0.107718 -0.065495
0.174443 0.107702 -0.065835
0.174727 0.107835 -0.066249
0.175275 0.107869 -0.066614
0.175164 0.108151 -0.067104
0.175580 0.108234 -0.067493
0.180622 0.108255 -0.070286
0.184305 0.108308 -0.072400
0.184984 0.108292 -0.072740
0.185532 0.108325 -0.073104
0.185684 0.108508 -0.073544
0.185705 0.108741 -0.074009
0.186121 0.108824 -0.074398
0.186537 0.108908 -0.074788
0.186294 0.109240 -0.075303
0.197855 0.107996 -0.079206
0.198629 0.107943 -0.079528
0.199154 0.107985 -0.079897
0.199431 0.108121 -0.080313
0.199583 0.108304 -0.080753
0.199736 0.108487 -0.081192
0.199640 0.108764 -0.081679
0.199792 0.108947 -0.082119
0.199820 0.109177 -0.082582
0.200097 0.109313 -0.082998
0.227783 0.106056 -0.091817
0.228556 0.106004 -0.092139
0.228957 0.106093 -0.092531
0.229358 0.106182 -0.092924
0.229759 0.106271 -0.093317
0.230284 0.106313 -0.093686
0.230934 0.106307 -0.094032
0.231335 0.106396 -0.094424
0.231860 0.106438 -0.094793
0.232261 0.106527 -0.095186
0.232662 0.106616 -0.095579
0.232938 0.106752 -0.095995
0.233215 0.106888 -0.096411
0.233492 0.107024 -0.096827
0.233644 0.107207 -0.097267
0.233672 0.107437 -0.097730
0.233825 0.107620 -0.098170
0.233853 0.107850 -0.098633
0.233881 0.108080 -0.099096
0.233785 0.108357 -0.099583
0.233937 0.108540 -0.100023
0.234089 0.108722 -0.100462
0.239229 0.108222 -0.102301
0.240127 0.108122 -0.102600
0.240652 0.108164 -0.102969
0.241053 0.108253 -0.103362
0.241578 0.108295 -0.103731
0.241855 0.108431 -0.104147
0.242256 0.108520 -0.104540
0.242408 0.108703 -0.104979
0.242560 0.108886 -0.105419
0.242713 0.109069 -0.105859
0.246300 0.108693 -0.107046
0.246805 0.108745 -0.107418
0.246958 0.108928 -0.107858
0.250630 0.108527 -0.109027
0.251018 0.108622 -0.109421
0.251524 0.108674 -0.109792
0.251912 0.108770 -0.110187
0.252182 0.108909 -0.110604
0.252335 0.109092 -0.111043
0.254677 0.108944 -0.112000
0.255300 0.108952 -0.112349
0.255806 0.109004 -0.112720
0.256194 0.109100 -0.113114
0.258924 0.109047 -0.114465
0.259665 0.109012 -0.114791
0.260053 0.109108 -0.115185
0.260206 0.109291 -0.115625
0.260476 0.109430 -0.116042
0.260510 0.109656 -0.116504
0.260663 0.109839 -0.116944
0.260462 0.110153 -0.117452
0.260614 0.110336 -0.117892
0.260295 0.110693 -0.118422
0.259976 0.111051 -0.118952
0.260247 0.111190 -0.119369
0.263344 0.110283 -0.119242
0.263379 0.110509 -0.119704
0.263413 0.110736 -0.120167
0.263683 0.110875 -0.120584
0.260184 0.112410 -0.121727
0.260572 0.112506 -0.122121
0.260960 0.112601 -0.122515
0.261583 0.112610 -0.122864
0.261971 0.112706 -0.123258
0.262124 0.112889 -0.123698
0.262394 0.113028 -0.124115
0.262428 0.113255 -0.124577
0.262699 0.113394 -0.124994
0.262851 0.113577 -0.125434
0.263003 0.113760 -0.125874
0.263273 0.113899 -0.126291
0.263544 0.114038 -0.126708
0.263932 0.114134 -0.127102
0.264202 0.114273 -0.127519
0.264590 0.114369 -0.127913
0.264860 0.114509 -0.128330
0.265130 0.114648 -0.128747
0.265518 0.114744 -0.129142
0.265906 0.114839 -0.129536
0.266294 0.114935 -0.129930
0.266682 0.115031 -0.130325
0.266952 0.115170 -0.130742
0.267458 0.115222 -0.131113
0.267964 0.115274 -0.131485
0.268470 0.115327 -0.131857
0.268857 0.115422 -0.132251
0.269363 0.115474 -0.132622
0.269869 0.115527 -0.132994
0.270257 0.115622 -0.133388
0.270645 0.115718 -0.133783
0.271033 0.115814 -0.134177
0.271421 0.115909 -0.134571
0.271809 0.116005 -0.134966
0.272197 0.116101 -0.135360
0.272585 0.116197 -0.135754
0.272973 0.116292 -0.136149
0.273361 0.116388 -0.136543
0.273749 0.116484 -0.136937
0.274019 0.116623 -0.137354
0.274525 0.116675 -0.137726
0.274913 0.116771 -0.138120
0.275183 0.116910 -0.138537
0.275689 0.116963 -0.138909
0.276195 0.117015 -0.139280
0.276936 0.116980 -0.139607
0.277560 0.116988 -0.139956
0.278183 0.116997 -0.140305
0.278689 0.117049 -0.140676
0.279077 0.117145 -0.141071
0.279347 0.117284 -0.141488
0.279617 0.117423 -0.141905
0.279887 0.117563 -0.142322
0.280040 0.117746 -0.142761
0.280428 0.117841 -0.143155
0.279873 0.118286 -0.143731
0.280026 0.118469 -0.144171
0.280178 0.118652 -0.144611
0.280684 0.118704 -0.144982
0.305398 0.115969 -0.152908
0.308877 0.115601 -0.154130
0.310507 0.115459 -0.154761
0.310991 0.115515 -0.155139
0.311364 0.115613 -0.155537
0.312399 0.115457 -0.155812
0.313104 0.115429 -0.156148
0.313698 0.115442 -0.156505
0.325877 0.114152 -0.160781
0.326802 0.114039 -0.161077
0.327396 0.114053 -0.161434
0.327880 0.114109 -0.161811
0.328253 0.114207 -0.162210
0.328516 0.114348 -0.162629
0.328668 0.114531 -0.163068
0.328931 0.114671 -0.163487
0.329083 0.114854 -0.163927
0.329125 0.115079 -0.164387
0.328836 0.115432 -0.164910
0.328768 0.115699 -0.165391
0.328589 0.116009 -0.165892
0.328410 0.116319 -0.166394
0.328231 0.116629 -0.166896
0.328163 0.116896 -0.167377
0.328094 0.117164 -0.167858
0.328026 0.117432 -0.168339
0.328068 0.117657 -0.168799
0.327999 0.117924 -0.169280
0.327821 0.118234 -0.169782
0.327863 0.118460 -0.170242
0.327905 0.118685 -0.170702
0.327836 0.118952 -0.171183
0.327768 0.119220 -0.171664
0.327589 0.119530 -0.172166
0.327300 0.119882 -0.172688
0.327231 0.120150 -0.173169
0.325617 0.121010 -0.173939
0.169413 0.106596 -0.059224
0.169961 0.106630 -0.059589
0.170377 0.106713 -0.059979
0.170793 0.106797 -0.060369
0.170945 0.106979 -0.060808
0.171098 0.107162 -0.061248
0.171382 0.107296 -0.061663
0.171666 0.107429 -0.062078
0.171818 0.107612 -0.062517
0.172234 0.107695 -0.062907
0.172518 0.107828 -0.063322
0.172671 0.108011 -0.063761
0.173087 0.108094 -0.064151
0.173371 0.108227 -0.064566
0.173655 0.108360 -0.064981
0.174203 0.108394 -0.065346
0.174751 0.108427 -0.065710
0.175035 0.108561 -0.066125
0.175319 0.108694 -0.066540
0.175999 0.108677 -0.066880
0.176019 0.108910 -0.067344
0.176567 0.108944 -0.067709
0.176983 0.109027 -0.068099
0.177399 0.109110 -0.068489
0.177683 0.109243 -0.068903
0.178099 0.109327 -0.069293
0.179042 0.109211 -0.069583
0.179854 0.109145 -0.069898
0.180138 0.109278 -0.070313
0.185554 0.108914 -0.072567
0.185970 0.108998 -0.072957
0.186518 0.109031 -0.073322
0.186934 0.109114 -0.073712
0.186954 0.109347 -0.074176
0.187238 0.109480 -0.074591
0.199279 0.108290 -0.078874
0.199679 0.108378 -0.079267
0.200080 0.108467 -0.079660
0.200108 0.108697 -0.080123
0.200261 0.108880 -0.080563
0.200413 0.109063 -0.081002
0.200317 0.109340 -0.081489
0.200345 0.109570 -0.081952
0.200373 0.109800 -0.082415
0.202073 0.109878 -0.083500
0.202722 0.109873 -0.083845
0.202875 0.110056 -0.084285
0.227463 0.106998 -0.091820
0.228113 0.106993 -0.092166
0.228514 0.107082 -0.092558
0.229039 0.107123 -0.092927
0.229812 0.107071 -0.093250
0.230338 0.107113 -0.093619
0.230863 0.107154 -0.093988
0.231388 0.107196 -0.094358
0.231789 0.107285 -0.094750
0.232190 0.107374 -0.095143
0.232466 0.107509 -0.095559
0.232743 0.107645 -0.095975
0.233144 0.107734 -0.096368
0.233420 0.107870 -0.096784
0.233448 0.108100 -0.097247
0.233477 0.108330 -0.097711
0.233505 0.108560 -0.098174
0.233533 0.108790 -0.098637
0.233685 0.108973 -0.099077
0.233589 0.109250 -0.099563
0.233493 0.109527 -0.100050
0.239806 0.109061 -0.102605
0.240580 0.109008 -0.102927
0.240981 0.109097 -0.103320
0.241506 0.109139 -0.103689
0.241907 0.109227 -0.104082
0.242184 0.109363 -0.104498
0.242336 0.109546 -0.104938
0.242488 0.109729 -0.105377
0.242889 0.109818 -0.105770
0.242048 0.110378 -0.106398
0.246246 0.109525 -0.107003
0.246281 0.109752 -0.107465
0.246198 0.110022 -0.107950
0.250846 0.109496 -0.109401
0.251352 0.109548 -0.109773
0.251740 0.109643 -0.110167
0.252128 0.109739 -0.110562
0.252045 0.110009 -0.111047
0.254857 0.109685 -0.111913
0.255363 0.109736 -0.112285
0.255751 0.109832 -0.112679
0.256021 0.109971 -0.113096
0.255702 0.110329 -0.113626
0.255737 0.110556 -0.114089
0.258868 0.109873 -0.114425
0.259374 0.109925 -0.114796
0.259762 0.110021 -0.115191
0.260150 0.110117 -0.115585
0.260302 0.110300 -0.116025
0.260572 0.110439 -0.116442
0.260371 0.110753 -0.116949
0.260524 0.110936 -0.117389
0.260676 0.111119 -0.117829
0.260593 0.111389 -0.118314
0.260510 0.111659 -0.118799
0.260780 0.111798 -0.119216
0.260814 0.112025 -0.119678
0.260142 0.112514 -0.120276
0.259588 0.112959 -0.120852
0.259976 0.113054 -0.121246
0.260011 0.113281 -0.121708
0.260281 0.113420 -0.122126
0.260904 0.113428 -0.122475
0.261410 0.113480 -0.122846
0.261680 0.113620 -0.123263
0.262068 0.113715 -0.123658
0.262338 0.113854 -0.124075
0.262373 0.114081 -0.124537
0.262643 0.114220 -0.124954
0.262795 0.114403 -0.125394
0.263065 0.114543 -0.125811
0.263453 0.114638 -0.126205
0.263724 0.114777 -0.126622
0.264111 0.114873 -0.127017
0.264499 0.114969 -0.127411
0.264887 0.115064 -0.127805
0.265275 0.115160 -0.128200
0.265545 0.115299 -0.128617
0.265815 0.115438 -0.129034
0.266203 0.115534 -0.129428
0.266709 0.115586 -0.129800
0.266979 0.115725 -0.130217
0.267485 0.115777 -0.130589
0.267991 0.115829 -0.130961
0.268496 0.115881 -0.131332
0.268884 0.115977 -0.131727
0.269508 0.115985 -0.132076
0.270013 0.116037 -0.132447
0.270284 0.116176 -0.132865
0.270789 0.116228 -0.133236
0.271177 0.116324 -0.133631
0.271565 0.116419 -0.134025
0.272071 0.116471 -0.134397
0.272459 0.116567 -0.134791
0.272847 0.116662 -0.135186
0.273235 0.116758 -0.135580
0.273622 0.116854 -0.135974
0.274128 0.116906 -0.136346
0.274398 0.117045 -0.136763
0.274668 0.117184 -0.137180
0.275056 0.117280 -0.137575
0.275444 0.117375 -0.137969
0.275714 0.117515 -0.138386
0.276102 0.117610 -0.138780
0.276490 0.117706 -0.139175
0.276760 0.117845 -0.139592
0.277855 0.117679 -0.139850
0.278596 0.117643 -0.140177
0.279102 0.117695 -0.140548
0.279608 0.117747 -0.140920
0.279878 0.117886 -0.141337
0.280148 0.118026 -0.141754
0.280418 0.118165 -0.142171
0.280688 0.118304 -0.142588
0.280958 0.118444 -0.143005
0.280404 0.118888 -0.143581
0.306045 0.116027 -0.151806
0.308862 0.115911 -0.153153
0.309456 0.115925 -0.153510
0.309719 0.116065 -0.153929
0.310533 0.115994 -0.154245
0.311348 0.115923 -0.154561
0.312052 0.115894 -0.154897
0.312536 0.115949 -0.155275
0.313240 0.115920 -0.155612
0.313834 0.115934 -0.155969
0.314428 0.115947 -0.156326
0.325680 0.114765 -0.160311
0.326605 0.114651 -0.160606
0.327420 0.114580 -0.160922
0.328013 0.114593 -0.161279
0.328387 0.114692 -0.161678
0.328649 0.114832 -0.162097
0.328802 0.115015 -0.162536
0.329175 0.115113 -0.162935
0.329327 0.115296 -0.163374
0.329148 0.115606 -0.163876
0.329080 0.115874 -0.164357
0.328791 0.116226 -0.164879
0.328612 0.116537 -0.165381
0.328433 0.116847 -0.165882
0.328144 0.117199 -0.166404
0.328186 0.117424 -0.166864
0.328118 0.117692 -0.167345
0.328160 0.117918 -0.167806
0.327871 0.118270 -0.168328
0.327913 0.118495 -0.168788
0.327844 0.118763 -0.169269
0.327776 0.119031 -0.169750
0.327818 0.119256 -0.170210
0.327860 0.119481 -0.170671
0.327902 0.119707 -0.171131
0.327834 0.119974 -0.171612
0.327765 0.120242 -0.172093
0.327476 0.120595 -0.172615
0.327628 0.120778 -0.173054
0.326567 0.121427 -0.173721
0.170117 0.107174 -0.059025
0.170401 0.107307 -0.059439
0.170685 0.107440 -0.059854
0.170837 0.107623 -0.060294
0.171253 0.107706 -0.060684
0.171537 0.107839 -0.061098
0.171690 0.108022 -0.061538
0.171974 0.108155 -0.061953
0.172126 0.108338 -0.062393
0.172279 0.108521 -0.062832
0.172826 0.108554 -0.063197
0.173110 0.108687 -0.063612
0.173131 0.108920 -0.064077
0.173679 0.108954 -0.064441
0.174095 0.109037 -0.064831
0.174511 0.109120 -0.065221
0.174795 0.109253 -0.065636
0.175079 0.109386 -0.066051
0.175495 0.109469 -0.066441
0.175911 0.109552 -0.066830
0.176327 0.109636 -0.067220
0.176743 0.109719 -0.067610
0.177158 0.109802 -0.068000
0.177706 0.109835 -0.068365
0.178122 0.109918 -0.068755
0.178670 0.109952 -0.069120
0.179349 0.109935 -0.069460
0.179765 0.110018 -0.069850
0.180181 0.110102 -0.070239
0.186824 0.109753 -0.073200
0.187503 0.109736 -0.073540
0.187655 0.109919 -0.073980
0.200329 0.108724 -0.078614
0.200978 0.108718 -0.078960
0.201130 0.108901 -0.079400
0.201283 0.109084 -0.079839
0.201186 0.109361 -0.080326
0.200966 0.109686 -0.080836
0.200870 0.109963 -0.081322
0.201022 0.110146 -0.081762
0.202598 0.110271 -0.082870
0.203123 0.110312 -0.083240
0.203275 0.110495 -0.083679
0.203676 0.110584 -0.084072
0.204879 0.110850 -0.085250
0.227020 0.107988 -0.091846
0.226924 0.108265 -0.092333
0.228318 0.107977 -0.092538
0.229216 0.107877 -0.092837
0.229741 0.107918 -0.093206
0.230266 0.107960 -0.093575
0.230916 0.107954 -0.093921
0.231317 0.108043 -0.094314
0.231593 0.108179 -0.094730
0.231994 0.108267 -0.095123
0.232147 0.108450 -0.095563
0.232672 0.108492 -0.095932
0.232948 0.108628 -0.096348
0.233101 0.108811 -0.096788
0.233253 0.108994 -0.097228
0.233405 0.109177 -0.097667
0.233185 0.109501 -0.098177
0.233337 0.109684 -0.098617
0.233241 0.109961 -0.099104
0.233145 0.110238 -0.099590
0.232925 0.110563 -0.100100
0.238063 0.110058 -0.101941
0.238340 0.110194 -0.102357
0.239735 0.109905 -0.102563
0.240384 0.109900 -0.102908
0.241158 0.109847 -0.103231
0.241683 0.109888 -0.103600
0.241959 0.110024 -0.104016
0.242112 0.110207 -0.104456
0.242264 0.110390 -0.104896
0.242665 0.110479 -0.105289
0.242693 0.110709 -0.105752
0.242845 0.110892 -0.106191
0.246110 0.110627 -0.107444
0.246145 0.110854 -0.107907
0.246062 0.111125 -0.108392
0.251180 0.110421 -0.109753
0.251568 0.110517 -0.110148
0.251838 0.110656 -0.110565
0.251755 0.110926 -0.111050
0.255191 0.110609 -0.112266
0.255578 0.110704 -0.112660
0.255731 0.110887 -0.113100
0.256001 0.111026 -0.113517
0.256153 0.111209 -0.113957
0.259471 0.110935 -0.115195
0.259859 0.111031 -0.115590
0.260129 0.111170 -0.116007
0.260164 0.111396 -0.116469
0.260198 0.111623 -0.116932
0.260468 0.111762 -0.117349
0.260738 0.111901 -0.117766
0.260537 0.112216 -0.118273
0.260690 0.112399 -0.118713
0.260960 0.112538 -0.119130
0.260641 0.112896 -0.119660
0.259263 0.113647 -0.120394
0.259533 0.113786 -0.120811
0.259097 0.114188 -0.121364
0.259485 0.114283 -0.121758
0.260108 0.114291 -0.122107
0.260614 0.114343 -0.122479
0.260766 0.114526 -0.122919
0.261625 0.114447 -0.123223
0.262013 0.114542 -0.123617
0.262165 0.114725 -0.124057
0.262435 0.114864 -0.124474
0.262705 0.115003 -0.124891
0.262975 0.115143 -0.125308
0.263245 0.115282 -0.125725
0.263516 0.115421 -0.126142
0.264021 0.115473 -0.126514
0.264409 0.115568 -0.126909
0.264797 0.115664 -0.127303
0.265185 0.115759 -0.127697
0.265455 0.115898 -0.128115
0.265725 0.116038 -0.128532
0.266113 0.116133 -0.128926
0.266501 0.116229 -0.129321
0.266889 0.116324 -0.129715
0.267394 0.116376 -0.130087
0.267900 0.116428 -0.130459
0.268405 0.116479 -0.130831
0.268793 0.116575 -0.131225
0.269534 0.116539 -0.131552
0.270040 0.116591 -0.131923
0.270428 0.116686 -0.132318
0.270816 0.116782 -0.132712
0.271321 0.116834 -0.133084
0.271709 0.116929 -0.133479
0.272097 0.117024 -0.133873
0.272603 0.117076 -0.134245
0.272991 0.117172 -0.134639
0.273378 0.117267 -0.135034
0.273766 0.117363 -0.135428
0.274272 0.117414 -0.135800
0.274660 0.117510 -0.136195
0.274812 0.117693 -0.136634
0.275200 0.117788 -0.137029
0.275588 0.117884 -0.137423
0.275858 0.118023 -0.137840
0.276128 0.118162 -0.138257
0.276516 0.118258 -0.138652
0.276904 0.118353 -0.139046
0.277292 0.118449 -0.139441
0.278033 0.118413 -0.139767
0.278892 0.118333 -0.140071
0.279397 0.118385 -0.140443
0.280021 0.118393 -0.140793
0.280291 0.118532 -0.141210
0.280561 0.118672 -0.141627
0.280831 0.118811 -0.142044
0.281101 0.118950 -0.142461
0.301102 0.116545 -0.148471
0.301806 0.116515 -0.148808
0.305920 0.116382 -0.150849
0.306735 0.116310 -0.151165
0.307439 0.116281 -0.151502
0.308516 0.116350 -0.152237
0.309330 0.116278 -0.152554
0.309814 0.116333 -0.152932
0.310187 0.116432 -0.153330
0.311705 0.116330 -0.153983
0.312409 0.116301 -0.154320
0.313003 0.116314 -0.154677
0.313266 0.116455 -0.155096
0.314191 0.116341 -0.155392
0.314784 0.116354 -0.155749
0.315268 0.116409 -0.156127
0.326518 0.115222 -0.160114
0.327443 0.115108 -0.160410
0.327926 0.115163 -0.160788
0.328410 0.115219 -0.161166
0.328783 0.115317 -0.161564
0.329045 0.115457 -0.161984
0.329198 0.115640 -0.162423
0.329461 0.115781 -0.162842
0.329613 0.115964 -0.163282
0.329434 0.116274 -0.163783
0.329035 0.116669 -0.164326
0.328635 0.117064 -0.164869
0.328567 0.117332 -0.165349
0.328278 0.117685 -0.165871
0.328210 0.117953 -0.166352
0.328141 0.118221 -0.166833
0.328073 0.118488 -0.167314
0.328005 0.118756 -0.167795
0.328047 0.118982 -0.168255
0.327868 0.119292 -0.168756
0.327800 0.119560 -0.169237
0.327842 0.119785 -0.169698
0.327884 0.120010 -0.170158
0.327926 0.120236 -0.170618
0.327858 0.120504 -0.171099
0.327900 0.120729 -0.171559
0.327831 0.120997 -0.172040
0.327873 0.121222 -0.172500
0.327584 0.121575 -0.173022
0.326854 0.122098 -0.173627
0.170009 0.107818 -0.058510
0.170556 0.107851 -0.058875
0.170841 0.107984 -0.059290
0.171125 0.108117 -0.059704
0.171277 0.108300 -0.060144
0.171561 0.108433 -0.060559
0.171714 0.108616 -0.060999
0.171866 0.108799 -0.061438
0.172282 0.108882 -0.061828
0.172302 0.109115 -0.062293
0.172718 0.109198 -0.062683
0.173134 0.109281 -0.063073
0.173155 0.109514 -0.063537
0.173702 0.109547 -0.063902
0.173986 0.109680 -0.064317
0.174271 0.109813 -0.064732
0.174555 0.109946 -0.065147
0.174839 0.110079 -0.065561
0.174991 0.110262 -0.066001
0.175671 0.110245 -0.066341
0.176086 0.110328 -0.066731
0.176371 0.110461 -0.067146
0.176786 0.110544 -0.067536
0.177334 0.110577 -0.067901
0.177882 0.110610 -0.068266
0.178429 0.110643 -0.068631
0.178977 0.110676 -0.068996
0.179393 0.110760 -0.069386
0.179677 0.110893 -0.069801
0.180904 0.110909 -0.070506
0.201226 0.108975 -0.077914
0.201751 0.109016 -0.078284
0.201903 0.109199 -0.078724
0.201683 0.109524 -0.079233
0.201711 0.109754 -0.079697
0.201739 0.109984 -0.080160
0.201643 0.110261 -0.080646
0.201671 0.110491 -0.081109
0.201852 0.110904 -0.082012
0.203122 0.110663 -0.082241
0.203523 0.110751 -0.082634
0.203800 0.110887 -0.083050
0.203704 0.111164 -0.083537
0.204353 0.111158 -0.083883
0.204878 0.111200 -0.084252
0.205155 0.111336 -0.084668
0.205555 0.111424 -0.085061
0.206329 0.111371 -0.085384
0.207227 0.111271 -0.085683
0.207876 0.111265 -0.086029
0.208153 0.111401 -0.086445
0.208678 0.111442 -0.086815
0.227474 0.108878 -0.092171
0.228123 0.108872 -0.092517
0.228648 0.108914 -0.092886
0.229298 0.108908 -0.093232
0.229823 0.108949 -0.093602
0.230472 0.108943 -0.093948
0.230749 0.109079 -0.094364
0.231274 0.109120 -0.094734
0.231302 0.109351 -0.095197
0.231827 0.109392 -0.095566
0.232228 0.109480 -0.095959
0.232380 0.109663 -0.096399
0.232781 0.109752 -0.096791
0.232933 0.109935 -0.097231
0.233086 0.110118 -0.097671
0.232990 0.110395 -0.098157
0.233018 0.110625 -0.098620
0.232673 0.110997 -0.099154
0.232577 0.111274 -0.099640
0.240312 0.110744 -0.102866
0.240837 0.110786 -0.103236
0.241238 0.110874 -0.103628
0.241763 0.110916 -0.103998
0.241916 0.111099 -0.104438
0.242316 0.111187 -0.104830
0.242469 0.111370 -0.105270
0.242745 0.111506 -0.105686
0.242774 0.111736 -0.106149
0.242553 0.112060 -0.106659
0.245857 0.111774 -0.107908
0.246480 0.111782 -0.108257
0.250573 0.111697 -0.110286
0.251314 0.111661 -0.110613
0.251348 0.111888 -0.111075
0.251501 0.112071 -0.111515
0.251417 0.112341 -0.112000
0.255171 0.111664 -0.112687
0.255676 0.111716 -0.113058
0.255829 0.111899 -0.113498
0.255981 0.112081 -0.113938
0.255898 0.112352 -0.114423
0.255697 0.112666 -0.114930
0.255025 0.113156 -0.115528
0.259485 0.112216 -0.116079
0.259990 0.112267 -0.116451
0.260261 0.112406 -0.116868
0.260531 0.112545 -0.117285
0.260565 0.112772 -0.117748
0.260718 0.112955 -0.118187
0.260635 0.113226 -0.118672
0.258197 0.114372 -0.119609
0.258820 0.114380 -0.119958
0.258266 0.114826 -0.120533
0.258537 0.114965 -0.120950
0.258689 0.115148 -0.121390
0.259430 0.115112 -0.121717
0.260053 0.115119 -0.122066
0.259735 0.115477 -0.122596
0.260593 0.115398 -0.122900
0.261099 0.115449 -0.123272
0.261487 0.115545 -0.123667
0.261757 0.115684 -0.124084
0.262262 0.115735 -0.124456
0.262650 0.115831 -0.124850
0.263038 0.115926 -0.125245
0.263426 0.116021 -0.125639
0.263813 0.116117 -0.126034
0.264319 0.116168 -0.126406
0.264589 0.116307 -0.126823
0.264977 0.116403 -0.127218
0.265365 0.116498 -0.127612
0.265517 0.116681 -0.128052
0.265905 0.116776 -0.128446
0.266410 0.116828 -0.128818
0.266798 0.116923 -0.129213
0.267186 0.117019 -0.129607
0.267809 0.117026 -0.129957
0.268315 0.117078 -0.130329
0.268820 0.117129 -0.130701
0.269443 0.117137 -0.131050
0.269949 0.117189 -0.131422
0.270337 0.117284 -0.131816
0.270842 0.117336 -0.132188
0.271466 0.117343 -0.132538
0.271853 0.117439 -0.132932
0.272359 0.117490 -0.133304
0.272747 0.117586 -0.133699
0.273135 0.117681 -0.134093
0.273522 0.117776 -0.134488
0.273910 0.117872 -0.134882
0.274416 0.117923 -0.135254
0.274803 0.118019 -0.135649
0.275074 0.118158 -0.136066
0.275344 0.118297 -0.136483
0.275731 0.118392 -0.136878
0.276119 0.118488 -0.137272
0.276389 0.118627 -0.137689
0.276659 0.118766 -0.138106
0.276929 0.118905 -0.138524
0.277317 0.119000 -0.138918
0.277823 0.119052 -0.139290
0.278328 0.119103 -0.139662
0.278952 0.119111 -0.140011
0.279693 0.119075 -0.140338
0.280198 0.119127 -0.140710
0.280586 0.119222 -0.141105
0.280856 0.119361 -0.141522
0.301613 0.117140 -0.148330
0.302979 0.116855 -0.148544
0.304235 0.116613 -0.148778
0.304718 0.116668 -0.149156
0.306609 0.116665 -0.150208
0.307313 0.116635 -0.150545
0.307797 0.116690 -0.150923
0.308390 0.116703 -0.151281
0.308874 0.116759 -0.151659
0.309578 0.116729 -0.151996
0.310171 0.116742 -0.152353
0.311469 0.116725 -0.153048
0.312394 0.116610 -0.153344
0.312987 0.116623 -0.153701
0.313581 0.116636 -0.154059
0.314064 0.116692 -0.154437
0.314658 0.116704 -0.154794
0.315141 0.116760 -0.155172
0.315625 0.116815 -0.155550
0.316218 0.116828 -0.155908
0.326321 0.115835 -0.159643
0.327245 0.115720 -0.159939
0.327949 0.115691 -0.160276
0.328433 0.115746 -0.160654
0.328806 0.115844 -0.161053
0.329179 0.115942 -0.161451
0.329441 0.116082 -0.161871
0.329594 0.116265 -0.162310
0.329746 0.116448 -0.162750
0.329568 0.116759 -0.163251
0.329058 0.117197 -0.163814
0.328769 0.117550 -0.164336
0.328591 0.117860 -0.164837
0.328412 0.118171 -0.165339
0.328344 0.118439 -0.165819
0.328275 0.118706 -0.166300
0.328317 0.118932 -0.166760
0.328139 0.119242 -0.167262
0.327850 0.119595 -0.167784
0.327782 0.119863 -0.168264
0.327824 0.120089 -0.168725
0.327866 0.120314 -0.169185
0.327908 0.120540 -0.169645
0.327839 0.120808 -0.170126
0.327882 0.121033 -0.170586
0.327924 0.121259 -0.171046
0.327966 0.121484 -0.171506
0.328008 0.121710 -0.171967
0.328050 0.121935 -0.172427
0.327761 0.122288 -0.172949
0.327031 0.122811 -0.173553
0.170449 0.108495 -0.058360
0.170864 0.108578 -0.058750
0.171280 0.108661 -0.059140
0.171301 0.108894 -0.059604
0.171717 0.108977 -0.059994
0.171869 0.109159 -0.060434
0.172153 0.109292 -0.060849
0.172306 0.109475 -0.061289
0.172458 0.109658 -0.061728
0.172742 0.109791 -0.062143
0.173026 0.109924 -0.062558
0.173310 0.110057 -0.062973
0.173726 0.110140 -0.063363
0.174010 0.110273 -0.063778
0.174294 0.110406 -0.064192
0.174578 0.110539 -0.064607
0.174862 0.110672 -0.065022
0.175147 0.110805 -0.065437
0.175694 0.110838 -0.065802
0.176110 0.110921 -0.066192
0.176262 0.111104 -0.066632
0.176678 0.111187 -0.067022
0.177357 0.111169 -0.067362
0.177641 0.111302 -0.067777
0.178189 0.111335 -0.068142
0.178605 0.111418 -0.068532
0.179021 0.111501 -0.068922
0.179436 0.111584 -0.069312
0.202496 0.109083 -0.077145
0.202773 0.109219 -0.077561
0.202925 0.109402 -0.078001
0.202456 0.109821 -0.078558
0.202112 0.110193 -0.079091
0.202140 0.110423 -0.079554
0.202292 0.110606 -0.079994
0.202320 0.110836 -0.080457
0.202473 0.111019 -0.080896
0.203122 0.111013 -0.081242
0.203647 0.111054 -0.081612
0.203924 0.111190 -0.082028
0.204324 0.111278 -0.082421
0.205374 0.111361 -0.083160
0.205527 0.111544 -0.083600
0.206052 0.111585 -0.083969
0.205956 0.111862 -0.084456
0.206481 0.111904 -0.084825
0.207006 0.111945 -0.085195
0.207779 0.111891 -0.085518
0.208428 0.111885 -0.085864
0.208953 0.111927 -0.086233
0.209478 0.111968 -0.086603
0.209755 0.112104 -0.087019
0.228854 0.109898 -0.093258
0.229379 0.109939 -0.093628
0.229780 0.110027 -0.094021
0.230181 0.110116 -0.094414
0.230582 0.110204 -0.094807
0.231107 0.110246 -0.095176
0.231135 0.110476 -0.095639
0.231536 0.110564 -0.096032
0.232061 0.110605 -0.096402
0.232337 0.110741 -0.096818
0.232490 0.110924 -0.097258
0.232394 0.111201 -0.097744
0.232670 0.111337 -0.098160
0.232202 0.111756 -0.098717
0.232105 0.112034 -0.099203
0.230643 0.112831 -0.099947
0.240517 0.111725 -0.103240
0.241042 0.111766 -0.103610
0.241567 0.111807 -0.103979
0.241968 0.111896 -0.104372
0.242245 0.112032 -0.104788
0.242521 0.112167 -0.105205
0.242674 0.112350 -0.105644
0.242578 0.112628 -0.106131
0.242606 0.112858 -0.106594
0.242634 0.113088 -0.107057
0.246144 0.113200 -0.109205
0.251212 0.112990 -0.111517
0.251717 0.113041 -0.111889
0.251752 0.113268 -0.112351
0.251786 0.113495 -0.112813
0.251350 0.113897 -0.113366
0.254715 0.113122 -0.113659
0.255691 0.112998 -0.113941
0.255608 0.113269 -0.114426
0.255760 0.113452 -0.114866
0.255913 0.113635 -0.115305
0.256183 0.113774 -0.115722
0.255982 0.114088 -0.116230
0.255782 0.114403 -0.116737
0.259735 0.113409 -0.116918
0.260240 0.113460 -0.117290
0.259686 0.113907 -0.117865
0.257354 0.115735 -0.120187
0.257859 0.115786 -0.120559
0.257894 0.116013 -0.121021
0.258164 0.116152 -0.121438
0.258787 0.116160 -0.121788
0.258468 0.116518 -0.122318
0.259562 0.116350 -0.122577
0.260068 0.116401 -0.122949
0.260573 0.116453 -0.123321
0.260961 0.116548 -0.123716
0.261466 0.116599 -0.124088
0.261854 0.116694 -0.124482
0.262242 0.116790 -0.124877
0.262865 0.116797 -0.125227
0.263370 0.116849 -0.125599
0.263876 0.116900 -0.125971
0.264264 0.116995 -0.126365
0.264769 0.117047 -0.126737
0.265274 0.117098 -0.127109
0.265427 0.117281 -0.127549
0.265815 0.117376 -0.127944
0.266320 0.117427 -0.128316
0.266590 0.117566 -0.128733
0.266978 0.117662 -0.129128
0.267601 0.117669 -0.129477
0.268224 0.117677 -0.129827
0.268612 0.117772 -0.130221
0.269353 0.117736 -0.130548
0.269858 0.117787 -0.130920
0.270363 0.117838 -0.131292
0.270869 0.117890 -0.131664
0.271492 0.117897 -0.132014
0.271880 0.117992 -0.132409
0.272385 0.118044 -0.132781
0.272891 0.118095 -0.133153
0.273278 0.118190 -0.133547
0.273666 0.118286 -0.133942
0.274054 0.118381 -0.134337
0.274442 0.118476 -0.134731
0.274829 0.118571 -0.135126
0.275217 0.118666 -0.135520
0.275605 0.118762 -0.135915
0.275875 0.118901 -0.136332
0.276263 0.118996 -0.136727
0.276650 0.119091 -0.137121
0.276803 0.119274 -0.137561
0.277191 0.119369 -0.137956
0.277578 0.119465 -0.138350
0.277966 0.119560 -0.138745
0.278354 0.119655 -0.139139
0.278506 0.119838 -0.139579
0.300701 0.117076 -0.146115
0.303737 0.116871 -0.147422
0.304110 0.116968 -0.147821
0.304814 0.116939 -0.148158
0.305407 0.116951 -0.148516
0.306001 0.116964 -0.148873
0.306374 0.117062 -0.149272
0.306967 0.117074 -0.149630
0.307671 0.117044 -0.149967
0.308155 0.117099 -0.150345
0.308748 0.117112 -0.150703
0.309121 0.117210 -0.151101
0.309604 0.117265 -0.151479
0.310418 0.117193 -0.151796
0.311343 0.117077 -0.152092
0.311936 0.117090 -0.152450
0.312640 0.117060 -0.152787
0.313234 0.117073 -0.153145
0.313827 0.117085 -0.153502
0.314421 0.117098 -0.153860
0.314794 0.117196 -0.154259
0.315277 0.117251 -0.154637
0.315760 0.117306 -0.155015
0.316244 0.117361 -0.155393
0.316727 0.117417 -0.155771
0.326234 0.116406 -0.159152
0.327048 0.116333 -0.159468
0.327752 0.116303 -0.159805
0.328456 0.116273 -0.160143
0.328829 0.116371 -0.160541
0.329312 0.116426 -0.160919
0.329575 0.116567 -0.161339
0.329837 0.116707 -0.161758
0.329990 0.116890 -0.162197
0.329811 0.117201 -0.162699
0.329081 0.117724 -0.163302
0.329013 0.117992 -0.163783
0.328724 0.118346 -0.164305
0.328656 0.118614 -0.164785
0.328588 0.118882 -0.165266
0.328409 0.119192 -0.165767
0.328451 0.119418 -0.166227
0.328273 0.119729 -0.166729
0.327653 0.120210 -0.167312
0.327695 0.120435 -0.167772
0.327737 0.120661 -0.168232
0.327890 0.120844 -0.168672
0.327932 0.121069 -0.169132
0.327864 0.121337 -0.169613
0.328016 0.121520 -0.170052
0.328058 0.121746 -0.170513
0.328100 0.121971 -0.170973
0.328142 0.122197 -0.171433
0.328294 0.122380 -0.171873
0.328116 0.122690 -0.172374
0.327827 0.123044 -0.172896
0.327097 0.123567 -0.173499
0.170625 0.109272 -0.058260
0.171304 0.109254 -0.058600
0.171720 0.109337 -0.058990
0.171872 0.109520 -0.059430
0.172156 0.109653 -0.059845
0.172309 0.109836 -0.060285
0.172593 0.109969 -0.060699
0.172613 0.110202 -0.061164
0.173029 0.110285 -0.061554
0.173313 0.110418 -0.061969
0.173597 0.110551 -0.062384
0.173881 0.110683 -0.062799
0.174166 0.110816 -0.063213
0.174318 0.110999 -0.063653
0.174734 0.111082 -0.064043
0.174886 0.111265 -0.064483
0.175302 0.111348 -0.064873
0.175718 0.111431 -0.065263
0.176133 0.111513 -0.065653
0.176417 0.111646 -0.066068
0.176701 0.111779 -0.066483
0.177117 0.111862 -0.066873
0.177665 0.111895 -0.067238
0.177817 0.112078 -0.067678
0.178496 0.112060 -0.068018
0.179044 0.112093 -0.068383
0.179459 0.112176 -0.068773
0.203269 0.109380 -0.076469
0.203545 0.109515 -0.076886
0.203698 0.109698 -0.077325
0.203602 0.109976 -0.077812
0.203133 0.110395 -0.078368
0.202789 0.110767 -0.078901
0.202693 0.111045 -0.079388
0.202845 0.111228 -0.079828
0.203122 0.111363 -0.080244
0.203522 0.111452 -0.080637
0.204172 0.111446 -0.080983
0.204448 0.111581 -0.081399
0.204973 0.111622 -0.081769
0.205498 0.111663 -0.082139
0.206023 0.111704 -0.082508
0.206548 0.111745 -0.082878
0.206825 0.111881 -0.083294
0.207101 0.112017 -0.083710
0.207129 0.112247 -0.084173
0.207157 0.112477 -0.084636
0.207682 0.112518 -0.085006
0.208332 0.112512 -0.085352
0.208857 0.112553 -0.085722
0.209382 0.112594 -0.086092
0.210031 0.112588 -0.086438
0.210307 0.112723 -0.086854
0.210708 0.112812 -0.087247
0.211109 0.112900 -0.087640
0.211510 0.112988 -0.088033
0.211786 0.113124 -0.088449
0.228716 0.111254 -0.094163
0.229613 0.111154 -0.094463
0.229890 0.111289 -0.094879
0.230291 0.111378 -0.095272
0.230567 0.111513 -0.095689
0.231092 0.111554 -0.096058
0.231369 0.111690 -0.096475
0.231770 0.111778 -0.096867
0.231798 0.112008 -0.097331
0.231453 0.112381 -0.097864
0.229370 0.113415 -0.098724
0.230143 0.113361 -0.099047
0.230917 0.113308 -0.099370
0.231069 0.113491 -0.099809
0.231718 0.113484 -0.100155
0.240073 0.112712 -0.103267
0.240847 0.112659 -0.103590
0.241247 0.112747 -0.103983
0.241772 0.112788 -0.104353
0.242049 0.112924 -0.104769
0.242201 0.113107 -0.105209
0.242478 0.113242 -0.105625
0.242506 0.113472 -0.106088
0.242658 0.113655 -0.106528
0.242811 0.113838 -0.106968
0.242839 0.114069 -0.107431
0.246327 0.113946 -0.109116
0.246479 0.114129 -0.109556
0.246389 0.114403 -0.110041
0.251311 0.114004 -0.111913
0.251698 0.114099 -0.112308
0.251733 0.114326 -0.112770
0.252003 0.114465 -0.113187
0.251802 0.114780 -0.113695
0.252072 0.114919 -0.114112
0.255471 0.114369 -0.114868
0.256094 0.114377 -0.115218
0.255893 0.114691 -0.115725
0.256281 0.114786 -0.116120
0.256081 0.115101 -0.116627
0.257064 0.116652 -0.120190
0.257570 0.116704 -0.120562
0.257604 0.116930 -0.121024
0.257757 0.117113 -0.121464
0.259896 0.117274 -0.122930
0.260283 0.117369 -0.123325
0.260671 0.117464 -0.123719
0.261059 0.117559 -0.124114
0.261564 0.117611 -0.124486
0.262069 0.117662 -0.124858
0.262692 0.117669 -0.125208
0.263198 0.117720 -0.125580
0.263821 0.117727 -0.125930
0.264444 0.117735 -0.126279
0.264949 0.117786 -0.126652
0.265454 0.117837 -0.127024
0.265842 0.117932 -0.127418
0.266230 0.118027 -0.127813
0.266618 0.118122 -0.128208
0.267005 0.118217 -0.128603
0.267511 0.118269 -0.128975
0.268016 0.118320 -0.129347
0.268521 0.118371 -0.129719
0.269144 0.118378 -0.130069
0.269885 0.118341 -0.130396
0.270155 0.118480 -0.130813
0.270778 0.118488 -0.131163
0.271401 0.118495 -0.131512
0.271789 0.118590 -0.131907
0.272294 0.118641 -0.132279
0.272917 0.118648 -0.132629
0.273305 0.118744 -0.133024
0.273810 0.118795 -0.133396
0.274198 0.118890 -0.133791
0.274585 0.118985 -0.134185
0.274973 0.119080 -0.134580
0.275361 0.119175 -0.134975
0.275631 0.119314 -0.135392
0.276018 0.119409 -0.135786
0.276406 0.119504 -0.136181
0.276794 0.119599 -0.136576
0.277064 0.119738 -0.136993
0.277452 0.119833 -0.137388
0.277839 0.119929 -0.137782
0.278345 0.119980 -0.138155
0.278497 0.120163 -0.138594
0.301060 0.117488 -0.145534
0.302951 0.117482 -0.146587
0.304095 0.117281 -0.146843
0.304689 0.117294 -0.147200
0.305393 0.117264 -0.147538
0.305876 0.117319 -0.147916
0.306359 0.117374 -0.148294
0.306842 0.117429 -0.148673
0.307215 0.117526 -0.149071
0.307809 0.117539 -0.149429
0.308292 0.117594 -0.149807
0.308775 0.117649 -0.150186
0.309368 0.117661 -0.150543
0.310886 0.117558 -0.151198
0.311590 0.117527 -0.151535
0.312294 0.117497 -0.151872
0.312777 0.117552 -0.152251
0.313260 0.117607 -0.152629
0.313853 0.117620 -0.152987
0.314447 0.117632 -0.153344
0.315040 0.117644 -0.153702
0.315413 0.117742 -0.154101
0.315896 0.117797 -0.154479
0.316380 0.117852 -0.154857
0.316863 0.117907 -0.155236
0.326961 0.116904 -0.158977
0.327886 0.116788 -0.159273
0.328479 0.116801 -0.159631
0.328852 0.116898 -0.160029
0.329335 0.116954 -0.160408
0.329708 0.117051 -0.160806
0.329971 0.117191 -0.161226
0.330123 0.117374 -0.161665
0.330165 0.117600 -0.162125
0.329325 0.118167 -0.162749
0.329036 0.118520 -0.163271
0.328968 0.118788 -0.163752
0.328680 0.119142 -0.164273
0.328722 0.119368 -0.164733
0.328543 0.119678 -0.165234
0.328475 0.119947 -0.165715
0.328407 0.120215 -0.166196
0.328449 0.120440 -0.166656
0.327719 0.120965 -0.167259
0.327872 0.121147 -0.167699
0.327914 0.121373 -0.168159
0.327956 0.121599 -0.168619
0.327998 0.121824 -0.169079
0.327930 0.122092 -0.169560
0.328192 0.122233 -0.169979
0.328234 0.122458 -0.170439
0.328166 0.122727 -0.170920
0.328319 0.122909 -0.171360
0.328361 0.123135 -0.171820
0.328072 0.123489 -0.172341
0.327342 0.124013 -0.172945
0.171612 0.109981 -0.058475
0.172160 0.110014 -0.058841
0.172444 0.110147 -0.059256
0.172596 0.110330 -0.059695
0.172880 0.110462 -0.060110
0.173164 0.110595 -0.060525
0.173053 0.110878 -0.061014
0.173469 0.110961 -0.061405
0.173753 0.111094 -0.061819
0.174169 0.111177 -0.062210
0.174321 0.111360 -0.062649
0.174605 0.111492 -0.063064
0.174757 0.111675 -0.063504
0.175173 0.111758 -0.063894
0.175457 0.111891 -0.064309
0.175609 0.112074 -0.064749
0.176157 0.112106 -0.065114
0.176441 0.112239 -0.065529
0.176725 0.112372 -0.065944
0.177272 0.112405 -0.066309
0.177556 0.112537 -0.066724
0.177972 0.112620 -0.067114
0.178519 0.112653 -0.067479
0.178935 0.112735 -0.067869
0.179351 0.112818 -0.068260
0.203917 0.109723 -0.075818
0.204442 0.109764 -0.076187
0.204595 0.109947 -0.076627
0.204374 0.110272 -0.077137
0.204403 0.110502 -0.077600
0.203686 0.111016 -0.078203
0.203590 0.111294 -0.078689
0.203245 0.111667 -0.079222
0.203398 0.111849 -0.079662
0.203674 0.111985 -0.080078
0.204323 0.111979 -0.080424
0.204724 0.112067 -0.080817
0.205373 0.112060 -0.081164
0.206022 0.112054 -0.081510
0.206423 0.112142 -0.081903
0.206824 0.112230 -0.082296
0.207349 0.112271 -0.082666
0.207501 0.112454 -0.083105
0.207902 0.112542 -0.083498
0.208303 0.112630 -0.083891
0.207834 0.113050 -0.084448
0.208359 0.113091 -0.084818
0.208636 0.113227 -0.085234
0.209285 0.113220 -0.085580
0.209810 0.113261 -0.085950
0.210210 0.113349 -0.086343
0.210859 0.113343 -0.086689
0.211260 0.113431 -0.087082
0.211661 0.113519 -0.087475
0.212186 0.113560 -0.087845
0.212338 0.113743 -0.088285
0.212366 0.113973 -0.088748
0.228273 0.112246 -0.094189
0.228798 0.112287 -0.094558
0.229695 0.112186 -0.094858
0.229972 0.112321 -0.095275
0.230000 0.112551 -0.095738
0.230401 0.112640 -0.096131
0.230677 0.112775 -0.096547
0.230705 0.113006 -0.097010
0.230609 0.113283 -0.097496
0.228899 0.114177 -0.098286
0.229796 0.114075 -0.098586
0.230446 0.114069 -0.098932
0.230846 0.114157 -0.099325
0.231371 0.114198 -0.099695
0.239878 0.113605 -0.103248
0.240555 0.113829 -0.104057
0.241080 0.113870 -0.104427
0.241853 0.113816 -0.104750
0.242130 0.113952 -0.105166
0.242406 0.114087 -0.105583
0.242559 0.114270 -0.106022
0.242711 0.114453 -0.106462
0.242863 0.114636 -0.106902
0.242767 0.114914 -0.107388
0.242795 0.115144 -0.107851
0.242575 0.115469 -0.108361
0.245640 0.115023 -0.109190
0.246165 0.115064 -0.109560
0.246566 0.115152 -0.109953
0.246718 0.115335 -0.110392
0.246402 0.115938 -0.111388
0.246927 0.115979 -0.111758
0.250939 0.115195 -0.112400
0.251327 0.115290 -0.112794
0.251479 0.115472 -0.113234
0.251985 0.115523 -0.113606
0.252019 0.115750 -0.114068
0.251584 0.116153 -0.114620
0.255952 0.117879 -0.120349
0.256339 0.117974 -0.120744
0.256845 0.118025 -0.121116
0.256526 0.118383 -0.121646
0.258783 0.118499 -0.123090
0.259994 0.118286 -0.123328
0.260617 0.118293 -0.123677
0.261004 0.118388 -0.124072
0.261392 0.118483 -0.124467
0.262015 0.118490 -0.124817
0.262638 0.118497 -0.125167
0.263261 0.118504 -0.125516
0.263883 0.118511 -0.125866
0.264506 0.118518 -0.126216
0.265129 0.118525 -0.126566
0.265870 0.118488 -0.126893
0.266375 0.118539 -0.127266
0.266763 0.118634 -0.127660
0.267386 0.118641 -0.128010
0.267891 0.118692 -0.128382
0.268278 0.118787 -0.128777
0.268784 0.118838 -0.129149
0.269171 0.118933 -0.129544
0.269677 0.118984 -0.129916
0.270064 0.119079 -0.130311
0.270687 0.119086 -0.130661
0.271192 0.119137 -0.131033
0.271698 0.119188 -0.131406
0.272320 0.119195 -0.131755
0.272826 0.119246 -0.132128
0.273331 0.119297 -0.132500
0.273719 0.119392 -0.132895
0.274342 0.119399 -0.133245
0.274729 0.119494 -0.133639
0.274999 0.119633 -0.134057
0.275504 0.119684 -0.134429
0.275774 0.119823 -0.134846
0.276280 0.119874 -0.135218
0.276667 0.119969 -0.135613
0.276937 0.120108 -0.136030
0.277325 0.120203 -0.136425
0.277713 0.120297 -0.136820
0.278100 0.120392 -0.137215
0.278488 0.120487 -0.137609
0.300826 0.117888 -0.144596
0.301640 0.117814 -0.144913
0.302123 0.117869 -0.145292
0.303861 0.117680 -0.145905
0.304564 0.117649 -0.146243
0.305158 0.117661 -0.146601
0.305751 0.117673 -0.146959
0.306234 0.117728 -0.147337
0.306717 0.117783 -0.147716
0.307200 0.117838 -0.148094
0.307573 0.117935 -0.148493
0.308166 0.117948 -0.148851
0.308649 0.118002 -0.149229
0.309243 0.118014 -0.149587
0.309616 0.118112 -0.149986
0.310319 0.118081 -0.150323
0.311133 0.118008 -0.150640
0.311726 0.118020 -0.150998
0.312430 0.117990 -0.151336
0.312913 0.118044 -0.151714
0.313396 0.118099 -0.152093
0.313879 0.118154 -0.152471
0.314583 0.118123 -0.152808
0.315176 0.118136 -0.153166
0.315659 0.118190 -0.153545
0.316143 0.118245 -0.153923
0.316515 0.118343 -0.154322
0.316998 0.118397 -0.154700
0.321992 0.117915 -0.156582
0.327909 0.117316 -0.158761
0.328613 0.117286 -0.159098
0.329096 0.117341 -0.159477
0.329469 0.117438 -0.159876
0.329731 0.117578 -0.160295
0.329994 0.117719 -0.160714
0.330256 0.117859 -0.161133
0.330299 0.118084 -0.161593
0.329790 0.118524 -0.162156
0.329391 0.118920 -0.162698
0.329212 0.119231 -0.163199
0.328924 0.119585 -0.163720
0.328856 0.119853 -0.164200
0.328787 0.120122 -0.164681
0.328830 0.120347 -0.165141
0.328541 0.120701 -0.165663
0.328473 0.120969 -0.166143
0.328294 0.121280 -0.166644
0.328006 0.121634 -0.167166
0.328048 0.121860 -0.167626
0.328200 0.122043 -0.168065
0.328132 0.122311 -0.168546
0.328064 0.122580 -0.169026
0.328216 0.122762 -0.169466
0.328259 0.122988 -0.169926
0.328301 0.123214 -0.170386
0.328343 0.123439 -0.170846
0.328605 0.123580 -0.171266
0.328427 0.123891 -0.171767
0.327808 0.124373 -0.172349
0.327188 0.124854 -0.172932
0.171920 0.110708 -0.058351
0.172336 0.110791 -0.058741
0.172751 0.110873 -0.059131
0.173167 0.110956 -0.059521
0.173451 0.111089 -0.059936
0.173867 0.111171 -0.060326
0.174019 0.111354 -0.060766
0.174040 0.111587 -0.061230
0.174324 0.111720 -0.061645
0.174608 0.111853 -0.062060
0.174760 0.112036 -0.062500
0.175044 0.112168 -0.062915
0.175328 0.112301 -0.063330
0.175744 0.112384 -0.063720
0.176028 0.112517 -0.064135
0.176444 0.112599 -0.064525
0.176728 0.112732 -0.064940
0.177012 0.112865 -0.065355
0.177296 0.112997 -0.065770
0.177711 0.113080 -0.066160
0.177995 0.113213 -0.066575
0.178543 0.113245 -0.066941
0.178958 0.113328 -0.067331
0.179374 0.113410 -0.067721
0.204442 0.110113 -0.075189
0.204967 0.110154 -0.075559
0.205243 0.110289 -0.075975
0.205147 0.110567 -0.076462
0.205051 0.110845 -0.076948
0.204831 0.111170 -0.077458
0.204238 0.111638 -0.078037
0.204142 0.111915 -0.078523
0.204046 0.112193 -0.079010
0.204075 0.112423 -0.079473
0.204599 0.112464 -0.079842
0.205000 0.112552 -0.080235
0.205649 0.112546 -0.080582
0.206174 0.112586 -0.080952
0.206575 0.112674 -0.081345
0.207224 0.112668 -0.081691
0.207500 0.112803 -0.082108
0.207901 0.112891 -0.082501
0.208302 0.112979 -0.082894
0.208703 0.113067 -0.083287
0.208979 0.113203 -0.083703
0.208883 0.113481 -0.084189
0.208787 0.113758 -0.084676
0.209188 0.113847 -0.085069
0.209837 0.113840 -0.085415
0.210113 0.113975 -0.085832
0.210638 0.114016 -0.086201
0.211039 0.114104 -0.086594
0.211688 0.114097 -0.086941
0.212213 0.114138 -0.087311
0.212490 0.114274 -0.087727
0.212642 0.114457 -0.088167
0.212546 0.114734 -0.088653
0.212698 0.114917 -0.089093
0.213223 0.114958 -0.089463
0.213500 0.115094 -0.089879
0.228552 0.114891 -0.097824
0.229201 0.114885 -0.098171
0.229602 0.114973 -0.098564
0.230251 0.114966 -0.098910
0.230528 0.115101 -0.099327
0.231052 0.115142 -0.099697
0.231329 0.115278 -0.100113
0.231605 0.115413 -0.100529
0.240111 0.114817 -0.104084
0.241008 0.114716 -0.104384
0.241533 0.114757 -0.104754
0.241810 0.114892 -0.105170
0.242210 0.114980 -0.105563
0.242363 0.115163 -0.106003
0.242639 0.115299 -0.106419
0.242792 0.115482 -0.106859
0.242820 0.115712 -0.107322
0.242724 0.115990 -0.107808
0.242504 0.116315 -0.108318
0.242408 0.116593 -0.108804
0.241939 0.117013 -0.109360
0.246522 0.116227 -0.110373
0.246923 0.116315 -0.110766
0.247200 0.116451 -0.111183
0.247352 0.116634 -0.111623
0.247132 0.116959 -0.112132
0.247533 0.117047 -0.112525
0.247312 0.117372 -0.113035
0.251074 0.116437 -0.113258
0.255428 0.118886 -0.120396
0.255933 0.118937 -0.120768
0.256085 0.119120 -0.121208
0.256238 0.119303 -0.121648
0.259857 0.119387 -0.123770
0.260715 0.119306 -0.124075
0.261220 0.119357 -0.124447
0.263946 0.119295 -0.125802
0.264687 0.119258 -0.126130
0.265309 0.119265 -0.126480
0.265932 0.119272 -0.126830
0.266790 0.119190 -0.127135
0.267648 0.119109 -0.127440
0.268271 0.119116 -0.127790
0.268776 0.119166 -0.128163
0.269281 0.119217 -0.128535
0.269551 0.119356 -0.128952
0.269821 0.119495 -0.129370
0.270209 0.119590 -0.129764
0.270714 0.119640 -0.130137
0.271101 0.119735 -0.130532
0.271607 0.119786 -0.130904
0.272229 0.119793 -0.131254
0.272852 0.119800 -0.131604
0.273240 0.119894 -0.131999
0.273627 0.119989 -0.132394
0.274250 0.119996 -0.132744
0.274755 0.120047 -0.133116
0.275025 0.120186 -0.133533
0.275530 0.120236 -0.133906
0.276036 0.120287 -0.134278
0.276423 0.120382 -0.134673
0.276811 0.120477 -0.135068
0.277198 0.120572 -0.135463
0.277468 0.120711 -0.135880
0.277973 0.120761 -0.136252
0.278361 0.120856 -0.136647
0.278749 0.120951 -0.137042
0.299623 0.118412 -0.143373
0.300364 0.118375 -0.143701
0.300854 0.118428 -0.144077
0.301668 0.118354 -0.144395
0.302371 0.118323 -0.144732
0.303888 0.118219 -0.145387
0.304702 0.118145 -0.145705
0.305516 0.118071 -0.146022
0.305999 0.118126 -0.146400
0.306482 0.118180 -0.146779
0.306855 0.118278 -0.147178
0.307448 0.118290 -0.147536
0.307931 0.118344 -0.147914
0.308304 0.118442 -0.148313
0.308897 0.118454 -0.148671
0.309490 0.118465 -0.149029
0.310083 0.118477 -0.149387
0.310456 0.118575 -0.149786
0.311160 0.118544 -0.150124
0.311863 0.118513 -0.150462
0.312456 0.118525 -0.150820
0.312939 0.118579 -0.151198
0.313643 0.118548 -0.151536
0.313905 0.118689 -0.151955
0.314499 0.118700 -0.152313
0.315312 0.118627 -0.152631
0.315906 0.118639 -0.152989
0.316278 0.118736 -0.153388
0.316761 0.118791 -0.153766
0.317355 0.118802 -0.154124
0.320872 0.118648 -0.155812
0.322127 0.118403 -0.156048
0.322720 0.118415 -0.156406
0.326788 0.118046 -0.157993
0.327933 0.117844 -0.158249
0.328636 0.117813 -0.158586
0.329119 0.117868 -0.158965
0.329602 0.117923 -0.159343
0.329865 0.118063 -0.159763
0.330017 0.118246 -0.160202
0.330169 0.118429 -0.160642
0.330432 0.118569 -0.161061
0.330254 0.118880 -0.161562
0.329635 0.119363 -0.162145
0.329346 0.119717 -0.162666
0.329278 0.119985 -0.163146
0.329210 0.120254 -0.163627
0.328921 0.120608 -0.164148
0.328963 0.120833 -0.164608
0.329006 0.121059 -0.165068
0.328607 0.121456 -0.165610
0.328539 0.121724 -0.166090
0.328361 0.122036 -0.166591
0.328292 0.122304 -0.167072
0.328335 0.122530 -0.167532
0.328267 0.122798 -0.168012
0.328309 0.123024 -0.168472
0.328241 0.123292 -0.168953
0.328283 0.123518 -0.169413
0.328435 0.123701 -0.169853
0.328477 0.123927 -0.170313
0.328519 0.124152 -0.170773
0.328672 0.124335 -0.171213
0.328604 0.124604 -0.171693
0.327764 0.125172 -0.172316
0.173191 0.111550 -0.058982
0.173607 0.111632 -0.059372
0.174022 0.111714 -0.059762
0.174438 0.111797 -0.060152
0.174722 0.111930 -0.060567
0.174743 0.112163 -0.061032
0.174895 0.112346 -0.061471
0.175311 0.112428 -0.061862
0.175595 0.112561 -0.062277
0.175879 0.112694 -0.062692
0.176031 0.112877 -0.063131
0.176447 0.112959 -0.063522
0.176730 0.113092 -0.063936
0.177014 0.113224 -0.064351
0.177298 0.113357 -0.064766
0.177582 0.113490 -0.065181
0.177998 0.113572 -0.065572
0.178282 0.113705 -0.065987
0.178698 0.113787 -0.066377
0.179245 0.113820 -0.066742
0.204966 0.110503 -0.074561
0.205366 0.110591 -0.074954
0.205643 0.110727 -0.075371
0.205795 0.110909 -0.075810
0.205575 0.111235 -0.076320
0.205603 0.111465 -0.076783
0.205259 0.111838 -0.077315
0.204915 0.112211 -0.077848
0.204943 0.112441 -0.078311
0.205096 0.112624 -0.078751
0.205000 0.112902 -0.079237
0.205400 0.112990 -0.079630
0.205677 0.113126 -0.080047
0.206202 0.113166 -0.080416
0.206851 0.113159 -0.080763
0.207127 0.113295 -0.081179
0.207776 0.113288 -0.081526
0.208177 0.113376 -0.081919
0.208702 0.113416 -0.082289
0.209102 0.113504 -0.082682
0.209379 0.113640 -0.083099
0.209531 0.113823 -0.083538
0.209559 0.114053 -0.084001
0.208843 0.114568 -0.084604
0.210113 0.114324 -0.084834
0.210637 0.114364 -0.085204
0.210790 0.114547 -0.085644
0.211066 0.114683 -0.086060
0.211591 0.114723 -0.086430
0.212116 0.114764 -0.086800
0.212517 0.114852 -0.087193
0.212669 0.115035 -0.087633
0.212821 0.115218 -0.088072
0.213098 0.115353 -0.088489
0.213499 0.115441 -0.088882
0.213899 0.115529 -0.089275
0.214300 0.115617 -0.089668
0.214576 0.115753 -0.090084
0.214853 0.115888 -0.090501
0.215254 0.115976 -0.090894
0.215282 0.116206 -0.091357
0.215434 0.116389 -0.091797
0.215711 0.116525 -0.092213
0.227985 0.115932 -0.097872
0.229007 0.115782 -0.098149
0.229035 0.116013 -0.098612
0.229808 0.115958 -0.098935
0.229836 0.116189 -0.099398
0.230858 0.116039 -0.099675
0.230045 0.116833 -0.100764
0.230322 0.116968 -0.101180
0.230847 0.117009 -0.101550
0.239695 0.116037 -0.104574
0.240965 0.115793 -0.104804
0.241366 0.115881 -0.105197
0.241767 0.115969 -0.105590
0.242043 0.116104 -0.106007
0.242320 0.116239 -0.106423
0.242596 0.116375 -0.106839
0.242749 0.116558 -0.107279
0.242653 0.116836 -0.107765
0.242681 0.117066 -0.108228
0.242709 0.117297 -0.108691
0.242613 0.117574 -0.109177
0.242021 0.118042 -0.109757
0.246603 0.117255 -0.110771
0.246755 0.117438 -0.111210
0.247280 0.117478 -0.111580
0.247308 0.117709 -0.112043
0.247833 0.117749 -0.112413
0.240412 0.120828 -0.114272
0.255327 0.120216 -0.121299
0.254774 0.120664 -0.121873
0.259685 0.120262 -0.123750
0.260308 0.120268 -0.124100
0.264009 0.120080 -0.125739
0.264749 0.120042 -0.126066
0.267945 0.119803 -0.127332
0.268803 0.119722 -0.127638
0.269543 0.119684 -0.127966
0.270166 0.119690 -0.128316
0.270436 0.119829 -0.128733
0.270588 0.120012 -0.129173
0.270976 0.120107 -0.129568
0.271246 0.120246 -0.129985
0.271633 0.120340 -0.130380
0.272256 0.120347 -0.130730
0.272761 0.120397 -0.131102
0.273149 0.120492 -0.131497
0.273771 0.120499 -0.131847
0.274276 0.120549 -0.132220
0.274664 0.120644 -0.132615
0.275051 0.120739 -0.133010
0.275557 0.120789 -0.133382
0.276062 0.120840 -0.133755
0.276567 0.120890 -0.134127
0.276837 0.121029 -0.134545
0.277342 0.121080 -0.134917
0.277729 0.121175 -0.135312
0.278117 0.121269 -0.135707
0.278622 0.121320 -0.136079
0.278892 0.121459 -0.136497
0.299527 0.118998 -0.142879
0.300385 0.118916 -0.143184
0.300882 0.118968 -0.143558
0.302027 0.118766 -0.143815
0.302950 0.118649 -0.144112
0.303654 0.118617 -0.144450
0.304137 0.118672 -0.144828
0.304730 0.118683 -0.145187
0.305433 0.118652 -0.145525
0.306136 0.118621 -0.145862
0.306509 0.118718 -0.146261
0.306992 0.118773 -0.146640
0.307475 0.118827 -0.147019
0.307958 0.118882 -0.147397
0.308551 0.118893 -0.147755
0.309034 0.118948 -0.148134
0.309517 0.119002 -0.148512
0.310110 0.119014 -0.148871
0.310703 0.119025 -0.149229
0.311296 0.119037 -0.149587
0.311669 0.119134 -0.149986
0.312373 0.119103 -0.150324
0.312966 0.119114 -0.150682
0.313559 0.119126 -0.151040
0.314042 0.119180 -0.151419
0.314525 0.119235 -0.151798
0.315118 0.119246 -0.152156
0.315711 0.119258 -0.152514
0.316304 0.119270 -0.152872
0.316897 0.119281 -0.153230
0.317380 0.119336 -0.153609
0.321117 0.119094 -0.155258
0.322151 0.118934 -0.155534
0.322854 0.118903 -0.155872
0.323337 0.118957 -0.156251
0.327736 0.118458 -0.157777
0.328549 0.118384 -0.158095
0.329142 0.118396 -0.158453
0.329625 0.118450 -0.158832
0.329998 0.118547 -0.159231
0.330040 0.118773 -0.159691
0.330303 0.118913 -0.160110
0.330455 0.119096 -0.160550
0.330607 0.119279 -0.160989
0.329988 0.119762 -0.161571
0.329700 0.120116 -0.162093
0.329412 0.120471 -0.162614
0.329454 0.120696 -0.163074
0.329165 0.121051 -0.163595
0.329097 0.121319 -0.164075
0.329029 0.121588 -0.164556
0.328961 0.121856 -0.165036
0.328783 0.122168 -0.165537
0.328605 0.122479 -0.166038
0.328427 0.122791 -0.166538
0.328359 0.123059 -0.167019
0.328511 0.123242 -0.167459
0.328443 0.123511 -0.167939
0.328375 0.123780 -0.168419
0.328417 0.124005 -0.168879
0.328459 0.124231 -0.169339
0.328612 0.124414 -0.169779
0.328544 0.124683 -0.170260
0.328696 0.124866 -0.170699
0.328849 0.125049 -0.171139
0.328560 0.125403 -0.171660
0.327060 0.126228 -0.172405
0.174593 0.112340 -0.059588
0.175009 0.112422 -0.059979
0.175424 0.112505 -0.060369
0.175708 0.112637 -0.060784
0.175861 0.112820 -0.061224
0.176276 0.112903 -0.061614
0.176560 0.113035 -0.062029
0.176581 0.113269 -0.062493
0.176865 0.113401 -0.062908
0.177017 0.113584 -0.063348
0.177433 0.113667 -0.063738
0.177585 0.113849 -0.064178
0.178001 0.113932 -0.064568
0.178022 0.114165 -0.065033
0.178832 0.114096 -0.065349
0.179116 0.114229 -0.065764
0.179531 0.114311 -0.066154
0.204344 0.111090 -0.073679
0.205366 0.110940 -0.073956
0.205891 0.110981 -0.074326
0.206167 0.111116 -0.074743
0.206444 0.111251 -0.075159
0.206348 0.111529 -0.075645
0.206252 0.111807 -0.076131
0.205908 0.112180 -0.076664
0.205812 0.112458 -0.077150
0.205716 0.112736 -0.077636
0.205868 0.112919 -0.078076
0.206020 0.113102 -0.078516
0.206173 0.113285 -0.078955
0.206077 0.113563 -0.079442
0.206478 0.113651 -0.079835
0.207002 0.113691 -0.080205
0.207403 0.113779 -0.080598
0.207804 0.113867 -0.080991
0.208328 0.113908 -0.081361
0.208729 0.113995 -0.081754
0.209378 0.113988 -0.082101
0.209903 0.114029 -0.082471
0.210179 0.114164 -0.082887
0.210828 0.114157 -0.083234
0.211353 0.114197 -0.083604
0.211505 0.114380 -0.084044
0.211906 0.114468 -0.084437
0.212183 0.114603 -0.084853
0.212087 0.114881 -0.085339
0.212239 0.115064 -0.085779
0.212267 0.115295 -0.086242
0.212420 0.115478 -0.086682
0.212696 0.115613 -0.087098
0.212849 0.115796 -0.087538
0.213249 0.115884 -0.087931
0.213650 0.115972 -0.088324
0.214051 0.116060 -0.088717
0.214327 0.116195 -0.089134
0.214728 0.116283 -0.089527
0.215004 0.116418 -0.089943
0.215281 0.116554 -0.090360
0.215681 0.116642 -0.090753
0.215834 0.116825 -0.091193
0.215986 0.117008 -0.091632
0.216511 0.117048 -0.092002
0.216539 0.117278 -0.092465
0.216816 0.117414 -0.092882
0.216624 0.117970 -0.093854
0.217273 0.117963 -0.094201
0.227351 0.117482 -0.098869
0.228248 0.117379 -0.099169
0.228897 0.117372 -0.099516
0.229670 0.117317 -0.099839
0.230319 0.117310 -0.100186
0.230844 0.117351 -0.100556
0.231369 0.117391 -0.100926
0.231645 0.117526 -0.101342
0.232046 0.117614 -0.101735
0.232322 0.117750 -0.102152
0.240177 0.117155 -0.105363
0.240951 0.117100 -0.105687
0.241724 0.117045 -0.106010
0.242248 0.117086 -0.106380
0.242401 0.117269 -0.106820
0.242429 0.117499 -0.107283
0.242457 0.117730 -0.107745
0.242610 0.117913 -0.108185
0.242638 0.118143 -0.108648
0.242418 0.118469 -0.109157
0.242198 0.118794 -0.109667
0.241481 0.119310 -0.110269
0.240889 0.119778 -0.110848
0.240629 0.120842 -0.112770
0.246864 0.118696 -0.112071
0.240934 0.121208 -0.113649
0.241086 0.121391 -0.114089
0.240618 0.121812 -0.114645
0.240522 0.122090 -0.115131
0.240054 0.122510 -0.115687
0.254334 0.121402 -0.121434
0.253898 0.121806 -0.121985
0.268478 0.120410 -0.127180
0.269335 0.120327 -0.127486
0.270076 0.120289 -0.127814
0.270698 0.120296 -0.128164
0.271086 0.120390 -0.128559
0.271473 0.120485 -0.128954
0.271625 0.120668 -0.129393
0.272013 0.120762 -0.129788
0.272400 0.120857 -0.130183
0.272788 0.120951 -0.130578
0.273175 0.121046 -0.130973
0.273563 0.121141 -0.131368
0.274185 0.121147 -0.131719
0.274690 0.121197 -0.132091
0.274960 0.121336 -0.132509
0.275465 0.121386 -0.132881
0.275970 0.121437 -0.133254
0.276475 0.121487 -0.133626
0.276863 0.121582 -0.134021
0.277368 0.121632 -0.134394
0.277873 0.121683 -0.134767
0.278142 0.121821 -0.135184
0.278647 0.121872 -0.135557
0.279152 0.121922 -0.135929
0.302275 0.119220 -0.143255
0.303089 0.119145 -0.143573
0.303682 0.119157 -0.143932
0.304275 0.119168 -0.144290
0.304868 0.119179 -0.144648
0.305240 0.119276 -0.145047
0.306054 0.119202 -0.145365
0.306537 0.119256 -0.145744
0.307019 0.119310 -0.146122
0.307502 0.119365 -0.146501
0.308095 0.119376 -0.146859
0.308578 0.119430 -0.147238
0.309061 0.119484 -0.147617
0.309764 0.119453 -0.147955
0.310357 0.119464 -0.148313
0.310840 0.119518 -0.148692
0.311433 0.119530 -0.149050
0.311916 0.119584 -0.149429
0.312399 0.119638 -0.149808
0.312882 0.119692 -0.150186
0.313585 0.119661 -0.150524
0.314068 0.119715 -0.150903
0.314551 0.119769 -0.151282
0.315144 0.119781 -0.151640
0.315516 0.119878 -0.152039
0.316220 0.119846 -0.152377
0.316813 0.119858 -0.152736
0.317406 0.119869 -0.153094
0.322066 0.119508 -0.155041
0.322879 0.119433 -0.155359
0.323582 0.119402 -0.155697
0.324065 0.119456 -0.156075
0.327429 0.119115 -0.157326
0.328352 0.118998 -0.157623
0.328945 0.119009 -0.157982
0.329538 0.119021 -0.158340
0.330021 0.119075 -0.158719
0.330174 0.119258 -0.159158
0.330216 0.119484 -0.159618
0.330588 0.119581 -0.160017
0.330741 0.119764 -0.160457
0.330563 0.120075 -0.160958
0.329834 0.120601 -0.161560
0.329656 0.120913 -0.162061
0.329698 0.121139 -0.162521
0.329520 0.121451 -0.163021
0.329342 0.121762 -0.163522
0.329274 0.122031 -0.164002
0.329206 0.122300 -0.164483
0.328917 0.122654 -0.165004
0.328629 0.123009 -0.165525
0.328671 0.123235 -0.165985
0.328493 0.123546 -0.166485
0.328645 0.123729 -0.166925
0.328688 0.123955 -0.167385
0.328399 0.124310 -0.167906
0.328552 0.124493 -0.168346
0.328594 0.124718 -0.168806
0.328746 0.124901 -0.169245
0.328678 0.125170 -0.169726
0.328721 0.125396 -0.170186
0.328873 0.125579 -0.170625
0.328695 0.125891 -0.171126
0.327305 0.126674 -0.171850
0.175863 0.113180 -0.060220
0.176279 0.113263 -0.060610
0.176694 0.113345 -0.061001
0.177110 0.113427 -0.061391
0.177262 0.113610 -0.061831
0.177415 0.113793 -0.062270
0.177436 0.114026 -0.062735
0.177719 0.114159 -0.063150
0.178135 0.114241 -0.063540
0.178419 0.114374 -0.063955
0.178571 0.114557 -0.064395
0.179250 0.114538 -0.064736
0.179534 0.114671 -0.065151
0.179818 0.114803 -0.065566
0.180102 0.114936 -0.065981
0.205517 0.111472 -0.073398
0.206042 0.111512 -0.073768
0.206443 0.111600 -0.074161
0.206719 0.111736 -0.074578
0.206872 0.111918 -0.075017
0.206900 0.112149 -0.075480
0.206804 0.112427 -0.075966
0.206212 0.112896 -0.076545
0.206364 0.113079 -0.076985
0.206516 0.113261 -0.077425
0.206545 0.113492 -0.077888
0.206821 0.113627 -0.078304
0.206725 0.113905 -0.078790
0.207002 0.114041 -0.079207
0.207402 0.114129 -0.079600
0.207182 0.114454 -0.080109
0.207955 0.114399 -0.080433
0.208480 0.114439 -0.080803
0.209005 0.114480 -0.081173
0.209405 0.114567 -0.081566
0.209930 0.114608 -0.081936
0.210331 0.114695 -0.082329
0.210980 0.114688 -0.082676
0.211629 0.114680 -0.083023
0.212029 0.114768 -0.083416
0.212306 0.114904 -0.083833
0.212582 0.115039 -0.084249
0.212983 0.115127 -0.084643
0.213011 0.115357 -0.085105
0.213163 0.115540 -0.085545
0.212943 0.115866 -0.086054
0.212848 0.116144 -0.086541
0.213124 0.116279 -0.086957
0.213400 0.116415 -0.087373
0.213677 0.116550 -0.087790
0.214078 0.116638 -0.088183
0.214478 0.116726 -0.088576
0.214755 0.116861 -0.088993
0.215031 0.116996 -0.089409
0.215308 0.117132 -0.089826
0.215584 0.117267 -0.090242
0.215861 0.117402 -0.090659
0.215889 0.117633 -0.091122
0.216041 0.117816 -0.091561
0.216194 0.117999 -0.092001
0.216346 0.118182 -0.092441
0.216623 0.118317 -0.092857
0.216775 0.118500 -0.093297
0.217176 0.118588 -0.093690
0.217824 0.118580 -0.094037
0.219523 0.118653 -0.095124
0.225058 0.118220 -0.097366
0.226203 0.118023 -0.097620
0.226976 0.117968 -0.097943
0.227749 0.117913 -0.098267
0.228522 0.117858 -0.098591
0.229171 0.117850 -0.098937
0.229820 0.117843 -0.099284
0.230469 0.117835 -0.099631
0.230870 0.117923 -0.100024
0.231394 0.117963 -0.100394
0.231919 0.118003 -0.100764
0.232196 0.118139 -0.101181
0.232596 0.118227 -0.101574
0.232873 0.118362 -0.101991
0.233149 0.118497 -0.102407
0.233178 0.118728 -0.102870
0.233330 0.118911 -0.103310
0.233606 0.119046 -0.103726
0.233635 0.119277 -0.104189
0.241308 0.118265 -0.106499
0.241957 0.118258 -0.106846
0.242234 0.118393 -0.107262
0.242014 0.118719 -0.107772
0.242290 0.118854 -0.108188
0.242194 0.119133 -0.108674
0.242098 0.119411 -0.109160
0.242002 0.119689 -0.109647
0.242031 0.119919 -0.110109
0.241935 0.120197 -0.110596
0.241963 0.120428 -0.111058
0.240530 0.121460 -0.112263
0.240807 0.121595 -0.112679
0.240959 0.121778 -0.113119
0.241235 0.121914 -0.113535
0.240891 0.122287 -0.114068
0.240795 0.122565 -0.114554
0.240699 0.122843 -0.115040
0.240355 0.123217 -0.115573
0.240011 0.123590 -0.116105
0.269633 0.121021 -0.127378
0.270490 0.120939 -0.127684
0.271112 0.120945 -0.128034
0.271617 0.120995 -0.128407
0.272005 0.121090 -0.128802
0.272510 0.121140 -0.129175
0.272897 0.121234 -0.129570
0.273167 0.121373 -0.129987
0.273437 0.121512 -0.130405
0.273707 0.121650 -0.130822
0.273977 0.121789 -0.131239
0.274482 0.121839 -0.131612
0.274986 0.121889 -0.131985
0.275491 0.121940 -0.132358
0.275996 0.121990 -0.132730
0.276384 0.122084 -0.133125
0.276889 0.122134 -0.133498
0.277393 0.122185 -0.133871
0.277898 0.122235 -0.134244
0.278168 0.122373 -0.134661
0.278673 0.122424 -0.135034
0.279061 0.122518 -0.135429
0.299805 0.119994 -0.141799
0.301007 0.119780 -0.142040
0.301380 0.119877 -0.142439
0.302413 0.119717 -0.142716
0.303117 0.119685 -0.143055
0.303710 0.119696 -0.143413
0.304302 0.119707 -0.143772
0.304895 0.119718 -0.144130
0.305268 0.119815 -0.144529
0.305971 0.119783 -0.144868
0.306564 0.119794 -0.145226
0.307047 0.119848 -0.145605
0.307530 0.119902 -0.145984
0.308233 0.119870 -0.146322
0.308605 0.119967 -0.146721
0.309198 0.119978 -0.147079
0.309901 0.119947 -0.147418
0.310494 0.119958 -0.147776
0.311087 0.119969 -0.148135
0.311570 0.120023 -0.148514
0.311943 0.120120 -0.148913
0.312425 0.120174 -0.149291
0.312908 0.120228 -0.149670
0.313281 0.120325 -0.150069
0.314094 0.120250 -0.150387
0.314687 0.120261 -0.150746
0.315170 0.120315 -0.151125
0.315653 0.120369 -0.151503
0.316135 0.120423 -0.151882
0.316618 0.120477 -0.152261
0.317211 0.120488 -0.152619
0.317584 0.120585 -0.153019
0.321980 0.120082 -0.154547
0.322793 0.120007 -0.154865
0.323386 0.120018 -0.155224
0.324089 0.119986 -0.155562
0.327232 0.119730 -0.156854
0.328156 0.119612 -0.157152
0.328969 0.119537 -0.157470
0.329562 0.119548 -0.157828
0.329934 0.119645 -0.158227
0.330307 0.119742 -0.158626
0.330459 0.119925 -0.159066
0.330612 0.120108 -0.159506
0.330874 0.120248 -0.159925
0.330696 0.120560 -0.160426
0.330188 0.121001 -0.160987
0.330010 0.121313 -0.161488
0.329942 0.121582 -0.161968
0.329654 0.121936 -0.162489
0.329586 0.122205 -0.162969
0.329408 0.122517 -0.163469
0.329340 0.122786 -0.163950
0.329162 0.123098 -0.164450
0.328873 0.123453 -0.164971
0.328695 0.123764 -0.165472
0.328738 0.123990 -0.165932
0.328560 0.124302 -0.166432
0.328822 0.124442 -0.166852
0.328644 0.124754 -0.167352
0.328686 0.124980 -0.167812
0.328618 0.125249 -0.168292
0.328771 0.125432 -0.168732
0.328703 0.125700 -0.169212
0.328855 0.125883 -0.169652
0.328897 0.126109 -0.170112
0.328940 0.126335 -0.170572
0.328761 0.126647 -0.171073
0.176870 0.114121 -0.060901
0.177812 0.114001 -0.061193
0.178359 0.114033 -0.061559
0.178511 0.114216 -0.061999
0.178664 0.114399 -0.062438
0.178948 0.114531 -0.062853
0.179232 0.114664 -0.063269
0.179273 0.115131 -0.064197
0.180083 0.115061 -0.064514
0.180367 0.115194 -0.064929
0.180388 0.115427 -0.065393
0.205297 0.112147 -0.072909
0.206194 0.112044 -0.073210
0.206718 0.112084 -0.073580
0.207119 0.112172 -0.073973
0.207147 0.112403 -0.074436
0.207176 0.112633 -0.074899
0.207204 0.112864 -0.075362
0.207108 0.113142 -0.075848
0.206888 0.113468 -0.076357
0.206916 0.113698 -0.076820
0.207193 0.113834 -0.077237
0.207345 0.114017 -0.077676
0.207497 0.114200 -0.078116
0.207774 0.114335 -0.078532
0.208175 0.114423 -0.078926
0.208203 0.114653 -0.079389
0.209100 0.114550 -0.079689
0.209156 0.115011 -0.080615
0.209557 0.115099 -0.081008
0.210206 0.115091 -0.081355
0.210482 0.115227 -0.081772
0.211007 0.115267 -0.082142
0.211656 0.115259 -0.082489
0.212180 0.115299 -0.082859
0.212457 0.115434 -0.083275
0.212858 0.115522 -0.083669
0.213134 0.115657 -0.084085
0.213411 0.115792 -0.084502
0.213687 0.115928 -0.084918
0.213963 0.116063 -0.085335
0.213868 0.116341 -0.085821
0.213648 0.116667 -0.086330
0.213676 0.116898 -0.086793
0.213952 0.117033 -0.087209
0.214229 0.117168 -0.087626
0.214629 0.117256 -0.088019
0.214906 0.117391 -0.088436
0.215182 0.117527 -0.088852
0.215335 0.117709 -0.089292
0.215611 0.117845 -0.089708
0.215888 0.117980 -0.090125
0.216040 0.118163 -0.090564
0.216068 0.118394 -0.091027
0.216097 0.118624 -0.091490
0.216125 0.118855 -0.091953
0.216277 0.119038 -0.092393
0.216678 0.119125 -0.092786
0.216830 0.119308 -0.093226
0.217355 0.119348 -0.093596
0.217507 0.119531 -0.094035
0.217908 0.119619 -0.094429
0.225981 0.118692 -0.097134
0.226878 0.118589 -0.097434
0.227403 0.118629 -0.097804
0.228424 0.118479 -0.098082
0.229073 0.118471 -0.098429
0.229846 0.118416 -0.098753
0.230495 0.118408 -0.099099
0.231020 0.118448 -0.099470
0.231420 0.118536 -0.099863
0.232069 0.118528 -0.100210
0.232345 0.118663 -0.100626
0.232622 0.118799 -0.101043
0.233023 0.118886 -0.101436
0.233299 0.119022 -0.101853
0.233575 0.119157 -0.102269
0.233728 0.119340 -0.102709
0.234004 0.119475 -0.103125
0.234157 0.119658 -0.103565
0.234309 0.119841 -0.104005
0.234586 0.119976 -0.104421
0.234366 0.120302 -0.104930
0.234766 0.120390 -0.105324
0.235043 0.120525 -0.105740
0.240673 0.119812 -0.107497
0.241694 0.119662 -0.107775
0.241598 0.119940 -0.108261
0.241875 0.120075 -0.108677
0.241655 0.120401 -0.109186
0.242056 0.120489 -0.109580
0.241960 0.120767 -0.110066
0.241988 0.120998 -0.110529
0.236804 0.123229 -0.111965
0.236335 0.123650 -0.112521
0.236420 0.124342 -0.113909
0.237193 0.124287 -0.114233
0.238011 0.125663 -0.117357
0.238412 0.125750 -0.117751
0.269460 0.121893 -0.127360
0.270435 0.121765 -0.127644
0.271174 0.121727 -0.127972
0.271914 0.121688 -0.128300
0.272654 0.121650 -0.128628
0.273159 0.121700 -0.129001
0.273546 0.121794 -0.129396
0.273816 0.121933 -0.129814
0.274086 0.122071 -0.130231
0.274238 0.122254 -0.130671
0.274625 0.122349 -0.131066
0.275013 0.122443 -0.131461
0.275400 0.122537 -0.131856
0.275905 0.122587 -0.132229
0.276292 0.122681 -0.132624
0.276680 0.122776 -0.133019
0.277302 0.122781 -0.133370
0.277807 0.122831 -0.133743
0.278194 0.122926 -0.134138
0.278699 0.122976 -0.134511
0.279204 0.123026 -0.134884
0.301036 0.120321 -0.141521
0.301739 0.120289 -0.141859
0.302332 0.120300 -0.142218
0.302924 0.120310 -0.142577
0.303627 0.120278 -0.142915
0.304330 0.120246 -0.143253
0.304813 0.120300 -0.143632
0.305296 0.120354 -0.144011
0.305889 0.120365 -0.144370
0.306592 0.120332 -0.144708
0.307074 0.120386 -0.145087
0.307667 0.120397 -0.145446
0.308150 0.120451 -0.145825
0.308633 0.120505 -0.146204
0.309225 0.120516 -0.146562
0.309928 0.120483 -0.146901
0.310521 0.120494 -0.147259
0.311004 0.120548 -0.147638
0.311597 0.120559 -0.147997
0.311969 0.120656 -0.148396
0.312342 0.120753 -0.148795
0.312825 0.120806 -0.149174
0.313307 0.120860 -0.149553
0.313790 0.120914 -0.149932
0.314383 0.120925 -0.150291
0.315086 0.120893 -0.150629
0.315679 0.120903 -0.150988
0.316161 0.120957 -0.151367
0.316534 0.121054 -0.151766
0.317017 0.121108 -0.152145
0.317609 0.121119 -0.152503
0.322708 0.120581 -0.154372
0.323411 0.120549 -0.154710
0.324114 0.120517 -0.155049
0.328179 0.120141 -0.156639
0.328992 0.120065 -0.156957
0.329695 0.120033 -0.157296
0.330068 0.120130 -0.157695
0.330330 0.120270 -0.158114
0.330593 0.120410 -0.158534
0.330745 0.120593 -0.158973
0.330897 0.120776 -0.159413
0.330940 0.121002 -0.159873
0.330541 0.121400 -0.160414
0.330253 0.121755 -0.160935
0.330075 0.122067 -0.161435
0.329897 0.122379 -0.161936
0.329719 0.122691 -0.162436
0.329762 0.122917 -0.162896
0.329474 0.123272 -0.163417
0.329406 0.123541 -0.163897
0.329228 0.123853 -0.164397
0.328940 0.124208 -0.164918
0.328872 0.124477 -0.165398
0.328694 0.124789 -0.165899
0.328956 0.124929 -0.166318
0.328999 0.125155 -0.166778
0.328821 0.125467 -0.167279
0.328753 0.125736 -0.167759
0.328905 0.125919 -0.168198
0.328837 0.126188 -0.168679
0.328990 0.126371 -0.169118
0.328922 0.126640 -0.169598
0.329184 0.126780 -0.170018
0.329006 0.127092 -0.170518
0.328718 0.127447 -0.171039
0.178382 0.114626 -0.061020
0.178929 0.114657 -0.061386
0.179476 0.114689 -0.061752
0.179629 0.114871 -0.062192
0.179913 0.115004 -0.062607
0.180591 0.114985 -0.062948
0.180917 0.115584 -0.064292
0.206097 0.112672 -0.072698
0.206746 0.112664 -0.073045
0.207271 0.112704 -0.073415
0.207547 0.112839 -0.073832
0.207451 0.113117 -0.074318
0.207479 0.113348 -0.074781
0.207508 0.113578 -0.075244
0.207288 0.113904 -0.075753
0.207440 0.114087 -0.076192
0.207593 0.114270 -0.076632
0.207869 0.114406 -0.077049
0.208021 0.114589 -0.077488
0.208174 0.114771 -0.077928
0.208574 0.114859 -0.078321
0.209347 0.114803 -0.078645
0.209748 0.114891 -0.079039
0.210148 0.114978 -0.079432
0.210549 0.115066 -0.079825
0.211198 0.115058 -0.080172
0.211226 0.115289 -0.080635
0.211751 0.115329 -0.081005
0.212151 0.115416 -0.081399
0.211931 0.115742 -0.081908
0.212332 0.115830 -0.082301
0.212608 0.115965 -0.082718
0.212885 0.116100 -0.083134
0.213285 0.116188 -0.083528
0.213686 0.116275 -0.083921
0.213962 0.116410 -0.084338
0.214363 0.116498 -0.084731
0.214639 0.116633 -0.085147
0.214792 0.116816 -0.085587
0.214820 0.117047 -0.086050
0.214600 0.117373 -0.086559
0.214628 0.117603 -0.087022
0.214905 0.117739 -0.087438
0.215057 0.117922 -0.087878
0.215334 0.118057 -0.088295
0.215610 0.118192 -0.088711
0.215762 0.118375 -0.089151
0.215915 0.118558 -0.089591
0.215943 0.118789 -0.090053
0.216095 0.118972 -0.090493
0.216248 0.119155 -0.090933
0.216276 0.119385 -0.091396
0.216180 0.119664 -0.091882
0.216457 0.119799 -0.092298
0.216485 0.120029 -0.092761
0.217010 0.120069 -0.093131
0.217162 0.120252 -0.093571
0.217687 0.120292 -0.093941
0.226532 0.119307 -0.096972
0.227305 0.119251 -0.097295
0.228078 0.119196 -0.097619
0.228975 0.119092 -0.097920
0.229624 0.119084 -0.098267
0.230272 0.119077 -0.098614
0.230797 0.119116 -0.098984
0.231322 0.119156 -0.099355
0.231846 0.119196 -0.099725
0.232247 0.119284 -0.100118
0.232648 0.119371 -0.100511
0.233048 0.119459 -0.100905
0.233325 0.119594 -0.101321
0.233601 0.119729 -0.101738
0.233878 0.119864 -0.102154
0.234154 0.120000 -0.102571
0.234306 0.120182 -0.103011
0.234583 0.120318 -0.103427
0.234859 0.120453 -0.103844
0.235012 0.120636 -0.104283
0.235164 0.120819 -0.104723
0.235441 0.120954 -0.105140
0.235717 0.121089 -0.105556
0.235869 0.121272 -0.105996
0.235774 0.121551 -0.106482
0.235926 0.121734 -0.106921
0.236326 0.121821 -0.107315
0.236355 0.122052 -0.107778
0.236383 0.122282 -0.108240
0.236908 0.122322 -0.108611
0.236812 0.122601 -0.109097
0.240811 0.121305 -0.108818
0.240964 0.121488 -0.109258
0.237145 0.123197 -0.110439
0.237545 0.123285 -0.110832
0.237325 0.123611 -0.111341
0.237354 0.123841 -0.111804
0.237134 0.124167 -0.112313
0.237038 0.124446 -0.112799
0.237066 0.124676 -0.113262
0.236970 0.124955 -0.113748
0.236502 0.125376 -0.114304
0.236779 0.125511 -0.114720
0.237179 0.125599 -0.115114
0.237208 0.125830 -0.115576
0.236988 0.126156 -0.116086
0.236520 0.126577 -0.116641
0.236796 0.126712 -0.117057
0.237445 0.126704 -0.117405
0.271471 0.122420 -0.127865
0.272328 0.122337 -0.128171
0.273068 0.122298 -0.128499
0.273690 0.122304 -0.128850
0.274077 0.122398 -0.129245
0.274465 0.122492 -0.129641
0.274852 0.122586 -0.130036
0.275004 0.122769 -0.130475
0.275274 0.122908 -0.130893
0.275661 0.123002 -0.131288
0.275931 0.123140 -0.131706
0.276319 0.123235 -0.132101
0.276823 0.123284 -0.132474
0.277211 0.123379 -0.132869
0.277715 0.123428 -0.133242
0.278220 0.123478 -0.133615
0.278725 0.123528 -0.133988
0.279230 0.123578 -0.134361
0.300705 0.120996 -0.141070
0.301767 0.120829 -0.141340
0.302360 0.120840 -0.141699
0.302843 0.120893 -0.142078
0.303435 0.120904 -0.142437
0.304028 0.120915 -0.142796
0.304621 0.120925 -0.143155
0.305213 0.120936 -0.143513
0.305696 0.120989 -0.143892
0.306289 0.121000 -0.144251
0.306882 0.121010 -0.144610
0.307584 0.120978 -0.144949
0.308177 0.120989 -0.145307
0.308660 0.121042 -0.145686
0.309142 0.121096 -0.146065
0.309625 0.121149 -0.146444
0.310218 0.121160 -0.146803
0.310810 0.121171 -0.147162
0.311293 0.121224 -0.147541
0.311776 0.121278 -0.147920
0.312258 0.121332 -0.148299
0.312631 0.121428 -0.148698
0.313224 0.121439 -0.149057
0.313816 0.121449 -0.149416
0.314299 0.121503 -0.149795
0.314892 0.121514 -0.150154
0.315484 0.121524 -0.150512
0.315967 0.121578 -0.150891
0.316450 0.121631 -0.151271
0.316932 0.121685 -0.151650
0.317415 0.121739 -0.152029
0.323325 0.121123 -0.154217
0.324028 0.121091 -0.154555
0.328203 0.120669 -0.156127
0.329016 0.120594 -0.156445
0.329719 0.120561 -0.156784
0.330201 0.120615 -0.157163
0.330574 0.120712 -0.157562
0.330726 0.120895 -0.158002
0.330878 0.121077 -0.158441
0.331141 0.121217 -0.158861
0.331183 0.121443 -0.159321
0.331005 0.121756 -0.159821
0.330607 0.122154 -0.160362
0.330429 0.122466 -0.160862
0.330141 0.122822 -0.161383
0.329963 0.123134 -0.161883
0.329896 0.123403 -0.162363
0.329828 0.123672 -0.162843
0.329760 0.123941 -0.163323
0.329582 0.124253 -0.163824
0.329294 0.124609 -0.164344
0.329116 0.124921 -0.164845
0.329048 0.125190 -0.165325
0.328981 0.125459 -0.165805
0.329243 0.125599 -0.166224
0.328955 0.125954 -0.166745
0.328997 0.126180 -0.167205
0.329150 0.126363 -0.167644
0.329192 0.126589 -0.168104
0.329124 0.126858 -0.168584
0.329167 0.127084 -0.169044
0.329319 0.127267 -0.169484
0.329361 0.127493 -0.169944
0.329183 0.127806 -0.170444
0.328455 0.128333 -0.171046
0.179783 0.115413 -0.061628
0.180330 0.115445 -0.061994
0.180877 0.115476 -0.062360
0.181424 0.115507 -0.062726
0.181839 0.115589 -0.063117
0.182123 0.115722 -0.063532
0.205628 0.113442 -0.072256
0.206525 0.113339 -0.072556
0.207422 0.113235 -0.072857
0.207699 0.113370 -0.073274
0.207851 0.113553 -0.073714
0.208003 0.113736 -0.074153
0.207907 0.114015 -0.074639
0.207812 0.114293 -0.075125
0.208269 0.114842 -0.076444
0.208545 0.114977 -0.076861
0.208822 0.115112 -0.077277
0.209098 0.115247 -0.077694
0.209871 0.115192 -0.078018
0.210396 0.115231 -0.078388
0.210920 0.115271 -0.078758
0.211321 0.115358 -0.079152
0.211597 0.115493 -0.079568
0.212246 0.115485 -0.079916
0.212646 0.115573 -0.080309
0.213047 0.115660 -0.080702
0.213323 0.115795 -0.081119
0.213352 0.116026 -0.081582
0.213380 0.116257 -0.082045
0.213160 0.116583 -0.082554
0.213561 0.116670 -0.082947
0.213713 0.116853 -0.083387
0.214113 0.116941 -0.083780
0.214514 0.117028 -0.084174
0.214790 0.117163 -0.084590
0.215191 0.117251 -0.084984
0.215343 0.117434 -0.085423
0.215372 0.117664 -0.085886
0.215400 0.117895 -0.086349
0.215428 0.118126 -0.086812
0.215705 0.118261 -0.087228
0.215485 0.118587 -0.087737
0.215761 0.118722 -0.088154
0.215790 0.118953 -0.088617
0.216066 0.119088 -0.089033
0.215970 0.119367 -0.089519
0.216123 0.119550 -0.089959
0.216275 0.119733 -0.090399
0.216303 0.119963 -0.090861
0.216332 0.120194 -0.091324
0.216360 0.120425 -0.091787
0.216388 0.120655 -0.092250
0.216665 0.120791 -0.092666
0.216693 0.121021 -0.093129
0.217342 0.121013 -0.093476
0.226959 0.119969 -0.096833
0.227980 0.119817 -0.097110
0.228629 0.119809 -0.097457
0.229401 0.119753 -0.097782
0.230050 0.119745 -0.098129
0.230575 0.119785 -0.098499
0.231223 0.119777 -0.098846
0.231748 0.119816 -0.099216
0.232149 0.119904 -0.099610
0.232549 0.119991 -0.100003
0.232950 0.120079 -0.100397
0.233350 0.120166 -0.100790
0.233751 0.120253 -0.101184
0.234027 0.120389 -0.101600
0.234180 0.120572 -0.102040
0.234332 0.120755 -0.102479
0.234732 0.120842 -0.102873
0.235009 0.120977 -0.103289
0.235285 0.121112 -0.103706
0.235438 0.121295 -0.104146
0.235590 0.121478 -0.104585
0.235867 0.121613 -0.105002
0.236143 0.121749 -0.105418
0.236295 0.121931 -0.105858
0.236324 0.122162 -0.106321
0.236476 0.122345 -0.106761
0.236753 0.122480 -0.107177
0.236657 0.122759 -0.107663
0.237057 0.122846 -0.108056
0.237210 0.123029 -0.108496
0.237114 0.123308 -0.108982
0.237390 0.123443 -0.109399
0.237419 0.123673 -0.109861
0.237571 0.123856 -0.110301
0.237723 0.124039 -0.110741
0.237627 0.124318 -0.111227
0.237408 0.124644 -0.111736
0.237312 0.124922 -0.112222
0.237092 0.125249 -0.112731
0.236996 0.125527 -0.113217
0.236776 0.125853 -0.113726
0.236556 0.126180 -0.114235
0.236833 0.126315 -0.114651
0.236737 0.126593 -0.115137
0.236889 0.126776 -0.115577
0.236545 0.127150 -0.116109
0.236698 0.127333 -0.116549
0.237098 0.127421 -0.116942
0.272742 0.122986 -0.128042
0.273482 0.122947 -0.128371
0.274104 0.122952 -0.128721
0.274491 0.123046 -0.129117
0.274996 0.123095 -0.129490
0.275618 0.123101 -0.129841
0.275888 0.123239 -0.130258
0.276040 0.123422 -0.130698
0.276310 0.123561 -0.131115
0.276580 0.123699 -0.131533
0.276850 0.123838 -0.131950
0.277237 0.123932 -0.132345
0.277624 0.124026 -0.132741
0.278129 0.124075 -0.133114
0.278633 0.124125 -0.133487
0.279138 0.124175 -0.133860
0.301466 0.121499 -0.140882
0.302278 0.121423 -0.141200
0.302761 0.121477 -0.141579
0.303353 0.121487 -0.141938
0.303836 0.121540 -0.142318
0.304319 0.121594 -0.142697
0.305021 0.121561 -0.143035
0.305724 0.121528 -0.143374
0.306317 0.121539 -0.143733
0.306909 0.121549 -0.144092
0.307502 0.121559 -0.144451
0.308315 0.121483 -0.144770
0.308797 0.121537 -0.145149
0.309170 0.121633 -0.145548
0.309652 0.121687 -0.145927
0.310135 0.121740 -0.146306
0.310617 0.121794 -0.146685
0.311100 0.121847 -0.147065
0.311472 0.121944 -0.147464
0.312065 0.121954 -0.147823
0.312658 0.121964 -0.148182
0.313140 0.122018 -0.148561
0.313733 0.122028 -0.148920
0.314215 0.122081 -0.149299
0.314808 0.122092 -0.149658
0.315180 0.122188 -0.150057
0.315773 0.122199 -0.150416
0.316256 0.122252 -0.150795
0.316848 0.122262 -0.151154
0.317331 0.122316 -0.151533
0.323130 0.121741 -0.153743
0.323723 0.121751 -0.154102
0.328006 0.121284 -0.155655
0.329039 0.121122 -0.155933
0.329742 0.121089 -0.156272
0.330225 0.121143 -0.156651
0.330597 0.121239 -0.157050
0.330859 0.121379 -0.157469
0.331012 0.121562 -0.157909
0.331274 0.121702 -0.158329
0.331427 0.121885 -0.158768
0.331139 0.122240 -0.159289
0.331071 0.122510 -0.159769
0.330563 0.122952 -0.160330
0.330495 0.123221 -0.160810
0.330207 0.123576 -0.161330
0.330250 0.123802 -0.161790
0.330182 0.124072 -0.162270
0.329894 0.124427 -0.162790
0.329826 0.124697 -0.163270
0.329648 0.125009 -0.163771
0.329251 0.125408 -0.164311
0.329183 0.125677 -0.164791
0.329335 0.125860 -0.165231
0.329377 0.126086 -0.165691
0.329420 0.126312 -0.166151
0.329242 0.126625 -0.166651
0.329174 0.126894 -0.167131
0.329327 0.127077 -0.167571
0.329369 0.127303 -0.168031
0.329411 0.127529 -0.168490
0.329564 0.127712 -0.168930
0.329496 0.127981 -0.169410
0.329648 0.128164 -0.169850
0.328810 0.128735 -0.170471
0.181316 0.116150 -0.062212
0.181994 0.116130 -0.062554
0.182672 0.116111 -0.062896
0.183350 0.116091 -0.063237
0.183766 0.116173 -0.063628
0.185821 0.116348 -0.065117
0.186631 0.116278 -0.065434
0.187046 0.116360 -0.065825
0.187593 0.116391 -0.066191
0.207325 0.113862 -0.072346
0.207974 0.113854 -0.072693
0.208002 0.114085 -0.073156
0.208155 0.114268 -0.073595
0.208183 0.114498 -0.074058
0.208211 0.114729 -0.074521
0.209689 0.115126 -0.076118
0.210338 0.115118 -0.076465
0.209870 0.115540 -0.077020
0.210395 0.115579 -0.077391
0.211043 0.115571 -0.077738
0.211568 0.115611 -0.078108
0.211844 0.115746 -0.078525
0.212121 0.115881 -0.078942
0.212521 0.115968 -0.079335
0.212922 0.116055 -0.079729
0.213446 0.116095 -0.080099
0.213723 0.116230 -0.080515
0.213875 0.116413 -0.080955
0.214276 0.116500 -0.081349
0.214676 0.116588 -0.081742
0.214828 0.116770 -0.082182
0.214981 0.116953 -0.082621
0.214885 0.117232 -0.083107
0.214913 0.117463 -0.083570
0.214942 0.117694 -0.084033
0.215342 0.117781 -0.084426
0.215619 0.117916 -0.084843
0.215771 0.118099 -0.085283
0.215799 0.118330 -0.085745
0.215952 0.118513 -0.086185
0.215980 0.118743 -0.086648
0.216008 0.118974 -0.087111
0.215912 0.119253 -0.087597
0.215941 0.119483 -0.088059
0.216093 0.119666 -0.088499
0.216245 0.119849 -0.088939
0.216274 0.120080 -0.089401
0.216302 0.120311 -0.089864
0.216330 0.120542 -0.090327
0.216483 0.120725 -0.090767
0.216263 0.121051 -0.091276
0.216291 0.121282 -0.091738
0.216319 0.121512 -0.092201
0.216348 0.121743 -0.092664
0.216748 0.121830 -0.093057
0.227386 0.120631 -0.096694
0.228407 0.120479 -0.096972
0.229179 0.120423 -0.097296
0.229704 0.120462 -0.097666
0.230352 0.120454 -0.098013
0.230877 0.120493 -0.098384
0.231402 0.120533 -0.098754
0.231926 0.120572 -0.099125
0.232327 0.120659 -0.099518
0.232727 0.120747 -0.099912
0.233252 0.120786 -0.100282
0.233652 0.120874 -0.100675
0.233929 0.121009 -0.101092
0.234081 0.121192 -0.101532
0.234358 0.121327 -0.101948
0.234634 0.121462 -0.102365
0.234910 0.121597 -0.102781
0.235187 0.121732 -0.103198
0.235463 0.121867 -0.103615
0.235740 0.122002 -0.104031
0.236016 0.122137 -0.104448
0.236169 0.122320 -0.104887
0.236445 0.122455 -0.105304
0.236473 0.122686 -0.105767
0.236626 0.122869 -0.106206
0.236778 0.123052 -0.106646
0.236930 0.123235 -0.107086
0.237083 0.123418 -0.107525
0.237235 0.123601 -0.107965
0.237263 0.123832 -0.108428
0.237540 0.123967 -0.108844
0.237692 0.124150 -0.109284
0.237596 0.124428 -0.109770
0.237625 0.124659 -0.110233
0.237653 0.124890 -0.110696
0.237433 0.125216 -0.111205
0.237213 0.125543 -0.111714
0.237118 0.125821 -0.112199
0.236898 0.126148 -0.112708
0.236802 0.126426 -0.113194
0.236582 0.126753 -0.113703
0.236362 0.127079 -0.114212
0.235646 0.127597 -0.114814
0.235178 0.128019 -0.115369
0.235082 0.128297 -0.115855
0.234987 0.128576 -0.116341
0.235883 0.128472 -0.116642
0.270739 0.124070 -0.127432
0.271948 0.123852 -0.127673
0.272804 0.123768 -0.127979
0.273778 0.123639 -0.128264
0.274166 0.123733 -0.128659
0.274670 0.123783 -0.129032
0.275644 0.123654 -0.129317
0.276149 0.123704 -0.129690
0.276536 0.123797 -0.130085
0.276806 0.123936 -0.130503
0.276841 0.124163 -0.130965
0.277111 0.124302 -0.131382
0.277380 0.124440 -0.131800
0.277650 0.124579 -0.132217
0.278155 0.124628 -0.132590
0.278542 0.124722 -0.132986
0.279046 0.124771 -0.133359
0.301135 0.122175 -0.140431
0.302197 0.122007 -0.140701
0.302679 0.122060 -0.141081
0.303272 0.122070 -0.141440
0.303754 0.122124 -0.141819
0.304237 0.122177 -0.142198
0.305049 0.122100 -0.142517
0.305752 0.122067 -0.142856
0.306344 0.122077 -0.143215
0.306937 0.122087 -0.143574
0.307419 0.122141 -0.143953
0.308122 0.122107 -0.144292
0.308714 0.122117 -0.144651
0.309197 0.122171 -0.145031
0.309679 0.122224 -0.145410
0.310162 0.122277 -0.145789
0.310644 0.122330 -0.146168
0.311127 0.122384 -0.146548
0.311609 0.122437 -0.146927
0.311982 0.122534 -0.147326
0.312574 0.122544 -0.147685
0.313057 0.122597 -0.148065
0.313539 0.122650 -0.148444
0.314022 0.122703 -0.148823
0.314724 0.122670 -0.149162
0.315097 0.122767 -0.149561
0.315689 0.122777 -0.149920
0.316172 0.122830 -0.150300
0.316654 0.122883 -0.150679
0.317357 0.122850 -0.151018
0.317729 0.122947 -0.151417
0.326405 0.121966 -0.154504
0.326998 0.121976 -0.154863
0.327920 0.121857 -0.155162
0.328843 0.121737 -0.155461
0.329655 0.121661 -0.155779
0.330248 0.121671 -0.156139
0.330620 0.121767 -0.156538
0.330993 0.121864 -0.156937
0.331145 0.122047 -0.157377
0.331298 0.122230 -0.157817
0.331560 0.122369 -0.158236
0.331492 0.122639 -0.158716
0.331095 0.123038 -0.159257
0.330807 0.123394 -0.159777
0.330629 0.123706 -0.160277
0.330561 0.123976 -0.160757
0.330274 0.124331 -0.161277
0.330426 0.124514 -0.161717
0.330028 0.124913 -0.162257
0.329960 0.125183 -0.162737
0.330003 0.125409 -0.163197
0.329605 0.125808 -0.163738
0.329537 0.126077 -0.164218
0.329469 0.126347 -0.164698
0.329512 0.126573 -0.165157
0.329554 0.126799 -0.165617
0.329376 0.127112 -0.166117
0.329419 0.127338 -0.166577
0.329461 0.127564 -0.167037
0.329503 0.127790 -0.167497
0.329546 0.128016 -0.167957
0.329588 0.128243 -0.168416
0.329740 0.128426 -0.168856
0.329673 0.128695 -0.169336
0.329825 0.128878 -0.169776
0.328987 0.129450 -0.170397
0.183242 0.116734 -0.062723
0.183920 0.116714 -0.063065
0.184467 0.116745 -0.063432
0.184750 0.116877 -0.063847
0.185844 0.116939 -0.064579
0.186653 0.116869 -0.064897
0.186937 0.117001 -0.065312
0.187484 0.117032 -0.065678
0.206857 0.114633 -0.071903
0.208001 0.114433 -0.072158
0.208402 0.114521 -0.072552
0.208430 0.114751 -0.073014
0.208583 0.114934 -0.073454
0.210528 0.114909 -0.074496
0.210929 0.114996 -0.074890
0.211453 0.115035 -0.075260
0.211358 0.115314 -0.075746
0.211510 0.115497 -0.076186
0.211166 0.115871 -0.076718
0.211443 0.116006 -0.077134
0.212091 0.115998 -0.077482
0.212492 0.116085 -0.077875
0.212644 0.116268 -0.078315
0.212920 0.116403 -0.078731
0.213321 0.116490 -0.079125
0.213721 0.116577 -0.079519
0.213998 0.116712 -0.079935
0.214398 0.116799 -0.080329
0.214551 0.116982 -0.080768
0.215075 0.117022 -0.081139
0.215476 0.117109 -0.081532
0.215752 0.117244 -0.081949
0.215905 0.117427 -0.082389
0.216057 0.117610 -0.082828
0.215837 0.117936 -0.083337
0.215741 0.118215 -0.083823
0.215894 0.118398 -0.084263
0.215922 0.118629 -0.084725
0.216323 0.118716 -0.085119
0.216227 0.118995 -0.085605
0.216255 0.119226 -0.086068
0.216283 0.119456 -0.086530
0.216312 0.119687 -0.086993
0.216340 0.119918 -0.087456
0.216120 0.120245 -0.087965
0.216273 0.120428 -0.088404
0.216177 0.120706 -0.088890
0.216329 0.120889 -0.089330
0.216233 0.121168 -0.089816
0.216386 0.121351 -0.090255
0.216290 0.121629 -0.090741
0.216070 0.121956 -0.091250
0.215975 0.122235 -0.091736
0.215879 0.122513 -0.092222
0.216031 0.122696 -0.092661
0.227812 0.121292 -0.096555
0.228585 0.121236 -0.096879
0.229234 0.121227 -0.097226
0.229882 0.121219 -0.097574
0.230407 0.121258 -0.097944
0.231055 0.121249 -0.098292
0.231580 0.121289 -0.098662
0.232104 0.121328 -0.099033
0.232505 0.121415 -0.099426
0.232905 0.121502 -0.099820
0.233430 0.121542 -0.100190
0.233706 0.121677 -0.100607
0.234107 0.121764 -0.101000
0.234383 0.121899 -0.101417
0.234536 0.122082 -0.101857
0.234812 0.122217 -0.102273
0.235088 0.122352 -0.102690
0.235365 0.122487 -0.103106
0.235641 0.122622 -0.103523
0.235918 0.122757 -0.103940
0.236194 0.122892 -0.104356
0.236346 0.123075 -0.104796
0.236499 0.123258 -0.105236
0.236651 0.123441 -0.105675
0.236804 0.123624 -0.106115
0.237080 0.123759 -0.106532
0.237232 0.123942 -0.106971
0.237261 0.124173 -0.107434
0.237289 0.124404 -0.107897
0.237565 0.124539 -0.108313
0.237718 0.124722 -0.108753
0.237498 0.125048 -0.109262
0.237278 0.125375 -0.109771
0.237431 0.125558 -0.110210
0.237335 0.125836 -0.110696
0.237239 0.126115 -0.111182
0.237143 0.126394 -0.111668
0.236924 0.126720 -0.112177
0.236828 0.126999 -0.112663
0.236732 0.127278 -0.113148
0.236140 0.127748 -0.113727
0.235796 0.128122 -0.114259
0.235452 0.128497 -0.114790
0.235109 0.128871 -0.115322
0.234889 0.129198 -0.115831
0.234793 0.129477 -0.116317
0.271271 0.124675 -0.127281
0.272244 0.124546 -0.127565
0.272866 0.124550 -0.127917
0.275201 0.124386 -0.128882
0.275940 0.124346 -0.129211
0.276562 0.124351 -0.129562
0.276949 0.124445 -0.129957
0.277337 0.124538 -0.130353
0.277606 0.124677 -0.130770
0.277759 0.124860 -0.131210
0.277911 0.125043 -0.131650
0.278181 0.125181 -0.132067
0.278568 0.125275 -0.132462
0.279072 0.125324 -0.132836
0.279225 0.125507 -0.133275
0.300182 0.122846 -0.139629
0.301039 0.122762 -0.139936
0.301778 0.122722 -0.140265
0.302488 0.122687 -0.140602
0.303080 0.122697 -0.140961
0.303452 0.122793 -0.141361
0.304045 0.122803 -0.141720
0.304967 0.122683 -0.142019
0.305670 0.122650 -0.142358
0.306262 0.122659 -0.142717
0.306744 0.122713 -0.143096
0.307337 0.122722 -0.143456
0.307709 0.122819 -0.143855
0.308302 0.122828 -0.144214
0.309004 0.122795 -0.144553
0.309597 0.122805 -0.144913
0.309969 0.122901 -0.145312
0.310451 0.122954 -0.145691
0.311044 0.122964 -0.146051
0.311636 0.122974 -0.146410
0.312009 0.123070 -0.146809
0.312381 0.123166 -0.147209
0.312863 0.123219 -0.147588
0.313236 0.123316 -0.147988
0.313828 0.123326 -0.148347
0.314421 0.123335 -0.148706
0.314903 0.123388 -0.149085
0.315495 0.123398 -0.149445
0.316088 0.123408 -0.149804
0.316680 0.123418 -0.150163
0.317163 0.123471 -0.150542
0.317755 0.123481 -0.150902
0.326912 0.122549 -0.154370
0.327944 0.122386 -0.154649
0.328977 0.122223 -0.154928
0.329679 0.122189 -0.155267
0.330271 0.122199 -0.155626
0.330644 0.122295 -0.156026
0.331016 0.122392 -0.156425
0.331279 0.122531 -0.156845
0.331431 0.122714 -0.157285
0.331693 0.122854 -0.157704
0.331846 0.123037 -0.158144
0.331338 0.123479 -0.158704
0.331050 0.123836 -0.159224
0.330763 0.124192 -0.159744
0.330695 0.124461 -0.160224
0.330517 0.124774 -0.160724
0.330450 0.125043 -0.161204
0.330382 0.125313 -0.161684
0.330094 0.125669 -0.162204
0.330137 0.125895 -0.162664
0.329739 0.126295 -0.163204
0.329891 0.126478 -0.163644
0.329824 0.126747 -0.164124
0.329646 0.127060 -0.164624
0.329689 0.127286 -0.165084
0.329511 0.127599 -0.165584
0.329663 0.127782 -0.166023
0.329596 0.128051 -0.166503
0.329638 0.128278 -0.166963
0.329570 0.128547 -0.167443
0.329723 0.128730 -0.167883
0.329765 0.128956 -0.168342
0.329807 0.129183 -0.168802
0.329850 0.129409 -0.169262
0.329672 0.129722 -0.169762
0.329494 0.130034 -0.170262
0.207905 0.115061 -0.071646
0.208802 0.114956 -0.071948
0.208954 0.115139 -0.072387
0.208982 0.115370 -0.072850
0.211176 0.115248 -0.073846
0.211824 0.115239 -0.074194
0.212225 0.115326 -0.074588
0.212501 0.115461 -0.075004
0.212654 0.115644 -0.075444
0.212310 0.116019 -0.075976
0.212338 0.116249 -0.076438
0.212367 0.116480 -0.076901
0.212891 0.116519 -0.077272
0.213415 0.116559 -0.077642
0.213692 0.116694 -0.078059
0.213844 0.116877 -0.078499
0.213997 0.117059 -0.078938
0.214397 0.117147 -0.079332
0.214549 0.117329 -0.079772
0.214826 0.117464 -0.080188
0.215350 0.117504 -0.080559
0.215751 0.117591 -0.080952
0.216027 0.117726 -0.081369
0.216180 0.117909 -0.081809
0.216456 0.118044 -0.082225
0.216484 0.118274 -0.082688
0.216513 0.118505 -0.083151
0.216541 0.118736 -0.083613
0.216445 0.119015 -0.084099
0.216474 0.119246 -0.084562
0.216502 0.119477 -0.085025
0.216406 0.119756 -0.085510
0.216559 0.119939 -0.085950
0.216587 0.120169 -0.086413
0.216615 0.120400 -0.086875
0.216644 0.120631 -0.087338
0.216548 0.120910 -0.087824
0.216204 0.121285 -0.088356
0.216232 0.121516 -0.088819
0.216013 0.121842 -0.089327
0.216165 0.122025 -0.089767
0.216069 0.122304 -0.090253
0.215601 0.122727 -0.090808
0.215630 0.122957 -0.091270
0.215658 0.123188 -0.091733
0.214198 0.123994 -0.092472
0.227867 0.122098 -0.096485
0.228515 0.122089 -0.096832
0.229288 0.122032 -0.097157
0.229937 0.122023 -0.097504
0.230461 0.122062 -0.097875
0.230985 0.122102 -0.098246
0.231634 0.122093 -0.098593
0.232159 0.122132 -0.098964
0.232683 0.122171 -0.099334
0.233083 0.122258 -0.099728
0.233484 0.122345 -0.100121
0.233760 0.122480 -0.100538
0.234161 0.122567 -0.100932
0.234561 0.122654 -0.101325
0.234714 0.122837 -0.101765
0.234990 0.122972 -0.102182
0.235266 0.123107 -0.102598
0.235543 0.123242 -0.103015
0.235695 0.123425 -0.103454
0.236096 0.123512 -0.103848
0.236372 0.123647 -0.104265
0.236400 0.123878 -0.104727
0.236553 0.124061 -0.105167
0.236705 0.124244 -0.105607
0.236857 0.124427 -0.106046
0.237134 0.124562 -0.106463
0.237162 0.124793 -0.106926
0.237191 0.125024 -0.107389
0.237343 0.125207 -0.107828
0.237371 0.125438 -0.108291
0.237276 0.125716 -0.108777
0.237304 0.125947 -0.109239
0.237084 0.126274 -0.109748
0.237112 0.126505 -0.110211
0.236893 0.126832 -0.110720
0.236921 0.127062 -0.111182
0.236825 0.127341 -0.111668
0.236482 0.127716 -0.112200
0.236510 0.127947 -0.112663
0.236166 0.128322 -0.113195
0.235822 0.128696 -0.113727
0.235727 0.128975 -0.114212
0.235011 0.129493 -0.114813
0.234419 0.129964 -0.115391
0.234199 0.130291 -0.115900
0.271568 0.125369 -0.127173
0.272424 0.125284 -0.127480
0.274407 0.125252 -0.128512
0.275380 0.125123 -0.128797
0.276119 0.125083 -0.129126
0.276741 0.125087 -0.129478
0.277363 0.125091 -0.129829
0.277867 0.125141 -0.130202
0.278020 0.125323 -0.130642
0.278524 0.125373 -0.131016
0.278676 0.125555 -0.131455
0.278829 0.125738 -0.131895
0.279098 0.125877 -0.132312
0.279603 0.125926 -0.132686
0.299734 0.123568 -0.139199
0.300825 0.123394 -0.139462
0.301565 0.123354 -0.139792
0.302296 0.123315 -0.140123
0.302779 0.123368 -0.140502
0.303261 0.123421 -0.140882
0.303853 0.123430 -0.141241
0.304665 0.123353 -0.141560
0.305368 0.123319 -0.141900
0.306070 0.123285 -0.142239
0.306662 0.123295 -0.142598
0.307035 0.123391 -0.142998
0.307517 0.123444 -0.143377
0.308109 0.123453 -0.143737
0.308592 0.123506 -0.144116
0.309184 0.123516 -0.144475
0.309666 0.123569 -0.144855
0.310149 0.123622 -0.145234
0.310741 0.123631 -0.145594
0.311333 0.123641 -0.145953
0.311925 0.123650 -0.146312
0.312188 0.123790 -0.146732
0.312560 0.123886 -0.147132
0.313043 0.123939 -0.147511
0.313525 0.123992 -0.147891
0.314117 0.124001 -0.148250
0.314489 0.124097 -0.148649
0.315192 0.124064 -0.148989
0.315784 0.124073 -0.149348
0.316486 0.124039 -0.149687
0.316969 0.124092 -0.150067
0.317451 0.124145 -0.150446
0.329000 0.122751 -0.154415
0.329703 0.122718 -0.154755
0.330405 0.122684 -0.155094
0.330887 0.122737 -0.155474
0.331040 0.122920 -0.155913
0.331412 0.123016 -0.156313
0.331454 0.123242 -0.156772
0.331717 0.123382 -0.157192
0.331979 0.123521 -0.157612
0.331802 0.123834 -0.158112
0.331184 0.124321 -0.158692
0.331116 0.124590 -0.159172
0.330829 0.124947 -0.159692
0.330761 0.125216 -0.160171
0.330694 0.125486 -0.160651
0.330626 0.125756 -0.161131
0.330338 0.126112 -0.161651
0.330381 0.126338 -0.162111
0.330093 0.126695 -0.162631
0.330026 0.126964 -0.163111
0.329958 0.127234 -0.163590
0.329890 0.127504 -0.164070
0.329823 0.127773 -0.164550
0.329755 0.128043 -0.165030
0.329798 0.128269 -0.165490
0.329730 0.128539 -0.165970
0.329882 0.128722 -0.166409
0.329815 0.128991 -0.166889
0.329857 0.129218 -0.167349
0.330010 0.129401 -0.167789
0.330052 0.129627 -0.168248
0.330094 0.129853 -0.168708
0.329917 0.130166 -0.169208
0.329849 0.130436 -0.169688
0.209201 0.115391 -0.071344
0.209477 0.115526 -0.071760
0.209754 0.115661 -0.072177
0.212472 0.115577 -0.073545
0.212872 0.115664 -0.073938
0.213149 0.115799 -0.074355
0.213549 0.115886 -0.074749
0.213825 0.116021 -0.075165
0.213110 0.116540 -0.075766
0.213138 0.116771 -0.076229
0.213538 0.116858 -0.076622
0.213939 0.116945 -0.077016
0.214215 0.117080 -0.077433
0.214616 0.117167 -0.077826
0.214644 0.117398 -0.078289
0.214672 0.117629 -0.078752
0.215073 0.117715 -0.079145
0.214977 0.117994 -0.079631
0.215501 0.118033 -0.080002
0.216150 0.118024 -0.080349
0.216426 0.118159 -0.080766
0.216579 0.118342 -0.081206
0.216731 0.118525 -0.081645
0.216883 0.118708 -0.082085
0.217036 0.118891 -0.082525
0.217064 0.119122 -0.082987
0.217092 0.119353 -0.083450
0.217121 0.119584 -0.083913
0.216901 0.119911 -0.084421
0.216929 0.120142 -0.084884
0.216710 0.120469 -0.085393
0.216862 0.120652 -0.085833
0.216766 0.120930 -0.086318
0.216795 0.121161 -0.086781
0.216699 0.121440 -0.087267
0.216355 0.121815 -0.087798
0.216136 0.122142 -0.088307
0.215792 0.122517 -0.088839
0.215200 0.122988 -0.089417
0.214732 0.123411 -0.089971
0.214637 0.123690 -0.090457
0.215161 0.123729 -0.090828
0.214197 0.124344 -0.091474
0.214226 0.124575 -0.091937
0.214750 0.124613 -0.092308
0.228198 0.123038 -0.096832
0.228970 0.122981 -0.097156
0.229619 0.122972 -0.097504
0.230391 0.122915 -0.097829
0.230916 0.122954 -0.098199
0.231564 0.122945 -0.098547
0.232089 0.122984 -0.098918
0.232613 0.123023 -0.099288
0.233138 0.123062 -0.099659
0.233538 0.123149 -0.100053
0.233814 0.123284 -0.100469
0.234339 0.123323 -0.100840
0.234491 0.123506 -0.101280
0.234768 0.123641 -0.101696
0.235044 0.123776 -0.102113
0.235320 0.123911 -0.102530
0.235597 0.124046 -0.102946
0.235873 0.124181 -0.103363
0.236150 0.124315 -0.103780
0.236302 0.124498 -0.104219
0.236330 0.124729 -0.104682
0.236483 0.124912 -0.105122
0.236759 0.125047 -0.105538
0.236911 0.125230 -0.105978
0.236940 0.125461 -0.106441
0.236968 0.125692 -0.106903
0.237121 0.125875 -0.107343
0.237149 0.126106 -0.107806
0.237177 0.126337 -0.108268
0.237206 0.126568 -0.108731
0.236738 0.126991 -0.109286
0.237014 0.127126 -0.109702
0.236670 0.127501 -0.110234
0.236575 0.127779 -0.110720
0.236355 0.128106 -0.111229
0.236135 0.128433 -0.111737
0.236164 0.128664 -0.112200
0.235820 0.129039 -0.112732
0.235476 0.129414 -0.113263
0.235505 0.129645 -0.113726
0.235161 0.130020 -0.114258
0.234569 0.130491 -0.114836
0.233853 0.131010 -0.115436
0.233882 0.131241 -0.115899
0.271630 0.126152 -0.127110
0.273612 0.126120 -0.128142
0.274586 0.125990 -0.128428
0.275559 0.125860 -0.128713
0.276298 0.125819 -0.129042
0.277037 0.125779 -0.129372
0.277659 0.125783 -0.129723
0.278046 0.125877 -0.130119
0.278667 0.125881 -0.130470
0.279054 0.125974 -0.130866
0.279324 0.126113 -0.131283
0.279476 0.126295 -0.131723
0.279629 0.126478 -0.132163
0.280016 0.126572 -0.132558
0.280285 0.126710 -0.132976
0.300261 0.124160 -0.139055
0.301234 0.124030 -0.139340
0.301973 0.123990 -0.139670
0.302477 0.124039 -0.140043
0.303179 0.124005 -0.140383
0.303882 0.123970 -0.140722
0.304364 0.124023 -0.141102
0.305066 0.123989 -0.141441
0.305658 0.123998 -0.141801
0.306250 0.124007 -0.142160
0.306733 0.124060 -0.142540
0.307215 0.124113 -0.142919
0.307917 0.124079 -0.143259
0.308509 0.124088 -0.143618
0.308882 0.124184 -0.144018
0.309474 0.124193 -0.144377
0.309846 0.124289 -0.144777
0.310438 0.124299 -0.145137
0.310810 0.124395 -0.145536
0.311403 0.124404 -0.145896
0.311885 0.124457 -0.146275
0.312477 0.124466 -0.146635
0.312959 0.124519 -0.147014
0.313332 0.124615 -0.147414
0.313924 0.124624 -0.147773
0.314296 0.124720 -0.148173
0.314778 0.124773 -0.148553
0.315481 0.124739 -0.148892
0.316183 0.124705 -0.149232
0.316555 0.124801 -0.149631
0.328914 0.123324 -0.153923
0.329726 0.123246 -0.154242
0.330319 0.123256 -0.154602
0.330911 0.123265 -0.154961
0.331283 0.123361 -0.155361
0.331655 0.123457 -0.155761
0.331698 0.123683 -0.156220
0.331960 0.123823 -0.156640
0.332112 0.124006 -0.157080
0.331935 0.124319 -0.157579
0.331648 0.124676 -0.158099
0.331250 0.125076 -0.158639
0.331073 0.125389 -0.159139
0.331005 0.125659 -0.159619
0.330718 0.126015 -0.160138
0.330760 0.126242 -0.160598
0.330692 0.126511 -0.161078
0.330515 0.126825 -0.161578
0.330337 0.127138 -0.162078
0.330270 0.127408 -0.162557
0.330092 0.127721 -0.163057
0.330135 0.127947 -0.163517
0.330177 0.128173 -0.163977
0.330000 0.128487 -0.164476
0.330042 0.128713 -0.164936
0.330085 0.128939 -0.165396
0.330017 0.129209 -0.165876
0.330059 0.129435 -0.166335
0.329992 0.129705 -0.166815
0.330144 0.129888 -0.167255
0.330187 0.130115 -0.167714
0.330339 0.130298 -0.168154
0.330052 0.130654 -0.168674
0.329984 0.130924 -0.169154
0.329916 0.131194 -0.169633
0.210249 0.115817 -0.071088
0.210525 0.115952 -0.071504
0.210802 0.116087 -0.071921
0.212499 0.116155 -0.073010
0.213395 0.116050 -0.073312
0.213796 0.116137 -0.073706
0.214072 0.116272 -0.074122
0.214472 0.116359 -0.074516
0.214749 0.116493 -0.074933
0.213785 0.117109 -0.075579
0.213937 0.117292 -0.076019
0.214462 0.117331 -0.076390
0.214862 0.117417 -0.076784
0.215139 0.117552 -0.077200
0.215415 0.117687 -0.077617
0.215567 0.117870 -0.078057
0.215720 0.118053 -0.078496
0.215500 0.118380 -0.079005
0.215900 0.118467 -0.079399
0.216301 0.118554 -0.079792
0.216825 0.118593 -0.080163
0.216978 0.118776 -0.080603
0.217254 0.118910 -0.081019
0.217406 0.119093 -0.081459
0.217435 0.119324 -0.081922
0.217463 0.119555 -0.082384
0.217739 0.119690 -0.082801
0.217520 0.120017 -0.083310
0.217424 0.120296 -0.083795
0.217205 0.120623 -0.084304
0.216985 0.120951 -0.084813
0.217013 0.121182 -0.085275
0.216918 0.121461 -0.085761
0.216946 0.121692 -0.086224
0.216850 0.121971 -0.086709
0.216507 0.122346 -0.087241
0.216287 0.122673 -0.087750
0.216067 0.123000 -0.088258
0.214855 0.123711 -0.088951
0.214140 0.124231 -0.089551
0.214292 0.124414 -0.089991
0.214569 0.124549 -0.090408
0.214597 0.124780 -0.090870
0.214253 0.125155 -0.091402
0.214654 0.125242 -0.091796
0.214806 0.125424 -0.092235
0.230074 0.123864 -0.097828
0.230970 0.123759 -0.098130
0.231495 0.123798 -0.098501
0.232267 0.123740 -0.098825
0.232667 0.123827 -0.099219
0.233192 0.123866 -0.099590
0.233592 0.123953 -0.099984
0.233993 0.124040 -0.100377
0.234269 0.124175 -0.100794
0.234545 0.124310 -0.101211
0.234822 0.124444 -0.101627
0.234974 0.124627 -0.102067
0.235374 0.124714 -0.102461
0.235527 0.124897 -0.102900
0.235927 0.124984 -0.103294
0.236080 0.125167 -0.103734
0.236108 0.125398 -0.104196
0.236260 0.125581 -0.104636
0.236537 0.125716 -0.105053
0.236689 0.125899 -0.105493
0.236593 0.126178 -0.105978
0.236622 0.126409 -0.106441
0.236898 0.126544 -0.106858
0.236927 0.126775 -0.107320
0.236831 0.127054 -0.107806
0.236611 0.127381 -0.108314
0.236392 0.127708 -0.108823
0.236544 0.127891 -0.109263
0.236324 0.128218 -0.109771
0.236105 0.128545 -0.110280
0.236009 0.128824 -0.110766
0.235541 0.129247 -0.111320
0.235694 0.129430 -0.111760
0.235226 0.129853 -0.112315
0.235254 0.130084 -0.112777
0.235159 0.130363 -0.113263
0.235187 0.130594 -0.113726
0.234347 0.131162 -0.114349
0.233880 0.131585 -0.114904
0.233660 0.131912 -0.115412
0.273170 0.126854 -0.127706
0.274144 0.126724 -0.127991
0.275000 0.126638 -0.128299
0.275621 0.126642 -0.128650
0.276477 0.126556 -0.128958
0.277216 0.126515 -0.129287
0.277486 0.126654 -0.129705
0.278342 0.126568 -0.130013
0.278963 0.126572 -0.130364
0.279467 0.126621 -0.130738
0.279737 0.126759 -0.131156
0.280124 0.126852 -0.131551
0.280276 0.127035 -0.131991
0.280663 0.127128 -0.132387
0.280816 0.127311 -0.132826
0.300787 0.124752 -0.138911
0.301525 0.124711 -0.139240
0.301912 0.124805 -0.139636
0.302768 0.124719 -0.139943
0.303690 0.124598 -0.140243
0.304392 0.124563 -0.140583
0.304874 0.124616 -0.140962
0.305357 0.124668 -0.141342
0.305729 0.124764 -0.141742
0.306431 0.124730 -0.142081
0.307023 0.124739 -0.142441
0.307505 0.124791 -0.142821
0.308207 0.124757 -0.143160
0.308799 0.124766 -0.143520
0.309281 0.124818 -0.143900
0.309764 0.124871 -0.144279
0.310136 0.124967 -0.144679
0.310508 0.125063 -0.145079
0.310990 0.125115 -0.145458
0.311582 0.125124 -0.145818
0.312174 0.125133 -0.146178
0.312547 0.125229 -0.146577
0.313139 0.125238 -0.146937
0.313731 0.125247 -0.147297
0.314213 0.125300 -0.147676
0.314585 0.125396 -0.148076
0.315177 0.125405 -0.148436
0.315769 0.125414 -0.148795
0.316252 0.125466 -0.149175
0.328718 0.123940 -0.153450
0.329530 0.123862 -0.153770
0.330452 0.123741 -0.154069
0.331044 0.123750 -0.154429
0.331526 0.123802 -0.154809
0.331899 0.123898 -0.155208
0.332051 0.124081 -0.155648
0.332203 0.124264 -0.156088
0.332356 0.124447 -0.156527
0.332288 0.124717 -0.157007
0.331891 0.125117 -0.157547
0.331604 0.125474 -0.158067
0.331206 0.125874 -0.158606
0.331249 0.126101 -0.159066
0.331071 0.126414 -0.159566
0.331004 0.126684 -0.160045
0.330826 0.126997 -0.160545
0.330649 0.127311 -0.161045
0.330582 0.127581 -0.161524
0.330624 0.127807 -0.161984
0.330447 0.128121 -0.162484
0.330269 0.128434 -0.162983
0.330312 0.128660 -0.163443
0.330134 0.128974 -0.163943
0.330177 0.129200 -0.164402
0.330329 0.129383 -0.164842
0.330151 0.129697 -0.165342
0.330194 0.129923 -0.165802
0.330236 0.130149 -0.166261
0.330389 0.130332 -0.166701
0.330321 0.130602 -0.167181
0.330364 0.130829 -0.167640
0.330406 0.131055 -0.168100
0.330229 0.131368 -0.168600
0.330271 0.131595 -0.169059
0.329764 0.132039 -0.169619
0.211764 0.115819 -0.070278
0.212041 0.115954 -0.070694
0.211697 0.116329 -0.071226
0.211849 0.116512 -0.071665
0.213298 0.116676 -0.072801
0.214195 0.116570 -0.073103
0.214843 0.116561 -0.073451
0.215367 0.116599 -0.073822
0.215520 0.116782 -0.074261
0.215672 0.116965 -0.074701
0.215509 0.117755 -0.076135
0.215662 0.117938 -0.076574
0.216186 0.117976 -0.076945
0.216462 0.118111 -0.077362
0.216367 0.118390 -0.077847
0.216519 0.118573 -0.078287
0.216175 0.118949 -0.078819
0.216700 0.118987 -0.079189
0.217100 0.119074 -0.079583
0.217377 0.119209 -0.080000
0.217529 0.119392 -0.080440
0.217681 0.119575 -0.080879
0.217834 0.119758 -0.081319
0.218110 0.119892 -0.081736
0.218014 0.120172 -0.082221
0.218043 0.120403 -0.082684
0.217947 0.120682 -0.083170
0.217480 0.121105 -0.083724
0.217508 0.121336 -0.084187
0.217288 0.121664 -0.084695
0.217069 0.121991 -0.085204
0.216849 0.122318 -0.085712
0.217001 0.122501 -0.086152
0.216534 0.122924 -0.086706
0.216314 0.123252 -0.087215
0.215971 0.123627 -0.087746
0.215131 0.124195 -0.088370
0.214291 0.124763 -0.088993
0.214196 0.125042 -0.089479
0.214348 0.125225 -0.089918
0.214500 0.125408 -0.090358
0.214157 0.125783 -0.090889
0.214309 0.125966 -0.091329
0.214090 0.126293 -0.091838
0.230777 0.124660 -0.098106
0.231425 0.124651 -0.098454
0.232073 0.124641 -0.098802
0.232598 0.124680 -0.099173
0.232998 0.124767 -0.099567
0.233398 0.124853 -0.099960
0.233799 0.124940 -0.100354
0.234075 0.125075 -0.100771
0.234352 0.125210 -0.101188
0.234628 0.125345 -0.101604
0.234904 0.125479 -0.102021
0.235305 0.125566 -0.102415
0.235209 0.125845 -0.102900
0.235609 0.125932 -0.103294
0.235762 0.126115 -0.103734
0.235790 0.126346 -0.104196
0.235942 0.126529 -0.104636
0.236219 0.126664 -0.105053
0.236247 0.126895 -0.105515
0.236152 0.127174 -0.106001
0.236428 0.127309 -0.106418
0.236332 0.127588 -0.106903
0.236237 0.127867 -0.107389
0.236265 0.128098 -0.107852
0.236169 0.128377 -0.108337
0.236074 0.128656 -0.108823
0.235606 0.129080 -0.109377
0.235387 0.129407 -0.109886
0.235167 0.129734 -0.110394
0.235195 0.129965 -0.110857
0.235100 0.130245 -0.111343
0.234632 0.130668 -0.111897
0.234536 0.130947 -0.112383
0.234689 0.131130 -0.112822
0.233725 0.131746 -0.113469
0.233878 0.131929 -0.113908
0.233782 0.132208 -0.114394
0.231950 0.133161 -0.115201
0.274440 0.127417 -0.127884
0.275296 0.127331 -0.128192
0.275800 0.127379 -0.128566
0.276539 0.127338 -0.128896
0.277043 0.127387 -0.129269
0.277782 0.127345 -0.129599
0.278520 0.127304 -0.129929
0.279376 0.127218 -0.130237
0.279763 0.127311 -0.130632
0.280150 0.127405 -0.131028
0.280654 0.127453 -0.131402
0.280924 0.127591 -0.131819
0.281311 0.127685 -0.132215
0.281697 0.127778 -0.132611
0.300222 0.125520 -0.138503
0.301195 0.125389 -0.138788
0.301699 0.125437 -0.139162
0.303279 0.125313 -0.139804
0.303981 0.125278 -0.140144
0.304683 0.125243 -0.140483
0.305055 0.125339 -0.140883
0.305427 0.125435 -0.141283
0.306129 0.125400 -0.141623
0.306831 0.125365 -0.141963
0.307313 0.125418 -0.142342
0.307795 0.125470 -0.142722
0.308387 0.125479 -0.143082
0.308979 0.125487 -0.143442
0.309571 0.125496 -0.143802
0.309943 0.125592 -0.144201
0.310425 0.125644 -0.144581
0.310798 0.125740 -0.144981
0.311280 0.125792 -0.145361
0.311652 0.125888 -0.145760
0.312134 0.125941 -0.146140
0.312836 0.125906 -0.146480
0.313428 0.125914 -0.146840
0.313910 0.125967 -0.147220
0.314392 0.126019 -0.147599
0.314984 0.126028 -0.147959
0.315356 0.126124 -0.148359
0.330366 0.124313 -0.153577
0.331178 0.124234 -0.153897
0.331770 0.124243 -0.154257
0.332142 0.124339 -0.154656
0.332184 0.124565 -0.155116
0.332337 0.124748 -0.155556
0.332489 0.124931 -0.155995
0.332532 0.125158 -0.156455
0.332134 0.125559 -0.156995
0.331847 0.125916 -0.157514
0.331450 0.126316 -0.158054
0.331383 0.126586 -0.158533
0.331315 0.126856 -0.159013
0.331138 0.127170 -0.159512
0.330960 0.127484 -0.160012
0.330783 0.127797 -0.160512
0.330716 0.128067 -0.160991
0.330868 0.128250 -0.161431
0.330581 0.128607 -0.161950
0.330403 0.128921 -0.162450
0.330336 0.129191 -0.162930
0.330378 0.129417 -0.163389
0.330421 0.129644 -0.163849
0.330463 0.129870 -0.164309
0.330396 0.130140 -0.164788
0.330438 0.130367 -0.165248
0.330371 0.130637 -0.165727
0.330523 0.130820 -0.166167
0.330456 0.131090 -0.166647
0.330498 0.131316 -0.167106
0.330651 0.131499 -0.167546
0.330473 0.131813 -0.168046
0.330516 0.132039 -0.168505
0.330229 0.132396 -0.169025
0.212755 0.115781 -0.069097
0.212907 0.115964 -0.069537
0.213060 0.116147 -0.069977
0.212964 0.116426 -0.070462
0.212496 0.116850 -0.071016
0.212773 0.116985 -0.071433
0.214098 0.117196 -0.072592
0.215118 0.117042 -0.072871
0.215766 0.117032 -0.073219
0.216043 0.117167 -0.073636
0.216443 0.117254 -0.074029
0.216843 0.117340 -0.074423
0.216500 0.117716 -0.074955
0.216557 0.118178 -0.075880
0.217081 0.118217 -0.076251
0.217109 0.118448 -0.076713
0.217386 0.118582 -0.077130
0.217166 0.118910 -0.077639
0.217194 0.119141 -0.078101
0.217223 0.119372 -0.078564
0.217499 0.119507 -0.078981
0.217899 0.119593 -0.079374
0.218052 0.119776 -0.079814
0.218204 0.119959 -0.080254
0.218357 0.120142 -0.080693
0.218509 0.120325 -0.081133
0.218661 0.120508 -0.081573
0.218442 0.120836 -0.082081
0.218346 0.121115 -0.082567
0.217879 0.121539 -0.083121
0.217659 0.121866 -0.083630
0.217563 0.122145 -0.084115
0.217344 0.122473 -0.084624
0.217248 0.122752 -0.085109
0.216905 0.123128 -0.085640
0.216313 0.123600 -0.086218
0.216094 0.123927 -0.086726
0.215874 0.124254 -0.087235
0.215406 0.124678 -0.087789
0.215063 0.125054 -0.088320
0.214099 0.125670 -0.088966
0.213384 0.126190 -0.089566
0.213288 0.126470 -0.090052
0.213689 0.126556 -0.090446
0.213593 0.126835 -0.090931
0.213249 0.127211 -0.091463
0.213650 0.127298 -0.091857
0.231632 0.125639 -0.098824
0.232280 0.125629 -0.099172
0.232432 0.125812 -0.099612
0.233081 0.125802 -0.099960
0.233233 0.125985 -0.100400
0.233881 0.125976 -0.100748
0.234282 0.126062 -0.101141
0.234434 0.126245 -0.101581
0.234587 0.126428 -0.102021
0.234739 0.126611 -0.102460
0.234891 0.126794 -0.102900
0.235168 0.126929 -0.103317
0.234948 0.127256 -0.103825
0.235472 0.127295 -0.104196
0.235501 0.127526 -0.104659
0.235653 0.127709 -0.105098
0.235558 0.127988 -0.105584
0.235586 0.128219 -0.106047
0.235490 0.128498 -0.106532
0.235767 0.128633 -0.106949
0.235671 0.128912 -0.107434
0.235451 0.129240 -0.107943
0.235232 0.129567 -0.108451
0.235136 0.129846 -0.108937
0.234917 0.130174 -0.109445
0.234449 0.130598 -0.110000
0.234602 0.130781 -0.110439
0.234258 0.131156 -0.110971
0.234162 0.131435 -0.111456
0.233571 0.131907 -0.112033
0.231424 0.133468 -0.113834
0.231701 0.133602 -0.114251
0.232101 0.133689 -0.114644
0.232005 0.133968 -0.115130
0.274503 0.128200 -0.127821
0.275358 0.128113 -0.128129
0.276097 0.128072 -0.128459
0.276718 0.128075 -0.128811
0.277105 0.128168 -0.129207
0.277726 0.128172 -0.129559
0.278699 0.128041 -0.129845
0.279438 0.127999 -0.130175
0.279942 0.128047 -0.130549
0.280680 0.128006 -0.130878
0.281184 0.128054 -0.131252
0.281454 0.128192 -0.131670
0.281723 0.128330 -0.132088
0.282110 0.128423 -0.132484
0.300514 0.126202 -0.138402
0.301252 0.126160 -0.138732
0.301756 0.126208 -0.139106
0.301440 0.126571 -0.139634
0.303116 0.126170 -0.139788
0.304162 0.126002 -0.140064
0.304644 0.126054 -0.140444
0.305016 0.126150 -0.140844
0.305278 0.126289 -0.141264
0.306090 0.126210 -0.141584
0.306902 0.126131 -0.141904
0.307384 0.126184 -0.142284
0.307756 0.126279 -0.142683
0.308128 0.126375 -0.143083
0.309049 0.126253 -0.143383
0.309641 0.126261 -0.143743
0.310013 0.126357 -0.144143
0.310605 0.126365 -0.144503
0.310977 0.126461 -0.144903
0.311350 0.126557 -0.145303
0.311722 0.126652 -0.145702
0.312094 0.126748 -0.146102
0.312686 0.126757 -0.146462
0.313388 0.126722 -0.146802
0.314089 0.126686 -0.147142
0.314571 0.126738 -0.147522
0.331311 0.124719 -0.153365
0.331903 0.124728 -0.153724
0.332275 0.124823 -0.154124
0.332537 0.124963 -0.154544
0.332580 0.125189 -0.155004
0.332622 0.125416 -0.155463
0.332775 0.125599 -0.155903
0.332488 0.125956 -0.156422
0.332091 0.126357 -0.156962
0.331584 0.126802 -0.157521
0.331626 0.127028 -0.157981
0.331339 0.127386 -0.158500
0.331382 0.127612 -0.158960
0.331204 0.127926 -0.159459
0.331027 0.128240 -0.159959
0.330960 0.128510 -0.160438
0.331002 0.128737 -0.160898
0.330825 0.129050 -0.161397
0.330648 0.129364 -0.161897
0.330580 0.129634 -0.162376
0.330513 0.129904 -0.162856
0.330665 0.130087 -0.163295
0.330708 0.130314 -0.163755
0.330640 0.130584 -0.164235
0.330573 0.130854 -0.164714
0.330615 0.131081 -0.165174
0.330658 0.131307 -0.165633
0.330590 0.131577 -0.166113
0.330743 0.131760 -0.166553
0.330785 0.131987 -0.167012
0.330718 0.132257 -0.167492
0.330541 0.132571 -0.167991
0.330583 0.132797 -0.168451
0.330296 0.133155 -0.168970
0.213001 0.116031 -0.068055
0.213402 0.116118 -0.068449
0.213678 0.116253 -0.068865
0.213830 0.116435 -0.069305
0.213735 0.116715 -0.069790
0.213639 0.116994 -0.070276
0.213172 0.117418 -0.070830
0.213200 0.117649 -0.071293
0.215517 0.117475 -0.072268
0.216165 0.117465 -0.072616
0.216565 0.117551 -0.073010
0.216842 0.117686 -0.073427
0.217490 0.117676 -0.073775
0.218014 0.117715 -0.074146
0.217547 0.118139 -0.074700
0.218195 0.118129 -0.075048
0.218595 0.118215 -0.075442
0.218004 0.118687 -0.076019
0.218280 0.118822 -0.076436
0.218185 0.119101 -0.076922
0.217841 0.119477 -0.077453
0.218241 0.119564 -0.077847
0.218146 0.119843 -0.078332
0.218422 0.119978 -0.078749
0.218699 0.120113 -0.079166
0.218851 0.120296 -0.079605
0.219003 0.120478 -0.080045
0.219156 0.120661 -0.080485
0.219060 0.120941 -0.080970
0.219088 0.121172 -0.081433
0.218621 0.121596 -0.081987
0.218401 0.121924 -0.082495
0.218182 0.122251 -0.083004
0.218086 0.122531 -0.083489
0.217619 0.122955 -0.084043
0.217647 0.123186 -0.084506
0.217428 0.123513 -0.085014
0.216588 0.124082 -0.085637
0.215625 0.124699 -0.086283
0.215653 0.124930 -0.086746
0.215310 0.125306 -0.087277
0.214843 0.125730 -0.087831
0.214499 0.126106 -0.088362
0.212973 0.127426 -0.090048
0.212009 0.128043 -0.090693
0.212410 0.128130 -0.091087
0.212810 0.128216 -0.091481
0.231562 0.126493 -0.098777
0.231095 0.126917 -0.099332
0.231619 0.126955 -0.099703
0.232515 0.126848 -0.100005
0.232916 0.126935 -0.100399
0.233192 0.127070 -0.100816
0.233468 0.127204 -0.101232
0.233993 0.127243 -0.101603
0.234145 0.127426 -0.102043
0.234545 0.127512 -0.102437
0.234698 0.127695 -0.102877
0.234478 0.128023 -0.103385
0.234878 0.128109 -0.103779
0.235031 0.128292 -0.104218
0.234811 0.128620 -0.104727
0.235088 0.128754 -0.105144
0.234868 0.129082 -0.105652
0.234896 0.129313 -0.106115
0.235173 0.129448 -0.106531
0.235077 0.129727 -0.107017
0.234982 0.130007 -0.107502
0.234886 0.130286 -0.107988
0.234543 0.130662 -0.108519
0.234447 0.130941 -0.109004
0.234351 0.131221 -0.109490
0.234256 0.131500 -0.109975
0.234160 0.131779 -0.110461
0.231337 0.133120 -0.111450
0.231614 0.133254 -0.111867
0.231642 0.133485 -0.112329
0.231671 0.133717 -0.112792
0.231823 0.133900 -0.113232
0.231851 0.134131 -0.113694
0.232004 0.134314 -0.114134
0.231784 0.134641 -0.114642
0.274331 0.129073 -0.127802
0.275303 0.128941 -0.128088
0.276276 0.128809 -0.128374
0.276663 0.128903 -0.128770
0.277167 0.128951 -0.129144
0.278022 0.128864 -0.129452
0.278643 0.128867 -0.129804
0.280003 0.128828 -0.130487
0.280858 0.128741 -0.130795
0.281362 0.128790 -0.131169
0.281749 0.128883 -0.131565
0.282253 0.128931 -0.131939
0.282405 0.129114 -0.132378
0.300688 0.126928 -0.138324
0.301309 0.126931 -0.138676
0.301930 0.126935 -0.139028
0.302434 0.126983 -0.139402
0.302587 0.127166 -0.139841
0.303442 0.127079 -0.140150
0.304276 0.126996 -0.140464
0.304867 0.127004 -0.140824
0.305459 0.127012 -0.141184
0.305941 0.127064 -0.141564
0.306533 0.127073 -0.141924
0.307235 0.127037 -0.142264
0.307716 0.127089 -0.142644
0.308089 0.127185 -0.143044
0.308571 0.127236 -0.143424
0.309052 0.127288 -0.143804
0.309864 0.127209 -0.144125
0.310346 0.127261 -0.144505
0.310938 0.127269 -0.144865
0.311529 0.127278 -0.145225
0.311902 0.127373 -0.145625
0.312493 0.127381 -0.145985
0.313085 0.127390 -0.146345
0.313457 0.127485 -0.146745
0.330413 0.125370 -0.152552
0.331445 0.125204 -0.152832
0.332036 0.125212 -0.153192
0.332409 0.125308 -0.153592
0.332671 0.125447 -0.154012
0.332823 0.125630 -0.154452
0.332976 0.125813 -0.154891
0.333018 0.126040 -0.155351
0.332731 0.126397 -0.155870
0.332224 0.126842 -0.156429
0.332047 0.127156 -0.156929
0.331760 0.127514 -0.157448
0.331583 0.127828 -0.157947
0.331515 0.128098 -0.158427
0.331448 0.128368 -0.158906
0.331381 0.128639 -0.159386
0.331094 0.128996 -0.159905
0.331136 0.129223 -0.160365
0.331069 0.129493 -0.160844
0.330892 0.129807 -0.161343
0.330715 0.130121 -0.161843
0.330757 0.130348 -0.162302
0.330800 0.130574 -0.162762
0.330842 0.130801 -0.163221
0.330775 0.131071 -0.163701
0.330817 0.131298 -0.164161
0.330750 0.131568 -0.164640
0.330683 0.131839 -0.165119
0.330725 0.132065 -0.165579
0.330877 0.132248 -0.166019
0.331030 0.132431 -0.166458
0.330962 0.132701 -0.166938
0.330785 0.133015 -0.167437
0.330828 0.133242 -0.167897
0.330541 0.133600 -0.168416
0.330473 0.133870 -0.168896
0.213248 0.116281 -0.067012
0.213772 0.116320 -0.067383
0.214049 0.116454 -0.067800
0.214325 0.116589 -0.068217
0.214477 0.116772 -0.068657
0.214382 0.117051 -0.069142
0.214534 0.117234 -0.069582
0.214810 0.117369 -0.069999
0.214591 0.117697 -0.070507
0.215363 0.117638 -0.070832
0.215887 0.117676 -0.071203
0.216288 0.117763 -0.071597
0.216564 0.117897 -0.072014
0.216964 0.117984 -0.072408
0.217364 0.118070 -0.072802
0.217641 0.118205 -0.073219
0.218537 0.118098 -0.073521
0.219061 0.118136 -0.073892
0.219337 0.118271 -0.074309
0.219242 0.118550 -0.074794
0.219394 0.118733 -0.075234
0.219299 0.119013 -0.075720
0.219327 0.119244 -0.076182
0.218736 0.119717 -0.076759
0.219012 0.119851 -0.077176
0.219040 0.120082 -0.077638
0.219069 0.120314 -0.078101
0.219345 0.120448 -0.078518
0.219498 0.120631 -0.078957
0.219526 0.120862 -0.079420
0.219554 0.121094 -0.079882
0.219583 0.121325 -0.080345
0.219363 0.121653 -0.080853
0.219020 0.122029 -0.081384
0.218924 0.122308 -0.081870
0.218705 0.122636 -0.082378
0.218609 0.122916 -0.082864
0.218266 0.123292 -0.083395
0.217922 0.123668 -0.083926
0.217579 0.124044 -0.084457
0.216988 0.124516 -0.085034
0.216272 0.125037 -0.085634
0.215309 0.125655 -0.086279
0.214594 0.126176 -0.086879
0.214746 0.126358 -0.087319
0.214527 0.126686 -0.087827
0.213440 0.127352 -0.088495
0.230654 0.127916 -0.099353
0.231302 0.127905 -0.099701
0.232198 0.127799 -0.100004
0.232627 0.128116 -0.100860
0.233151 0.128154 -0.101231
0.233551 0.128241 -0.101625
0.233704 0.128424 -0.102065
0.233608 0.128703 -0.102550
0.234008 0.128790 -0.102944
0.234285 0.128924 -0.103361
0.234437 0.129107 -0.103801
0.234342 0.129387 -0.104286
0.234618 0.129521 -0.104703
0.234646 0.129753 -0.105166
0.234551 0.130032 -0.105651
0.234703 0.130215 -0.106091
0.234855 0.130398 -0.106530
0.234264 0.130871 -0.107107
0.234169 0.131150 -0.107593
0.234445 0.131285 -0.108009
0.234101 0.131661 -0.108541
0.232023 0.132713 -0.109392
0.231803 0.133041 -0.109900
0.231956 0.133224 -0.110340
0.231736 0.133551 -0.110848
0.231764 0.133782 -0.111311
0.231917 0.133965 -0.111750
0.231821 0.134245 -0.112236
0.231974 0.134428 -0.112675
0.231878 0.134707 -0.113161
0.231783 0.134987 -0.113646
0.231563 0.135315 -0.114155
0.275131 0.129814 -0.128069
0.277463 0.129643 -0.129038
0.278201 0.129601 -0.129368
0.278705 0.129649 -0.129742
0.280064 0.129609 -0.130425
0.280920 0.129522 -0.130733
0.281541 0.129525 -0.131085
0.282162 0.129528 -0.131437
0.282431 0.129666 -0.131855
0.282818 0.129759 -0.132251
0.283205 0.129852 -0.132647
0.298097 0.128235 -0.137825
0.298718 0.128238 -0.138177
0.300511 0.127790 -0.138311
0.301483 0.127658 -0.138597
0.302104 0.127661 -0.138950
0.302374 0.127799 -0.139367
0.303112 0.127757 -0.139698
0.303968 0.127670 -0.140006
0.304347 0.127764 -0.140404
0.305158 0.127684 -0.140725
0.305750 0.127692 -0.141085
0.306342 0.127700 -0.141445
0.306714 0.127796 -0.141845
0.307196 0.127847 -0.142225
0.307897 0.127812 -0.142565
0.308269 0.127907 -0.142965
0.308751 0.127959 -0.143346
0.309123 0.128054 -0.143745
0.309824 0.128018 -0.144086
0.310306 0.128070 -0.144466
0.310898 0.128078 -0.144826
0.311380 0.128130 -0.145206
0.312081 0.128094 -0.145547
0.312673 0.128102 -0.145907
0.331468 0.125733 -0.152320
0.332280 0.125653 -0.152640
0.332652 0.125748 -0.153040
0.332804 0.125931 -0.153480
0.333066 0.126071 -0.153900
0.333109 0.126297 -0.154359
0.333261 0.126480 -0.154799
0.333194 0.126751 -0.155278
0.332577 0.127240 -0.155857
0.332181 0.127641 -0.156396
0.332004 0.127956 -0.156895
0.331826 0.128270 -0.157395
0.331759 0.128540 -0.157874
0.331582 0.128854 -0.158373
0.331515 0.129125 -0.158853
0.331447 0.129395 -0.159332
0.331270 0.129709 -0.159831
0.331313 0.129936 -0.160291
0.331136 0.130250 -0.160790
0.331068 0.130521 -0.161270
0.331001 0.130791 -0.161749
0.330934 0.131061 -0.162228
0.330976 0.131288 -0.162688
0.330909 0.131559 -0.163167
0.330952 0.131785 -0.163627
0.330994 0.132012 -0.164086
0.330927 0.132282 -0.164566
0.330970 0.132509 -0.165025
0.331012 0.132736 -0.165485
0.331055 0.132962 -0.165944
0.331207 0.133145 -0.166384
0.331140 0.133416 -0.166864
0.331072 0.133686 -0.167343
0.330895 0.134000 -0.167842
0.330718 0.134314 -0.168341
0.329662 0.134979 -0.169000
0.213247 0.116628 -0.066016
0.214143 0.116521 -0.066318
0.214667 0.116559 -0.066689
0.214943 0.116694 -0.067106
0.214848 0.116973 -0.067592
0.215000 0.117156 -0.068031
0.215152 0.117339 -0.068471
0.215057 0.117619 -0.068956
0.215333 0.117753 -0.069373
0.215857 0.117791 -0.069744
0.216010 0.117974 -0.070184
0.216286 0.118109 -0.070601
0.216438 0.118292 -0.071041
0.216715 0.118426 -0.071457
0.216991 0.118561 -0.071874
0.217515 0.118599 -0.072245
0.217791 0.118733 -0.072662
0.219336 0.118616 -0.073313
0.220108 0.118557 -0.073639
0.220260 0.118740 -0.074078
0.220288 0.118971 -0.074541
0.220317 0.119203 -0.075003
0.220469 0.119386 -0.075443
0.220374 0.119665 -0.075928
0.220154 0.119993 -0.076437
0.220307 0.120176 -0.076876
0.219963 0.120552 -0.077407
0.219992 0.120784 -0.077870
0.220144 0.120967 -0.078310
0.220296 0.121149 -0.078749
0.220201 0.121429 -0.079235
0.220105 0.121709 -0.079720
0.219762 0.122085 -0.080251
0.219543 0.122413 -0.080759
0.219323 0.122741 -0.081267
0.219104 0.123069 -0.081776
0.219008 0.123348 -0.082261
0.218789 0.123676 -0.082769
0.218197 0.124149 -0.083346
0.217978 0.124477 -0.083854
0.217263 0.124999 -0.084454
0.217043 0.125327 -0.084962
0.214126 0.126949 -0.086435
0.214278 0.127132 -0.086875
0.213811 0.127557 -0.087428
0.231013 0.129088 -0.100162
0.232033 0.128933 -0.100442
0.232310 0.129067 -0.100859
0.232710 0.129153 -0.101253
0.232614 0.129433 -0.101738
0.233015 0.129519 -0.102132
0.233291 0.129654 -0.102549
0.233691 0.129740 -0.102943
0.233472 0.130068 -0.103451
0.233376 0.130348 -0.103937
0.233776 0.130434 -0.104331
0.233681 0.130714 -0.104816
0.233709 0.130945 -0.105278
0.233490 0.131273 -0.105787
0.232651 0.131842 -0.106409
0.232183 0.132267 -0.106963
0.232460 0.132402 -0.107380
0.231992 0.132826 -0.107934
0.232021 0.133058 -0.108396
0.232173 0.133241 -0.108836
0.232078 0.133520 -0.109321
0.232106 0.133751 -0.109784
0.232135 0.133983 -0.110246
0.232039 0.134262 -0.110732
0.231944 0.134542 -0.111217
0.231848 0.134822 -0.111702
0.231753 0.135101 -0.112188
0.231657 0.135381 -0.112673
0.228463 0.136869 -0.113729
0.228368 0.137148 -0.114215
0.277408 0.130471 -0.128997
0.278263 0.130383 -0.129305
0.278650 0.130476 -0.129701
0.279423 0.130661 -0.130493
0.280864 0.130348 -0.130693
0.281836 0.130216 -0.130980
0.282340 0.130263 -0.131354
0.282727 0.130356 -0.131750
0.283231 0.130404 -0.132124
0.283500 0.130542 -0.132542
0.283652 0.130725 -0.132982
0.297769 0.128915 -0.137371
0.298858 0.128738 -0.137636
0.299479 0.128740 -0.137989
0.299748 0.128878 -0.138407
0.301189 0.128565 -0.138606
0.302935 0.128618 -0.139685
0.303673 0.128576 -0.140016
0.304528 0.128488 -0.140324
0.305120 0.128496 -0.140685
0.305601 0.128547 -0.141065
0.305864 0.128686 -0.141485
0.307157 0.128658 -0.142186
0.307968 0.128578 -0.142506
0.308450 0.128630 -0.142886
0.308822 0.128725 -0.143287
0.309303 0.128777 -0.143667
0.310005 0.128740 -0.144007
0.310596 0.128748 -0.144368
0.311078 0.128800 -0.144748
0.311121 0.129026 -0.145207
0.331382 0.126305 -0.151827
0.332193 0.126225 -0.152148
0.332675 0.126277 -0.152528
0.333047 0.126372 -0.152928
0.333200 0.126555 -0.153368
0.333352 0.126738 -0.153808
0.333504 0.126921 -0.154247
0.333437 0.127191 -0.154727
0.332821 0.127681 -0.155305
0.332424 0.128083 -0.155844
0.332357 0.128353 -0.156323
0.332180 0.128668 -0.156822
0.332003 0.128982 -0.157321
0.331936 0.129253 -0.157801
0.331759 0.129567 -0.158300
0.331691 0.129838 -0.158779
0.331514 0.130152 -0.159278
0.331557 0.130379 -0.159738
0.331380 0.130693 -0.160237
0.331313 0.130964 -0.160716
0.331355 0.131190 -0.161176
0.331068 0.131549 -0.161695
0.331111 0.131775 -0.162154
0.331153 0.132002 -0.162614
0.331086 0.132273 -0.163093
0.331129 0.132499 -0.163553
0.331171 0.132726 -0.164012
0.331214 0.132953 -0.164472
0.331147 0.133223 -0.164951
0.331189 0.133450 -0.165411
0.331342 0.133633 -0.165850
0.331384 0.133860 -0.166310
0.331317 0.134130 -0.166789
0.331360 0.134357 -0.167249
0.331073 0.134715 -0.167768
0.331005 0.134986 -0.168247
0.329181 0.135957 -0.169043
0.213245 0.116975 -0.065019
0.214141 0.116867 -0.065322
0.214789 0.116857 -0.065670
0.215065 0.116991 -0.066087
0.215466 0.117077 -0.066481
0.215618 0.117260 -0.066921
0.215399 0.117588 -0.067429
0.215551 0.117771 -0.067869
0.215703 0.117954 -0.068308
0.215608 0.118234 -0.068794
0.215884 0.118368 -0.069211
0.216160 0.118503 -0.069627
0.216437 0.118638 -0.070044
0.216341 0.118917 -0.070530
0.216742 0.119003 -0.070924
0.217018 0.119138 -0.071340
0.217294 0.119273 -0.071757
0.217446 0.119455 -0.072197
0.219362 0.119192 -0.072780
0.220258 0.119085 -0.073083
0.220906 0.119074 -0.073431
0.221306 0.119160 -0.073825
0.221459 0.119343 -0.074265
0.221239 0.119671 -0.074773
0.221516 0.119806 -0.075190
0.221048 0.120231 -0.075744
0.221077 0.120462 -0.076206
0.220981 0.120742 -0.076691
0.221010 0.120973 -0.077154
0.220914 0.121253 -0.077639
0.220819 0.121533 -0.078124
0.220723 0.121812 -0.078610
0.220628 0.122092 -0.079095
0.220285 0.122469 -0.079626
0.219941 0.122845 -0.080157
0.219722 0.123173 -0.080665
0.219379 0.123550 -0.081196
0.219159 0.123878 -0.081704
0.218940 0.124206 -0.082212
0.218472 0.124631 -0.082766
0.218129 0.125007 -0.083297
0.217538 0.125481 -0.083873
0.217071 0.125906 -0.084427
0.216603 0.126331 -0.084981
0.211980 0.128864 -0.087235
0.211760 0.129192 -0.087743
0.211169 0.129665 -0.088320
0.230544 0.129857 -0.099721
0.230477 0.130368 -0.100668
0.231401 0.130492 -0.101434
0.232173 0.130433 -0.101759
0.232450 0.130567 -0.102176
0.232850 0.130654 -0.102570
0.232754 0.130933 -0.103056
0.232783 0.131165 -0.103518
0.233059 0.131299 -0.103935
0.232840 0.131627 -0.104443
0.232868 0.131859 -0.104905
0.232897 0.132090 -0.105368
0.232801 0.132370 -0.105853
0.232582 0.132698 -0.106361
0.232486 0.132978 -0.106847
0.232639 0.133160 -0.107286
0.232419 0.133489 -0.107794
0.232448 0.133720 -0.108257
0.232104 0.134096 -0.108788
0.232009 0.134376 -0.109273
0.232161 0.134559 -0.109713
0.231942 0.134887 -0.110221
0.231722 0.135215 -0.110729
0.228529 0.136705 -0.111785
0.228557 0.136936 -0.112247
0.228710 0.137119 -0.112687
0.228738 0.137350 -0.113149
0.228519 0.137679 -0.113657
0.228795 0.137813 -0.114074
0.277353 0.131299 -0.128956
0.278325 0.131165 -0.129243
0.278829 0.131213 -0.129617
0.279450 0.131215 -0.129969
0.280188 0.131173 -0.130300
0.281043 0.131085 -0.130609
0.281663 0.131087 -0.130962
0.282284 0.131089 -0.131314
0.282905 0.131092 -0.131666
0.283409 0.131139 -0.132041
0.283678 0.131277 -0.132459
0.284065 0.131370 -0.132855
0.284451 0.131462 -0.133251
0.298178 0.129554 -0.137248
0.301516 0.129475 -0.138967
0.302254 0.129433 -0.139298
0.302992 0.129390 -0.139628
0.303847 0.129302 -0.139937
0.304116 0.129440 -0.140355
0.304971 0.129352 -0.140664
0.305673 0.129315 -0.141005
0.305935 0.129454 -0.141425
0.306526 0.129462 -0.141785
0.307008 0.129513 -0.142166
0.307709 0.129477 -0.142506
0.308520 0.129396 -0.142827
0.309112 0.129404 -0.143188
0.309374 0.129543 -0.143608
0.309965 0.129550 -0.143968
0.310667 0.129514 -0.144309
0.331735 0.126702 -0.151255
0.332546 0.126622 -0.151576
0.332918 0.126717 -0.151976
0.333290 0.126812 -0.152376
0.333443 0.126995 -0.152816
0.333595 0.127178 -0.153256
0.333747 0.127361 -0.153695
0.333570 0.127676 -0.154195
0.333503 0.127946 -0.154674
0.332668 0.128524 -0.155292
0.332710 0.128751 -0.155751
0.332314 0.129153 -0.156290
0.332137 0.129468 -0.156789
0.332179 0.129695 -0.157248
0.332112 0.129965 -0.157727
0.331825 0.130324 -0.158246
0.331868 0.130551 -0.158706
0.331801 0.130821 -0.159185
0.331734 0.131092 -0.159664
0.331557 0.131406 -0.160163
0.331599 0.131633 -0.160623
0.331422 0.131948 -0.161122
0.331355 0.132218 -0.161601
0.331398 0.132445 -0.162061
0.331440 0.132672 -0.162520
0.331263 0.132987 -0.163019
0.331416 0.133170 -0.163459
0.331348 0.133440 -0.163938
0.331281 0.133711 -0.164417
0.331324 0.133938 -0.164877
0.331476 0.134121 -0.165316
0.331409 0.134391 -0.165796
0.331561 0.134574 -0.166235
0.331714 0.134757 -0.166675
0.331427 0.135116 -0.167194
0.331360 0.135386 -0.167673
0.331402 0.135613 -0.168133
0.329908 0.136454 -0.168869
0.213644 0.117407 -0.064417
0.214416 0.117348 -0.064742
0.215064 0.117337 -0.065091
0.215588 0.117375 -0.065462
0.215988 0.117461 -0.065856
0.216017 0.117692 -0.066319
0.215797 0.118020 -0.066827
0.216074 0.118155 -0.067244
0.216226 0.118338 -0.067683
0.216378 0.118521 -0.068123
0.216283 0.118801 -0.068608
0.216435 0.118984 -0.069048
0.216340 0.119263 -0.069533
0.216492 0.119446 -0.069973
0.216768 0.119581 -0.070390
0.217045 0.119715 -0.070807
0.217073 0.119947 -0.071269
0.219608 0.119440 -0.071738
0.220008 0.119526 -0.072133
0.220656 0.119516 -0.072481
0.220933 0.119650 -0.072898
0.221333 0.119736 -0.073292
0.221857 0.119774 -0.073663
0.222009 0.119957 -0.074103
0.222162 0.120140 -0.074543
0.222066 0.120419 -0.075028
0.221971 0.120699 -0.075513
0.221752 0.121028 -0.076021
0.221532 0.121356 -0.076529
0.221685 0.121539 -0.076969
0.221589 0.121819 -0.077454
0.221370 0.122147 -0.077962
0.221150 0.122475 -0.078470
0.220931 0.122804 -0.078978
0.220340 0.123277 -0.079555
0.220121 0.123605 -0.080063
0.219777 0.123982 -0.080593
0.219558 0.124310 -0.081102
0.219091 0.124736 -0.081655
0.218624 0.125161 -0.082209
0.218033 0.125635 -0.082785
0.217565 0.126060 -0.083339
0.217098 0.126485 -0.083892
0.214772 0.127637 -0.084788
0.215049 0.127771 -0.085204
0.212103 0.129166 -0.086214
0.212132 0.129397 -0.086676
0.211912 0.129725 -0.087184
0.210358 0.130818 -0.088405
0.231085 0.131444 -0.101432
0.231609 0.131482 -0.101803
0.231141 0.131907 -0.102356
0.231789 0.131896 -0.102705
0.232190 0.131982 -0.103099
0.232218 0.132214 -0.103562
0.232494 0.132348 -0.103978
0.232399 0.132628 -0.104464
0.232675 0.132762 -0.104881
0.232580 0.133042 -0.105366
0.232484 0.133322 -0.105851
0.232389 0.133602 -0.106336
0.232170 0.133930 -0.106844
0.232074 0.134210 -0.107330
0.232103 0.134441 -0.107792
0.232007 0.134721 -0.108277
0.228842 0.136444 -0.109795
0.229119 0.136578 -0.110211
0.228899 0.136907 -0.110719
0.229052 0.137089 -0.111159
0.228956 0.137369 -0.111644
0.228861 0.137649 -0.112130
0.228765 0.137929 -0.112615
0.228670 0.138209 -0.113100
0.228450 0.138537 -0.113608
0.277298 0.132127 -0.128914
0.278891 0.131996 -0.129554
0.279863 0.131862 -0.129841
0.280484 0.131864 -0.130194
0.280870 0.131957 -0.130590
0.281257 0.132049 -0.130986
0.282966 0.131872 -0.131605
0.283587 0.131875 -0.131957
0.283974 0.131967 -0.132353
0.284360 0.132060 -0.132750
0.284512 0.132243 -0.133189
0.284782 0.132380 -0.133607
0.301691 0.130203 -0.138888
0.302546 0.130114 -0.139197
0.302932 0.130207 -0.139594
0.305028 0.130123 -0.140608
0.305634 0.130127 -0.140965
0.306226 0.130134 -0.141325
0.306707 0.130186 -0.141706
0.307189 0.130237 -0.142086
0.307451 0.130376 -0.142506
0.332088 0.127099 -0.150683
0.332899 0.127019 -0.151005
0.333161 0.127158 -0.151425
0.333533 0.127253 -0.151825
0.333795 0.127392 -0.152245
0.333948 0.127575 -0.152684
0.333990 0.127801 -0.153144
0.333813 0.128116 -0.153643
0.333637 0.128431 -0.154142
0.333130 0.128877 -0.154700
0.332734 0.129280 -0.155238
0.332667 0.129551 -0.155717
0.332490 0.129866 -0.156216
0.332313 0.130180 -0.156715
0.332246 0.130451 -0.157195
0.332069 0.130766 -0.157693
0.332002 0.131037 -0.158173
0.332045 0.131264 -0.158632
0.331868 0.131578 -0.159131
0.331801 0.131849 -0.159610
0.331624 0.132164 -0.160109
0.331776 0.132347 -0.160549
0.331599 0.132662 -0.161048
0.331532 0.132932 -0.161527
0.331575 0.133159 -0.161986
0.331508 0.133430 -0.162466
0.331440 0.133701 -0.162945
0.331593 0.133884 -0.163384
0.331526 0.134155 -0.163864
0.331459 0.134425 -0.164343
0.331611 0.134608 -0.164782
0.331654 0.134835 -0.165242
0.331696 0.135062 -0.165701
0.331848 0.135245 -0.166141
0.331781 0.135516 -0.166620
0.331604 0.135831 -0.167119
0.331537 0.136101 -0.167598
0.329824 0.137031 -0.168374
0.330086 0.137170 -0.168794
0.213671 0.117985 -0.063882
0.214567 0.117877 -0.064186
0.215339 0.117817 -0.064511
0.215987 0.117806 -0.064860
0.216263 0.117941 -0.065277
0.216539 0.118075 -0.065694
0.216320 0.118404 -0.066202
0.216224 0.118684 -0.066687
0.216625 0.118770 -0.067081
0.216901 0.118904 -0.067498
0.217177 0.119038 -0.067915
0.217206 0.119270 -0.068378
0.217358 0.119453 -0.068817
0.216891 0.119878 -0.069371
0.216795 0.120158 -0.069856
0.216452 0.120535 -0.070387
0.219730 0.119737 -0.070720
0.220254 0.119774 -0.071091
0.220283 0.120006 -0.071554
0.220435 0.120189 -0.071993
0.220959 0.120226 -0.072365
0.221236 0.120361 -0.072782
0.221760 0.120398 -0.073153
0.222284 0.120435 -0.073525
0.222436 0.120618 -0.073964
0.222588 0.120801 -0.074404
0.222493 0.121081 -0.074889
0.222522 0.121313 -0.075352
0.222178 0.121690 -0.075882
0.222207 0.121921 -0.076345
0.222235 0.122153 -0.076807
0.222264 0.122384 -0.077270
0.221797 0.122809 -0.077823
0.221329 0.123235 -0.078376
0.220615 0.123757 -0.078975
0.220519 0.124037 -0.079461
0.219928 0.124511 -0.080037
0.219833 0.124791 -0.080522
0.219366 0.125217 -0.081075
0.218527 0.125788 -0.081697
0.217193 0.126553 -0.082410
0.216973 0.126881 -0.082918
0.215048 0.128120 -0.084207
0.215200 0.128303 -0.084646
0.203315 0.135140 -0.091038
0.230053 0.132920 -0.102028
0.230701 0.132908 -0.102377
0.230015 0.133662 -0.103438
0.231034 0.133506 -0.103718
0.231063 0.133737 -0.104181
0.228946 0.135536 -0.106440
0.228603 0.135913 -0.106971
0.229127 0.135951 -0.107342
0.229032 0.136231 -0.107827
0.229184 0.136413 -0.108267
0.229337 0.136596 -0.108707
0.229117 0.136925 -0.109215
0.229146 0.137156 -0.109677
0.229050 0.137436 -0.110162
0.228831 0.137765 -0.110670
0.228983 0.137948 -0.111110
0.280194 0.132782 -0.130197
0.280815 0.132784 -0.130550
0.281436 0.132786 -0.130902
0.282911 0.132699 -0.131564
0.283765 0.132610 -0.131874
0.284152 0.132702 -0.132270
0.284304 0.132885 -0.132710
0.284691 0.132978 -0.133106
0.285077 0.133070 -0.133502
0.301784 0.131203 -0.139293
0.302638 0.131115 -0.139602
0.305589 0.130941 -0.140926
0.306297 0.130903 -0.141265
0.306669 0.130998 -0.141665
0.332331 0.127540 -0.150132
0.332923 0.127547 -0.150492
0.333404 0.127598 -0.150873
0.333666 0.127737 -0.151293
0.333819 0.127920 -0.151733
0.334081 0.128059 -0.152152
0.334123 0.128286 -0.152612
0.334056 0.128557 -0.153091
0.333770 0.128915 -0.153610
0.333374 0.129318 -0.154148
0.333087 0.129677 -0.154666
0.332801 0.130036 -0.155185
0.332843 0.130263 -0.155644
0.332666 0.130578 -0.156143
0.332380 0.130937 -0.156662
0.332423 0.131164 -0.157121
0.332355 0.131435 -0.157600
0.332179 0.131750 -0.158099
0.332112 0.132021 -0.158578
0.331935 0.132336 -0.159077
0.331868 0.132607 -0.159556
0.331801 0.132878 -0.160035
0.331734 0.133149 -0.160514
0.331666 0.133420 -0.160993
0.331709 0.133646 -0.161453
0.331642 0.133917 -0.161932
0.331685 0.134144 -0.162391
0.331618 0.134415 -0.162870
0.331660 0.134642 -0.163330
0.331593 0.134913 -0.163809
0.331636 0.135140 -0.164268
0.331788 0.135323 -0.164708
0.331831 0.135550 -0.165167
0.331873 0.135777 -0.165627
0.332026 0.135960 -0.166066
0.331849 0.136275 -0.166565
0.331782 0.136546 -0.167044
0.331605 0.136861 -0.167543
0.330112 0.137704 -0.168279
0.215737 0.118249 -0.063909
0.216261 0.118286 -0.064281
0.216414 0.118469 -0.064721
0.216814 0.118555 -0.065115
0.216718 0.118835 -0.065600
0.216251 0.119261 -0.066153
0.216775 0.119298 -0.066525
0.217052 0.119433 -0.066942
0.217204 0.119616 -0.067381
0.217356 0.119798 -0.067821
0.217756 0.119884 -0.068215
0.217909 0.120067 -0.068655
0.218185 0.120202 -0.069072
0.218709 0.120239 -0.069443
0.219605 0.120130 -0.069747
0.220005 0.120216 -0.070141
0.220405 0.120302 -0.070535
0.220433 0.120534 -0.070998
0.220214 0.120862 -0.071506
0.220490 0.120997 -0.071922
0.220643 0.121179 -0.072362
0.221291 0.121168 -0.072711
0.221939 0.121157 -0.073060
0.222586 0.121145 -0.073408
0.222739 0.121328 -0.073848
0.222891 0.121511 -0.074288
0.222920 0.121743 -0.074750
0.222700 0.122071 -0.075258
0.222605 0.122352 -0.075743
0.222510 0.122632 -0.076228
0.222662 0.122815 -0.076668
0.222443 0.123143 -0.077176
0.221976 0.123569 -0.077729
0.221013 0.124189 -0.078373
0.220670 0.124566 -0.078904
0.220327 0.124943 -0.079434
0.219736 0.125418 -0.080011
0.219269 0.125844 -0.080564
0.218182 0.126512 -0.081231
0.216601 0.127375 -0.081989
0.216381 0.127704 -0.082496
0.216286 0.127984 -0.082981
0.214704 0.128847 -0.083739
0.214856 0.129030 -0.084179
0.203906 0.135021 -0.089461
0.203811 0.135301 -0.089946
0.203840 0.135533 -0.090408
0.203992 0.135716 -0.090848
0.203510 0.136147 -0.091404
0.203532 0.136381 -0.091868
0.229260 0.135274 -0.104451
0.228916 0.135651 -0.104981
0.228945 0.135882 -0.105444
0.229345 0.135968 -0.105838
0.229497 0.136151 -0.106278
0.229278 0.136480 -0.106785
0.229431 0.136663 -0.107225
0.229211 0.136991 -0.107733
0.229364 0.137174 -0.108173
0.229144 0.137503 -0.108681
0.228677 0.137929 -0.109234
0.228582 0.138209 -0.109719
0.222006 0.141757 -0.112796
0.280139 0.133610 -0.130156
0.280877 0.133566 -0.130487
0.282001 0.133615 -0.131214
0.282738 0.133571 -0.131546
0.283593 0.133482 -0.131855
0.284096 0.133529 -0.132230
0.284366 0.133666 -0.132648
0.284752 0.133759 -0.133044
0.285021 0.133896 -0.133462
0.285057 0.134124 -0.133923
0.297569 0.132422 -0.137687
0.298073 0.132469 -0.138062
0.298342 0.132607 -0.138480
0.332136 0.128157 -0.149658
0.333056 0.128031 -0.149960
0.333538 0.128082 -0.150341
0.333909 0.128177 -0.150741
0.333952 0.128404 -0.151201
0.334214 0.128543 -0.151621
0.334476 0.128682 -0.152041
0.334190 0.129041 -0.152559
0.334013 0.129356 -0.153058
0.333617 0.129759 -0.153596
0.333330 0.130118 -0.154114
0.333044 0.130478 -0.154633
0.332977 0.130749 -0.155112
0.332800 0.131064 -0.155610
0.332733 0.131335 -0.156089
0.332447 0.131694 -0.156608
0.332489 0.131921 -0.157067
0.332313 0.132236 -0.157566
0.332246 0.132507 -0.158045
0.332179 0.132778 -0.158524
0.332221 0.133005 -0.158983
0.332045 0.133320 -0.159482
0.331758 0.133680 -0.160000
0.331801 0.133907 -0.160460
0.331734 0.134178 -0.160939
0.331886 0.134361 -0.161379
0.331819 0.134632 -0.161858
0.331752 0.134903 -0.162337
0.331905 0.135086 -0.162776
0.331728 0.135401 -0.163275
0.331880 0.135584 -0.163715
0.331923 0.135811 -0.164174
0.331856 0.136082 -0.164653
0.332008 0.136265 -0.165093
0.332161 0.136448 -0.165532
0.332203 0.136675 -0.165992
0.332027 0.136990 -0.166491
0.331850 0.137305 -0.166989
0.331673 0.137620 -0.167488
0.331387 0.137979 -0.168006
0.216107 0.118449 -0.062845
0.216507 0.118535 -0.063239
0.216907 0.118620 -0.063634
0.216936 0.118852 -0.064096
0.216964 0.119084 -0.064558
0.217241 0.119218 -0.064975
0.217021 0.119547 -0.065483
0.216678 0.119924 -0.066014
0.217078 0.120010 -0.066408
0.217231 0.120193 -0.066848
0.217383 0.120376 -0.067287
0.217783 0.120461 -0.067682
0.218307 0.120498 -0.068053
0.218460 0.120681 -0.068493
0.218736 0.120816 -0.068910
0.219508 0.120756 -0.069236
0.219908 0.120841 -0.069630
0.220184 0.120976 -0.070047
0.219717 0.121402 -0.070600
0.219993 0.121536 -0.071017
0.220022 0.121767 -0.071480
0.220546 0.121805 -0.071851
0.221193 0.121793 -0.072200
0.221841 0.121781 -0.072549
0.222365 0.121819 -0.072921
0.222889 0.121856 -0.073292
0.223042 0.122039 -0.073732
0.223194 0.122221 -0.074172
0.223099 0.122502 -0.074657
0.223003 0.122782 -0.075142
0.222908 0.123062 -0.075627
0.222936 0.123294 -0.076089
0.222841 0.123574 -0.076574
0.222498 0.123951 -0.077105
0.221907 0.124426 -0.077681
0.221316 0.124901 -0.078257
0.220849 0.125327 -0.078810
0.219887 0.125947 -0.079454
0.219172 0.126470 -0.080052
0.217590 0.127334 -0.080810
0.217124 0.127760 -0.081363
0.216161 0.128381 -0.082007
0.204374 0.134950 -0.087907
0.204527 0.135133 -0.088347
0.204183 0.135510 -0.088877
0.204336 0.135693 -0.089317
0.204240 0.135973 -0.089802
0.204021 0.136302 -0.090310
0.204050 0.136534 -0.090772
0.204078 0.136765 -0.091234
0.204354 0.136900 -0.091651
0.203859 0.137337 -0.092210
0.204011 0.137520 -0.092649
0.228477 0.136655 -0.105000
0.229124 0.136643 -0.105349
0.229277 0.136826 -0.105789
0.228934 0.137204 -0.106319
0.221206 0.141937 -0.111008
0.221606 0.142022 -0.111403
0.221758 0.142205 -0.111842
0.221787 0.142437 -0.112305
0.221939 0.142620 -0.112744
0.221844 0.142900 -0.113230
0.282414 0.134260 -0.131087
0.283034 0.134262 -0.131440
0.283537 0.134309 -0.131815
0.284041 0.134355 -0.132189
0.284427 0.134447 -0.132586
0.284930 0.134494 -0.132961
0.285200 0.134632 -0.133379
0.285820 0.134633 -0.133732
0.297745 0.133152 -0.137607
0.298248 0.133198 -0.137982
0.332160 0.128686 -0.149146
0.332970 0.128604 -0.149468
0.333561 0.128610 -0.149829
0.333933 0.128705 -0.150229
0.334085 0.128888 -0.150669
0.334347 0.129027 -0.151089
0.334609 0.129166 -0.151509
0.334323 0.129525 -0.152027
0.334256 0.129796 -0.152506
0.333750 0.130244 -0.153064
0.333464 0.130603 -0.153582
0.333287 0.130919 -0.154080
0.333111 0.131234 -0.154579
0.333044 0.131505 -0.155058
0.332867 0.131821 -0.155557
0.332800 0.132092 -0.156036
0.332623 0.132407 -0.156534
0.332556 0.132678 -0.157013
0.332489 0.132950 -0.157492
0.332422 0.133221 -0.157971
0.332465 0.133448 -0.158430
0.332179 0.133807 -0.158949
0.332112 0.134078 -0.159428
0.331935 0.134394 -0.159926
0.331868 0.134665 -0.160405
0.332021 0.134848 -0.160845
0.331954 0.135119 -0.161324
0.331996 0.135346 -0.161783
0.332039 0.135573 -0.162243
0.331862 0.135889 -0.162741
0.331905 0.136116 -0.163200
0.332058 0.136299 -0.163640
0.331991 0.136570 -0.164119
0.332143 0.136753 -0.164559
0.332186 0.136980 -0.165018
0.332228 0.137207 -0.165477
0.332271 0.137434 -0.165937
0.332204 0.137705 -0.166416
0.331918 0.138065 -0.166934
0.331960 0.138292 -0.167393
0.330577 0.139092 -0.168108
0.215858 0.118892 -0.061894
0.216753 0.118783 -0.062198
0.217277 0.118820 -0.062570
0.217306 0.119051 -0.063032
0.217706 0.119137 -0.063426
0.217611 0.119417 -0.063911
0.217887 0.119552 -0.064328
0.218287 0.119637 -0.064723
0.218687 0.119723 -0.065117
0.218468 0.120052 -0.065625
0.218868 0.120137 -0.066019
0.218649 0.120466 -0.066527
0.217934 0.120990 -0.067125
0.218582 0.120978 -0.067474
0.218982 0.121064 -0.067868
0.219010 0.121295 -0.068331
0.219163 0.121478 -0.068771
0.219191 0.121710 -0.069233
0.219591 0.121796 -0.069627
0.219620 0.122027 -0.070090
0.219648 0.122259 -0.070552
0.220048 0.122344 -0.070946
0.220944 0.122235 -0.071250
0.221839 0.122126 -0.071554
0.222239 0.122212 -0.071948
0.222516 0.122346 -0.072365
0.222792 0.122480 -0.072782
0.223068 0.122614 -0.073199
0.223220 0.122797 -0.073639
0.223373 0.122980 -0.074078
0.223401 0.123212 -0.074541
0.223306 0.123492 -0.075026
0.223335 0.123724 -0.075488
0.223115 0.124053 -0.075996
0.222896 0.124382 -0.076503
0.222429 0.124808 -0.077056
0.221715 0.125332 -0.077655
0.221372 0.125709 -0.078185
0.220533 0.126282 -0.078806
0.220066 0.126708 -0.079359
0.218609 0.127524 -0.080093
0.216160 0.128729 -0.081009
0.206052 0.134159 -0.085664
0.206328 0.134294 -0.086081
0.205613 0.134817 -0.086680
0.204899 0.135341 -0.087278
0.205175 0.135475 -0.087695
0.204708 0.135902 -0.088248
0.204737 0.136133 -0.088710
0.204641 0.136414 -0.089195
0.204422 0.136743 -0.089703
0.204327 0.137023 -0.090188
0.204231 0.137303 -0.090673
0.204384 0.137486 -0.091113
0.204274 0.137772 -0.091600
0.204295 0.138007 -0.092064
0.204317 0.138241 -0.092528
0.204076 0.138578 -0.093039
0.220682 0.142250 -0.109638
0.221205 0.142287 -0.110010
0.221482 0.142421 -0.110427
0.221758 0.142556 -0.110844
0.221786 0.142787 -0.111306
0.221567 0.143116 -0.111814
0.221967 0.143202 -0.112208
0.221996 0.143433 -0.112671
0.222148 0.143616 -0.113110
0.282979 0.135089 -0.131399
0.283482 0.135136 -0.131774
0.283985 0.135182 -0.132149
0.284489 0.135229 -0.132524
0.285109 0.135230 -0.132877
0.285378 0.135367 -0.133295
0.285998 0.135368 -0.133648
0.332512 0.129082 -0.148574
0.333323 0.129000 -0.148896
0.333694 0.129095 -0.149297
0.334066 0.129189 -0.149697
0.334328 0.129328 -0.150117
0.334480 0.129511 -0.150557
0.334742 0.129650 -0.150977
0.334675 0.129921 -0.151456
0.334389 0.130281 -0.151974
0.333993 0.130685 -0.152512
0.333707 0.131044 -0.153030
0.333421 0.131404 -0.153548
0.333244 0.131720 -0.154046
0.333397 0.131902 -0.154486
0.333111 0.132262 -0.155004
0.333044 0.132534 -0.155483
0.333086 0.132761 -0.155942
0.332690 0.133165 -0.156480
0.332843 0.133348 -0.156920
0.332557 0.133707 -0.157438
0.332599 0.133934 -0.157897
0.332642 0.134161 -0.158357
0.332356 0.134521 -0.158875
0.332289 0.134793 -0.159354
0.332112 0.135108 -0.159852
0.332265 0.135291 -0.160292
0.332198 0.135562 -0.160771
0.332131 0.135834 -0.161250
0.332174 0.136061 -0.161709
0.332216 0.136288 -0.162168
0.332040 0.136603 -0.162667
0.332083 0.136831 -0.163126
0.332016 0.137102 -0.163605
0.332168 0.137285 -0.164044
0.332320 0.137468 -0.164484
0.332253 0.137739 -0.164963
0.332406 0.137922 -0.165403
0.332339 0.138193 -0.165882
0.332382 0.138420 -0.166341
0.332095 0.138780 -0.166859
0.332028 0.139051 -0.167338
0.331304 0.139588 -0.167934
0.216256 0.119323 -0.061293
0.217028 0.119263 -0.061619
0.217552 0.119299 -0.061991
0.217704 0.119482 -0.062430
0.217857 0.119665 -0.062870
0.218133 0.119799 -0.063287
0.218409 0.119933 -0.063704
0.218685 0.120068 -0.064121
0.218837 0.120251 -0.064561
0.218990 0.120434 -0.065001
0.219018 0.120665 -0.065463
0.219047 0.120897 -0.065925
0.219075 0.121129 -0.066388
0.218980 0.121409 -0.066873
0.219009 0.121641 -0.067335
0.219161 0.121824 -0.067775
0.219066 0.122104 -0.068259
0.219218 0.122287 -0.068699
0.219494 0.122421 -0.069116
0.219894 0.122507 -0.069511
0.219056 0.123080 -0.070131
0.221838 0.122471 -0.070558
0.222361 0.122507 -0.070930
0.222638 0.122642 -0.071347
0.222666 0.122873 -0.071809
0.222819 0.123056 -0.072249
0.222971 0.123239 -0.072688
0.223123 0.123422 -0.073128
0.223399 0.123556 -0.073545
0.223676 0.123690 -0.073962
0.223580 0.123971 -0.074447
0.223609 0.124203 -0.074910
0.223637 0.124434 -0.075372
0.223171 0.124861 -0.075925
0.223075 0.125141 -0.076410
0.222485 0.125617 -0.076985
0.221770 0.126141 -0.077583
0.221427 0.126519 -0.078113
0.220465 0.127140 -0.078757
0.216435 0.129212 -0.080429
0.206671 0.134269 -0.084551
0.207071 0.134355 -0.084945
0.206728 0.134733 -0.085476
0.206633 0.135013 -0.085961
0.206290 0.135391 -0.086491
0.205452 0.135964 -0.087112
0.205356 0.136244 -0.087597
0.205013 0.136622 -0.088127
0.204794 0.136951 -0.088634
0.204575 0.137281 -0.089142
0.204480 0.137561 -0.089627
0.204632 0.137744 -0.090067
0.204144 0.138179 -0.090623
0.204427 0.138310 -0.091039
0.204448 0.138545 -0.091503
0.204208 0.138882 -0.092014
0.204098 0.139169 -0.092502
0.204250 0.139351 -0.092942
0.203900 0.139975 -0.093941
0.203790 0.140261 -0.094428
0.220214 0.143028 -0.109192
0.221234 0.142870 -0.109473
0.221262 0.143101 -0.109936
0.221291 0.143333 -0.110398
0.221319 0.143565 -0.110860
0.221472 0.143748 -0.111300
0.221748 0.143882 -0.111717
0.221653 0.144162 -0.112202
0.221929 0.144296 -0.112619
0.222081 0.144479 -0.113059
0.221243 0.145052 -0.113680
0.283310 0.136009 -0.131755
0.284164 0.135918 -0.132065
0.284784 0.135919 -0.132418
0.285053 0.136057 -0.132836
0.285557 0.136103 -0.133211
0.332646 0.129567 -0.148042
0.333346 0.129529 -0.148384
0.333937 0.129535 -0.148745
0.334309 0.129629 -0.149146
0.334461 0.129812 -0.149585
0.334614 0.129995 -0.150025
0.334876 0.130134 -0.150445
0.334918 0.130361 -0.150904
0.334742 0.130677 -0.151403
0.334236 0.131125 -0.151960
0.333950 0.131485 -0.152478
0.333664 0.131845 -0.152996
0.333488 0.132161 -0.153494
0.333640 0.132344 -0.153934
0.333464 0.132659 -0.154432
0.333287 0.132975 -0.154931
0.333220 0.133247 -0.155410
0.332934 0.133607 -0.155928
0.332977 0.133834 -0.156387
0.333020 0.134061 -0.156846
0.332843 0.134377 -0.157344
0.332776 0.134648 -0.157823
0.332709 0.134920 -0.158302
0.332314 0.135324 -0.158840
0.332247 0.135595 -0.159318
0.332290 0.135822 -0.159778
0.332442 0.136005 -0.160217
0.332375 0.136277 -0.160696
0.332199 0.136593 -0.161195
0.332241 0.136820 -0.161654
0.332174 0.137091 -0.162133
0.332108 0.137363 -0.162612
0.332150 0.137590 -0.163071
0.332303 0.137773 -0.163510
0.332345 0.138000 -0.163970
0.332388 0.138227 -0.164429
0.332431 0.138454 -0.164888
0.332583 0.138637 -0.165328
0.332516 0.138909 -0.165807
0.332559 0.139136 -0.166266
0.332492 0.139407 -0.166745
0.332097 0.139812 -0.167282
0.331482 0.140304 -0.167859
0.215512 0.119962 -0.060432
0.216655 0.119754 -0.060691
0.217426 0.119693 -0.061018
0.217702 0.119827 -0.061435
0.218226 0.119864 -0.061806
0.218255 0.120096 -0.062269
0.218283 0.120327 -0.062731
0.218436 0.120510 -0.063171
0.218712 0.120644 -0.063588
0.218864 0.120827 -0.064027
0.218893 0.121059 -0.064490
0.219045 0.121242 -0.064929
0.218950 0.121523 -0.065414
0.219226 0.121657 -0.065831
0.219255 0.121888 -0.066294
0.219159 0.122169 -0.066779
0.219064 0.122449 -0.067263
0.219216 0.122632 -0.067703
0.219493 0.122767 -0.068120
0.219645 0.122950 -0.068560
0.219302 0.123328 -0.069090
0.221836 0.122815 -0.069562
0.222236 0.122901 -0.069957
0.222512 0.123035 -0.070374
0.222788 0.123169 -0.070791
0.222940 0.123352 -0.071231
0.222845 0.123632 -0.071716
0.222502 0.124010 -0.072246
0.222655 0.124193 -0.072685
0.222931 0.124327 -0.073102
0.223455 0.124364 -0.073474
0.223731 0.124498 -0.073891
0.223635 0.124779 -0.074376
0.223912 0.124913 -0.074793
0.223693 0.125242 -0.075301
0.223474 0.125572 -0.075808
0.222883 0.126047 -0.076384
0.222292 0.126523 -0.076959
0.221578 0.127047 -0.077557
0.221111 0.127474 -0.078110
0.220645 0.127901 -0.078662
0.210605 0.132829 -0.082365
0.207443 0.134562 -0.083878
0.207472 0.134793 -0.084340
0.207376 0.135074 -0.084825
0.206910 0.135501 -0.085378
0.206814 0.135781 -0.085862
0.205728 0.136452 -0.086528
0.205757 0.136684 -0.086990
0.205538 0.137013 -0.087498
0.205071 0.137440 -0.088051
0.204728 0.137818 -0.088581
0.204633 0.138099 -0.089066
0.204538 0.138379 -0.089551
0.203773 0.138924 -0.090158
0.204056 0.139055 -0.090574
0.203947 0.139341 -0.091061
0.203837 0.139627 -0.091549
0.203727 0.139914 -0.092036
0.203748 0.140148 -0.092500
0.220328 0.144306 -0.110042
0.220852 0.144342 -0.110414
0.221128 0.144477 -0.110831
0.221405 0.144611 -0.111248
0.221557 0.144794 -0.111688
0.221586 0.145025 -0.112150
0.221986 0.145111 -0.112545
0.222138 0.145294 -0.112985
0.222290 0.145477 -0.113424
0.222319 0.145708 -0.113886
0.282518 0.136882 -0.131381
0.283255 0.136837 -0.131713
0.283992 0.136792 -0.132045
0.331750 0.130224 -0.147226
0.332670 0.130096 -0.147529
0.333370 0.130058 -0.147871
0.333851 0.130108 -0.148252
0.334332 0.130158 -0.148633
0.334594 0.130296 -0.149053
0.334637 0.130523 -0.149513
0.334899 0.130662 -0.149933
0.335051 0.130845 -0.150372
0.335094 0.131072 -0.150832
0.334699 0.131477 -0.151369
0.334193 0.131926 -0.151926
0.334017 0.132242 -0.152424
0.333731 0.132602 -0.152942
0.333664 0.132873 -0.153421
0.333707 0.133101 -0.153880
0.333640 0.133372 -0.154359
0.333464 0.133688 -0.154857
0.333287 0.134004 -0.155355
0.333221 0.134276 -0.155834
0.333154 0.134547 -0.156313
0.332977 0.134863 -0.156811
0.333020 0.135090 -0.157270
0.332844 0.135406 -0.157769
0.332667 0.135722 -0.158267
0.332491 0.136038 -0.158765
0.332534 0.136265 -0.159225
0.332576 0.136493 -0.159684
0.332619 0.136720 -0.160143
0.332443 0.137036 -0.160641
0.332376 0.137307 -0.161120
0.332309 0.137579 -0.161599
0.332352 0.137806 -0.162058
0.332285 0.138078 -0.162537
0.332328 0.138305 -0.162996
0.332261 0.138577 -0.163475
0.332413 0.138760 -0.163914
0.332566 0.138942 -0.164354
0.332609 0.139170 -0.164813
0.332761 0.139353 -0.165253
0.332694 0.139624 -0.165732
0.332846 0.139807 -0.166171
0.332341 0.140256 -0.166728
0.331946 0.140661 -0.167266
0.217301 0.120087 -0.060044
0.217824 0.120124 -0.060416
0.218101 0.120258 -0.060833
0.218501 0.120343 -0.061228
0.218901 0.120428 -0.061622
0.218805 0.120709 -0.062107
0.218958 0.120892 -0.062547
0.218615 0.121270 -0.063077
0.218891 0.121404 -0.063494
0.218920 0.121636 -0.063956
0.219072 0.121819 -0.064396
0.219596 0.121855 -0.064768
0.219501 0.122136 -0.065253
0.219529 0.122368 -0.065715
0.219434 0.122648 -0.066200
0.219586 0.122831 -0.066639
0.219739 0.123014 -0.067079
0.220139 0.123099 -0.067474
0.220662 0.123136 -0.067845
0.220939 0.123270 -0.068263
0.221462 0.123306 -0.068635
0.221986 0.123343 -0.069006
0.222262 0.123477 -0.069424
0.222538 0.123611 -0.069841
0.221700 0.124185 -0.070461
0.221357 0.124563 -0.070991
0.221634 0.124697 -0.071408
0.222034 0.124782 -0.071803
0.222434 0.124868 -0.072197
0.222710 0.125002 -0.072614
0.223110 0.125087 -0.073009
0.223634 0.125123 -0.073381
0.223662 0.125355 -0.073843
0.223815 0.125538 -0.074283
0.223843 0.125770 -0.074745
0.223872 0.126002 -0.075207
0.223157 0.126526 -0.075805
0.222814 0.126905 -0.076335
0.221976 0.127479 -0.076955
0.221386 0.127955 -0.077530
0.221414 0.128186 -0.077993
0.220081 0.128956 -0.078703
0.210853 0.133083 -0.081321
0.211253 0.133168 -0.081716
0.208558 0.134475 -0.082675
0.208586 0.134707 -0.083137
0.208367 0.135036 -0.083644
0.207777 0.135512 -0.084219
0.207805 0.135744 -0.084682
0.207338 0.136171 -0.085234
0.206748 0.136647 -0.085809
0.205786 0.137270 -0.086452
0.205567 0.137600 -0.086960
0.205100 0.138027 -0.087512
0.205129 0.138259 -0.087974
0.204014 0.138941 -0.088645
0.203905 0.139228 -0.089133
0.206212 0.142206 -0.096191
0.209710 0.142771 -0.099293
0.211681 0.142965 -0.100804
0.218566 0.145109 -0.108897
0.219338 0.145048 -0.109224
0.219614 0.145182 -0.109641
0.220138 0.145218 -0.110013
0.220785 0.145206 -0.110362
0.220938 0.145389 -0.110802
0.221338 0.145474 -0.111197
0.221614 0.145608 -0.111614
0.221890 0.145742 -0.112031
0.222166 0.145876 -0.112448
0.222566 0.145962 -0.112842
0.222719 0.146145 -0.113282
0.222995 0.146279 -0.113699
0.332475 0.130714 -0.147055
0.333175 0.130675 -0.147398
0.333656 0.130725 -0.147779
0.334137 0.130775 -0.148160
0.334508 0.130869 -0.148561
0.334770 0.131008 -0.148981
0.334923 0.131190 -0.149420
0.335075 0.131373 -0.149860
0.335227 0.131556 -0.150300
0.335161 0.131828 -0.150778
0.334765 0.132233 -0.151316
0.334370 0.132638 -0.151853
0.333974 0.133043 -0.152390
0.333908 0.133314 -0.152869
0.333841 0.133586 -0.153347
0.333664 0.133902 -0.153846
0.333707 0.134130 -0.154305
0.333640 0.134401 -0.154783
0.333464 0.134717 -0.155282
0.333507 0.134945 -0.155741
0.333221 0.135305 -0.156259
0.333264 0.135533 -0.156718
0.333197 0.135804 -0.157196
0.332911 0.136165 -0.157714
0.332844 0.136436 -0.158193
0.332668 0.136753 -0.158691
0.332711 0.136980 -0.159150
0.332644 0.137252 -0.159629
0.332577 0.137523 -0.160107
0.332620 0.137751 -0.160567
0.332444 0.138067 -0.161065
0.332487 0.138294 -0.161524
0.332420 0.138566 -0.162003
0.332353 0.138837 -0.162481
0.332505 0.139020 -0.162921
0.332548 0.139248 -0.163380
0.332591 0.139475 -0.163839
0.332743 0.139658 -0.164279
0.332786 0.139885 -0.164738
0.332939 0.140068 -0.165178
0.332981 0.140296 -0.165637
0.332915 0.140567 -0.166116
0.332519 0.140972 -0.166653
0.332452 0.141244 -0.167132
0.217823 0.120469 -0.059420
0.218346 0.120505 -0.059792
0.218623 0.120639 -0.060209
0.218899 0.120773 -0.060627
0.219175 0.120907 -0.061044
0.219575 0.120992 -0.061438
0.219851 0.121126 -0.061855
0.220375 0.121162 -0.062227
0.220775 0.121247 -0.062622
0.221175 0.121333 -0.063017
0.221203 0.121564 -0.063479
0.221603 0.121650 -0.063873
0.221384 0.121979 -0.064381
0.221413 0.122211 -0.064843
0.221565 0.122394 -0.065283
0.221346 0.122724 -0.065790
0.221251 0.123004 -0.066275
0.221156 0.123285 -0.066759
0.221061 0.123566 -0.067244
0.221337 0.123700 -0.067661
0.221613 0.123834 -0.068078
0.221889 0.123968 -0.068496
0.221051 0.124542 -0.069116
0.220956 0.124823 -0.069600
0.221108 0.125006 -0.070040
0.221261 0.125189 -0.070480
0.221537 0.125323 -0.070897
0.221937 0.125408 -0.071292
0.222337 0.125493 -0.071686
0.222737 0.125578 -0.072081
0.223013 0.125712 -0.072498
0.223289 0.125846 -0.072915
0.223441 0.126029 -0.073355
0.222851 0.126506 -0.073930
0.223251 0.126591 -0.074324
0.223279 0.126823 -0.074786
0.223308 0.127055 -0.075249
0.223213 0.127335 -0.075733
0.222870 0.127714 -0.076263
0.222032 0.128288 -0.076883
0.221318 0.128813 -0.077481
0.220356 0.129437 -0.078124
0.209548 0.134436 -0.081495
0.209577 0.134668 -0.081957
0.208986 0.135144 -0.082532
0.208891 0.135425 -0.083017
0.208424 0.135853 -0.083569
0.208205 0.136182 -0.084076
0.207863 0.136561 -0.084606
0.207520 0.136940 -0.085136
0.206187 0.137709 -0.085846
0.205472 0.138235 -0.086444
0.205253 0.138564 -0.086951
0.205282 0.138796 -0.087413
0.217700 0.145804 -0.108056
0.217976 0.145938 -0.108473
0.218871 0.145827 -0.108777
0.219395 0.145864 -0.109149
0.219795 0.145949 -0.109544
0.220195 0.146034 -0.109938
0.220842 0.146021 -0.110288
0.221242 0.146106 -0.110682
0.221642 0.146191 -0.111077
0.221918 0.146325 -0.111494
0.222195 0.146459 -0.111911
0.222594 0.146544 -0.112306
0.222747 0.146727 -0.112746
0.223023 0.146861 -0.113163
0.223175 0.147044 -0.113602
0.223328 0.147227 -0.114042
0.332060 0.131422 -0.146620
0.332980 0.131293 -0.146924
0.333570 0.131299 -0.147286
0.334051 0.131348 -0.147667
0.334532 0.131398 -0.148048
0.334794 0.131536 -0.148468
0.334946 0.131719 -0.148908
0.335099 0.131902 -0.149348
0.335142 0.132129 -0.149807
0.335184 0.132357 -0.150266
0.335227 0.132584 -0.150725
0.334832 0.132989 -0.151262
0.334656 0.133306 -0.151760
0.334151 0.133755 -0.152317
0.333975 0.134072 -0.152815
0.333908 0.134343 -0.153293
0.333951 0.134571 -0.153753
0.333884 0.134843 -0.154231
0.333817 0.135115 -0.154710
0.333750 0.135386 -0.155188
0.333684 0.135658 -0.155667
0.333398 0.136019 -0.156185
0.333331 0.136291 -0.156663
0.333265 0.136563 -0.157142
0.332979 0.136923 -0.157659
0.332912 0.137195 -0.158138
0.332845 0.137467 -0.158616
0.332888 0.137694 -0.159076
0.332821 0.137966 -0.159554
0.332755 0.138238 -0.160033
0.332688 0.138510 -0.160511
0.332402 0.138871 -0.161029
0.332555 0.139054 -0.161469
0.332597 0.139281 -0.161928
0.332640 0.139508 -0.162387
0.332683 0.139736 -0.162846
0.332726 0.139963 -0.163305
0.332878 0.140146 -0.163745
0.332921 0.140374 -0.164204
0.333073 0.140557 -0.164644
0.333116 0.140784 -0.165103
0.333050 0.141056 -0.165582
0.332983 0.141328 -0.166060
0.332807 0.141644 -0.166558
0.332630 0.141960 -0.167056
0.217450 0.120961 -0.058492
0.218221 0.120899 -0.058819
0.218868 0.120886 -0.059169
0.219144 0.121020 -0.059586
0.219297 0.121203 -0.060025
0.219573 0.121337 -0.060443
0.219973 0.121422 -0.060837
0.220249 0.121556 -0.061254
0.220649 0.121641 -0.061649
0.221049 0.121726 -0.062044
0.221449 0.121811 -0.062438
0.221725 0.121945 -0.062855
0.221630 0.122226 -0.063340
0.222154 0.122262 -0.063712
0.222058 0.122543 -0.064197
0.221716 0.122921 -0.064727
0.221868 0.123104 -0.065166
0.221525 0.123483 -0.065696
0.221678 0.123666 -0.066136
0.221582 0.123947 -0.066621
0.221487 0.124228 -0.067105
0.221516 0.124460 -0.067568
0.221544 0.124692 -0.068030
0.221202 0.125070 -0.068559
0.221106 0.125351 -0.069044
0.221383 0.125485 -0.069461
0.221411 0.125717 -0.069924
0.221811 0.125802 -0.070318
0.222211 0.125887 -0.070713
0.222487 0.126021 -0.071130
0.222887 0.126106 -0.071525
0.223163 0.126240 -0.071942
0.223316 0.126423 -0.072381
0.223220 0.126704 -0.072866
0.222011 0.127425 -0.073554
0.222287 0.127559 -0.073971
0.222687 0.127644 -0.074365
0.222716 0.127876 -0.074828
0.222992 0.128010 -0.075245
0.222897 0.128291 -0.075729
0.222678 0.128621 -0.076237
0.221097 0.129490 -0.076992
0.220878 0.129819 -0.077499
0.209548 0.134788 -0.080495
0.209948 0.134873 -0.080890
0.209977 0.135105 -0.081352
0.210005 0.135337 -0.081814
0.209167 0.135912 -0.082434
0.209196 0.136144 -0.082896
0.208729 0.136571 -0.083449
0.208263 0.136999 -0.084001
0.207549 0.137525 -0.084598
0.206463 0.138198 -0.085263
0.215815 0.146659 -0.106932
0.216338 0.146695 -0.107304
0.217233 0.146584 -0.107608
0.217881 0.146571 -0.107958
0.218528 0.146558 -0.108308
0.219176 0.146545 -0.108657
0.219700 0.146581 -0.109029
0.219976 0.146715 -0.109446
0.220376 0.146800 -0.109841
0.221023 0.146787 -0.110191
0.221423 0.146872 -0.110585
0.221823 0.146957 -0.110980
0.222223 0.147042 -0.111375
0.222499 0.147176 -0.111792
0.222775 0.147310 -0.112209
0.222928 0.147493 -0.112649
0.223204 0.147627 -0.113066
0.223356 0.147810 -0.113505
0.223632 0.147944 -0.113923
0.223661 0.148176 -0.114385
0.332085 0.131951 -0.146107
0.333113 0.131778 -0.146391
0.333704 0.131783 -0.146753
0.334184 0.131833 -0.147135
0.334556 0.131926 -0.147536
0.334818 0.132065 -0.147956
0.334861 0.132292 -0.148415
0.335122 0.132431 -0.148835
0.335275 0.132614 -0.149275
0.335208 0.132886 -0.149753
0.335251 0.133113 -0.150213
0.335513 0.133252 -0.150633
0.335008 0.133702 -0.151189
0.334832 0.134018 -0.151687
0.334327 0.134468 -0.152243
0.334261 0.134740 -0.152722
0.334194 0.135012 -0.153200
0.334127 0.135284 -0.153679
0.334170 0.135511 -0.154138
0.333994 0.135828 -0.154636
0.334037 0.136055 -0.155095
0.333642 0.136461 -0.155632
0.333684 0.136688 -0.156091
0.333727 0.136916 -0.156550
0.333223 0.137366 -0.157106
0.333265 0.137593 -0.157565
0.333199 0.137865 -0.158044
0.333132 0.138137 -0.158523
0.333175 0.138365 -0.158982
0.332999 0.138681 -0.159480
0.332932 0.138953 -0.159958
0.332866 0.139225 -0.160437
0.332689 0.139542 -0.160935
0.332732 0.139769 -0.161394
0.332666 0.140041 -0.161872
0.332818 0.140224 -0.162312
0.332861 0.140451 -0.162771
0.333013 0.140634 -0.163211
0.333056 0.140862 -0.163670
0.333318 0.141000 -0.164090
0.333251 0.141272 -0.164569
0.333185 0.141544 -0.165047
0.333227 0.141772 -0.165506
0.333161 0.142044 -0.165985
0.332875 0.142405 -0.166502
0.332918 0.142632 -0.166961
0.218495 0.121378 -0.058240
0.219266 0.121316 -0.058568
0.219666 0.121400 -0.058962
0.219819 0.121583 -0.059402
0.219847 0.121815 -0.059864
0.220000 0.121998 -0.060304
0.220152 0.122181 -0.060743
0.220428 0.122315 -0.061161
0.220828 0.122400 -0.061555
0.221104 0.122534 -0.061973
0.221133 0.122766 -0.062435
0.221161 0.122998 -0.062897
0.221438 0.123132 -0.063314
0.221590 0.123315 -0.063754
0.221618 0.123547 -0.064216
0.221895 0.123681 -0.064633
0.221799 0.123962 -0.065118
0.221828 0.124194 -0.065580
0.221857 0.124425 -0.066042
0.221638 0.124755 -0.066549
0.221419 0.125086 -0.067056
0.221324 0.125367 -0.067541
0.221352 0.125598 -0.068003
0.221381 0.125830 -0.068465
0.221657 0.125964 -0.068883
0.221809 0.126147 -0.069322
0.221962 0.126330 -0.069762
0.222362 0.126415 -0.070157
0.222762 0.126500 -0.070551
0.223038 0.126634 -0.070969
0.223190 0.126817 -0.071408
0.223342 0.127000 -0.071848
0.221515 0.127967 -0.072647
0.222038 0.128003 -0.073020
0.222314 0.128137 -0.073437
0.222467 0.128320 -0.073877
0.222495 0.128552 -0.074339
0.222524 0.128784 -0.074801
0.222676 0.128967 -0.075241
0.219363 0.130522 -0.076310
0.210072 0.135176 -0.079868
0.210348 0.135310 -0.080285
0.210376 0.135542 -0.080747
0.210034 0.135921 -0.081277
0.209691 0.136300 -0.081807
0.209348 0.136679 -0.082336
0.209006 0.137058 -0.082866
0.208168 0.137633 -0.083486
0.207578 0.138110 -0.084060
0.216520 0.147463 -0.107206
0.217538 0.147303 -0.107488
0.218062 0.147339 -0.107860
0.218709 0.147325 -0.108210
0.219109 0.147410 -0.108605
0.219509 0.147495 -0.108999
0.220033 0.147531 -0.109371
0.220557 0.147567 -0.109744
0.221204 0.147554 -0.110093
0.221604 0.147639 -0.110488
0.222128 0.147675 -0.110860
0.222527 0.147759 -0.111255
0.222804 0.147893 -0.111672
0.222956 0.148076 -0.112112
0.223232 0.148210 -0.112529
0.223384 0.148393 -0.112969
0.223661 0.148527 -0.113386
0.224060 0.148612 -0.113781
0.332109 0.132482 -0.145594
0.333028 0.132352 -0.145898
0.333618 0.132357 -0.146260
0.334099 0.132406 -0.146641
0.334470 0.132500 -0.147042
0.334732 0.132638 -0.147463
0.334884 0.132821 -0.147902
0.335037 0.133004 -0.148342
0.335189 0.133187 -0.148782
0.335342 0.133370 -0.149221
0.335275 0.133642 -0.149700
0.335537 0.133781 -0.150120
0.335580 0.134008 -0.150579
0.335294 0.134369 -0.151096
0.335118 0.134686 -0.151594
0.334613 0.135136 -0.152150
0.334547 0.135409 -0.152629
0.334480 0.135681 -0.153107
0.334414 0.135953 -0.153586
0.334347 0.136225 -0.154064
0.334280 0.136497 -0.154543
0.334104 0.136814 -0.155041
0.333928 0.137130 -0.155538
0.334080 0.137313 -0.155978
0.333576 0.137764 -0.156534
0.333400 0.138080 -0.157032
0.333443 0.138308 -0.157491
0.333376 0.138580 -0.157970
0.333419 0.138807 -0.158429
0.333133 0.139169 -0.158946
0.333176 0.139396 -0.159405
0.333000 0.139713 -0.159903
0.332934 0.139985 -0.160381
0.332867 0.140257 -0.160860
0.332910 0.140485 -0.161319
0.332953 0.140712 -0.161778
0.333105 0.140895 -0.162218
0.333148 0.141123 -0.162677
0.333191 0.141350 -0.163136
0.333343 0.141533 -0.163575
0.333386 0.141761 -0.164034
0.333319 0.142033 -0.164513
0.333362 0.142260 -0.164972
0.333405 0.142488 -0.165431
0.333229 0.142804 -0.165929
0.333053 0.143121 -0.166427
0.333205 0.143304 -0.166866
0.217751 0.122017 -0.057379
0.218522 0.121955 -0.057707
0.219417 0.121843 -0.058012
0.219940 0.121879 -0.058384
0.220093 0.122062 -0.058824
0.220245 0.122245 -0.059263
0.220150 0.122526 -0.059748
0.220179 0.122758 -0.060210
0.220331 0.122941 -0.060650
0.220607 0.123075 -0.061067
0.220760 0.123258 -0.061507
0.220912 0.123440 -0.061946
0.221188 0.123574 -0.062363
0.221588 0.123659 -0.062758
0.221864 0.123793 -0.063175
0.221893 0.124025 -0.063638
0.222045 0.124208 -0.064077
0.222074 0.124440 -0.064539
0.222102 0.124672 -0.065002
0.221636 0.125100 -0.065554
0.221541 0.125381 -0.066038
0.221569 0.125613 -0.066500
0.221474 0.125895 -0.066985
0.221627 0.126077 -0.067425
0.221779 0.126260 -0.067864
0.221808 0.126492 -0.068326
0.221960 0.126675 -0.068766
0.222236 0.126809 -0.069183
0.222512 0.126943 -0.069600
0.222788 0.127077 -0.070018
0.223064 0.127211 -0.070435
0.223341 0.127345 -0.070852
0.221018 0.128509 -0.071741
0.221418 0.128594 -0.072136
0.221818 0.128679 -0.072531
0.222218 0.128764 -0.072925
0.222370 0.128947 -0.073365
0.222522 0.129129 -0.073805
0.222303 0.129460 -0.074312
0.219486 0.130821 -0.075291
0.219638 0.131004 -0.075730
0.210633 0.134819 -0.077832
0.210167 0.135247 -0.078384
0.210814 0.135234 -0.078734
0.210472 0.135613 -0.079263
0.210500 0.135845 -0.079726
0.210529 0.136077 -0.080188
0.210062 0.136505 -0.080740
0.209843 0.136835 -0.081247
0.209130 0.137362 -0.081844
0.208663 0.137790 -0.082396
0.208568 0.138071 -0.082880
0.217472 0.148169 -0.107435
0.218243 0.148106 -0.107762
0.218767 0.148142 -0.108135
0.219290 0.148178 -0.108507
0.219814 0.148213 -0.108879
0.220338 0.148249 -0.109251
0.220737 0.148334 -0.109646
0.221385 0.148320 -0.109996
0.222156 0.148258 -0.110323
0.222556 0.148343 -0.110718
0.222832 0.148477 -0.111135
0.223108 0.148610 -0.111553
0.223508 0.148695 -0.111947
0.223537 0.148927 -0.112409
0.223813 0.149061 -0.112827
0.223965 0.149244 -0.113266
0.223870 0.149525 -0.113751
0.331476 0.133280 -0.145197
0.332504 0.133105 -0.145482
0.333314 0.133020 -0.145805
0.333794 0.133069 -0.146187
0.334166 0.133163 -0.146588
0.334318 0.133346 -0.147027
0.334580 0.133484 -0.147448
0.334951 0.133578 -0.147849
0.335213 0.133716 -0.148269
0.335365 0.133899 -0.148709
0.335408 0.134127 -0.149168
0.335561 0.134310 -0.149607
0.335822 0.134448 -0.150028
0.335646 0.134765 -0.150525
0.335580 0.135037 -0.151004
0.335185 0.135443 -0.151540
0.335009 0.135760 -0.152038
0.334833 0.136077 -0.152536
0.334766 0.136349 -0.153014
0.334590 0.136666 -0.153512
0.334524 0.136938 -0.153990
0.334457 0.137211 -0.154469
0.334391 0.137483 -0.154947
0.334215 0.137800 -0.155445
0.334258 0.138027 -0.155904
0.333863 0.138433 -0.156440
0.333796 0.138706 -0.156919
0.333620 0.139022 -0.157417
0.333663 0.139250 -0.157876
0.333706 0.139478 -0.158335
0.333420 0.139839 -0.158852
0.333463 0.140067 -0.159311
0.333287 0.140384 -0.159809
0.333111 0.140701 -0.160306
0.333264 0.140883 -0.160746
0.333197 0.141156 -0.161224
0.333240 0.141383 -0.161683
0.333392 0.141566 -0.162123
0.333435 0.141794 -0.162582
0.333588 0.141977 -0.163022
0.333521 0.142249 -0.163500
0.333564 0.142477 -0.163959
0.333388 0.142793 -0.164457
0.333540 0.142976 -0.164897
0.333474 0.143249 -0.165375
0.333188 0.143610 -0.165892
0.333341 0.143793 -0.166332
0.217778 0.122594 -0.056846
0.218673 0.122483 -0.057151
0.219444 0.122420 -0.057478
0.219967 0.122455 -0.057850
0.220367 0.122540 -0.058245
0.220643 0.122674 -0.058663
0.220548 0.122955 -0.059147
0.220329 0.123285 -0.059654
0.220482 0.123468 -0.060094
0.220758 0.123602 -0.060511
0.221034 0.123736 -0.060928
0.221310 0.123870 -0.061345
0.221586 0.124003 -0.061763
0.221986 0.124088 -0.062158
0.222262 0.124222 -0.062575
0.222414 0.124405 -0.063014
0.222567 0.124588 -0.063454
0.222224 0.124967 -0.063984
0.222005 0.125298 -0.064491
0.221663 0.125677 -0.065020
0.221568 0.125958 -0.065504
0.221844 0.126092 -0.065922
0.221872 0.126324 -0.066384
0.222025 0.126507 -0.066824
0.221806 0.126838 -0.067330
0.221958 0.127021 -0.067770
0.222111 0.127203 -0.068210
0.222263 0.127386 -0.068650
0.222539 0.127520 -0.069067
0.222815 0.127654 -0.069484
0.223091 0.127788 -0.069901
0.220398 0.129101 -0.070857
0.220921 0.129136 -0.071229
0.221197 0.129270 -0.071647
0.221721 0.129306 -0.072019
0.221873 0.129489 -0.072459
0.222150 0.129623 -0.072876
0.222302 0.129805 -0.073316
0.218742 0.131463 -0.074428
0.219266 0.131498 -0.074801
0.219666 0.131583 -0.075195
0.219447 0.131913 -0.075702
0.211061 0.135487 -0.077690
0.210966 0.135768 -0.078175
0.210624 0.136148 -0.078704
0.210405 0.136478 -0.079211
0.210186 0.136808 -0.079718
0.209967 0.137139 -0.080225
0.209501 0.137567 -0.080777
0.209282 0.137898 -0.081284
0.207950 0.138670 -0.081993
0.217777 0.148888 -0.107314
0.218548 0.148825 -0.107642
0.219072 0.148860 -0.108014
0.219595 0.148896 -0.108387
0.220119 0.148931 -0.108759
0.220395 0.149065 -0.109176
0.221937 0.148940 -0.109831
0.222584 0.148926 -0.110181
0.222860 0.149060 -0.110599
0.223260 0.149144 -0.110993
0.223413 0.149327 -0.111433
0.223689 0.149461 -0.111850
0.223841 0.149644 -0.112290
0.223870 0.149876 -0.112752
0.223898 0.150108 -0.113214
0.224174 0.150242 -0.113631
0.332024 0.134087 -0.145524
0.332833 0.134001 -0.145848
0.333642 0.133916 -0.146171
0.334233 0.133920 -0.146534
0.334713 0.133969 -0.146916
0.334975 0.134107 -0.147336
0.335237 0.134245 -0.147756
0.335499 0.134384 -0.148177
0.335542 0.134611 -0.148636
0.335694 0.134794 -0.149075
0.335846 0.134977 -0.149515
0.335780 0.135249 -0.149993
0.335713 0.135522 -0.150472
0.335756 0.135749 -0.150931
0.335471 0.136111 -0.151448
0.335295 0.136428 -0.151945
0.335228 0.136701 -0.152424
0.335162 0.136973 -0.152902
0.334986 0.137290 -0.153400
0.334810 0.137607 -0.153897
0.334744 0.137880 -0.154375
0.334786 0.138107 -0.154834
0.334501 0.138469 -0.155351
0.334544 0.138697 -0.155810
0.334040 0.139148 -0.156366
0.334083 0.139375 -0.156825
0.334126 0.139603 -0.157284
0.333950 0.139920 -0.157782
0.333883 0.140193 -0.158260
0.333707 0.140510 -0.158758
0.333860 0.140693 -0.159197
0.333465 0.141099 -0.159734
0.333617 0.141282 -0.160173
0.333660 0.141510 -0.160632
0.333484 0.141827 -0.161130
0.333637 0.142010 -0.161570
0.333679 0.142237 -0.162029
0.333722 0.142465 -0.162488
0.333765 0.142693 -0.162947
0.333699 0.142965 -0.163425
0.333742 0.143193 -0.163884
0.333566 0.143510 -0.164382
0.333609 0.143737 -0.164841
0.333323 0.144099 -0.165358
0.333257 0.144371 -0.165836
0.332862 0.144778 -0.166372
0.218576 0.123109 -0.056639
0.219347 0.123046 -0.056967
0.219870 0.123081 -0.057339
0.220394 0.123117 -0.057712
0.220794 0.123201 -0.058107
0.220699 0.123482 -0.058591
0.220603 0.123764 -0.059076
0.220632 0.123996 -0.059538
0.221032 0.124080 -0.059933
0.221432 0.124165 -0.060328
0.221708 0.124299 -0.060745
0.222108 0.124383 -0.061140
0.222384 0.124517 -0.061557
0.222536 0.124700 -0.061997
0.222688 0.124883 -0.062436
0.222470 0.125213 -0.062943
0.221385 0.125888 -0.063607
0.221661 0.126022 -0.064024
0.221690 0.126254 -0.064486
0.221842 0.126437 -0.064926
0.221994 0.126620 -0.065366
0.222147 0.126803 -0.065805
0.222052 0.127084 -0.066290
0.221956 0.127366 -0.066774
0.221861 0.127647 -0.067259
0.222138 0.127781 -0.067676
0.222290 0.127964 -0.068116
0.222566 0.128097 -0.068533
0.219749 0.129461 -0.069510
0.220149 0.129546 -0.069905
0.220425 0.129679 -0.070323
0.220825 0.129764 -0.070717
0.221101 0.129898 -0.071135
0.221377 0.130031 -0.071552
0.221653 0.130165 -0.071969
0.221929 0.130299 -0.072386
0.218122 0.132056 -0.073543
0.218522 0.132141 -0.073938
0.218922 0.132225 -0.074333
0.219198 0.132359 -0.074750
0.209225 0.137786 -0.079360
0.209625 0.137871 -0.079755
0.217711 0.149754 -0.107261
0.218729 0.149593 -0.107544
0.219253 0.149628 -0.107917
0.219776 0.149663 -0.108289
0.220176 0.149748 -0.108684
0.221223 0.149818 -0.109429
0.222365 0.149608 -0.109689
0.222889 0.149643 -0.110062
0.223165 0.149777 -0.110479
0.223317 0.149960 -0.110919
0.223593 0.150094 -0.111336
0.223746 0.150277 -0.111776
0.223898 0.150459 -0.112215
0.223927 0.150692 -0.112677
0.224203 0.150825 -0.113095
0.224355 0.151008 -0.113534
0.332639 0.134621 -0.145373
0.333557 0.134491 -0.145678
0.334257 0.134450 -0.146021
0.334737 0.134498 -0.146403
0.334999 0.134637 -0.146823
0.335370 0.134730 -0.147224
0.335523 0.134913 -0.147664
0.335675 0.135096 -0.148103
0.335718 0.135323 -0.148562
0.335980 0.135462 -0.148983
0.335913 0.135734 -0.149461
0.335847 0.136007 -0.149939
0.335890 0.136234 -0.150398
0.335823 0.136507 -0.150877
0.335757 0.136779 -0.151355
0.335581 0.137097 -0.151852
0.335515 0.137369 -0.152331
0.335448 0.137642 -0.152809
0.335163 0.138004 -0.153326
0.335096 0.138276 -0.153804
0.335030 0.138549 -0.154282
0.334963 0.138821 -0.154760
0.334788 0.139138 -0.155258
0.334612 0.139456 -0.155755
0.334326 0.139818 -0.156272
0.334369 0.140045 -0.156731
0.334412 0.140273 -0.157190
0.334127 0.140635 -0.157707
0.334170 0.140863 -0.158166
0.334104 0.141135 -0.158644
0.334037 0.141408 -0.159123
0.333971 0.141680 -0.159601
0.333904 0.141953 -0.160079
0.333838 0.142225 -0.160557
0.333881 0.142453 -0.161016
0.333924 0.142681 -0.161475
0.333857 0.142953 -0.161953
0.333900 0.143181 -0.162412
0.333943 0.143409 -0.162871
0.333658 0.143771 -0.163388
0.333701 0.143998 -0.163847
0.333634 0.144271 -0.164325
0.333568 0.144543 -0.164804
0.332736 0.145129 -0.165417
0.218232 0.123834 -0.056173
0.219126 0.123721 -0.056478
0.219650 0.123757 -0.056851
0.220173 0.123792 -0.057223
0.220573 0.123876 -0.057618
0.220849 0.124010 -0.058035
0.220878 0.124242 -0.058497
0.220906 0.124474 -0.058959
0.221059 0.124657 -0.059399
0.221458 0.124742 -0.059794
0.221858 0.124826 -0.060189
0.222134 0.124960 -0.060606
0.222287 0.125143 -0.061046
0.222563 0.125276 -0.061463
0.220983 0.126149 -0.062216
0.221259 0.126283 -0.062633
0.221535 0.126416 -0.063051
0.221811 0.126550 -0.063468
0.221964 0.126733 -0.063908
0.222240 0.126866 -0.064325
0.222269 0.127099 -0.064787
0.222421 0.127282 -0.065227
0.221831 0.127760 -0.065801
0.221983 0.127943 -0.066240
0.221888 0.128224 -0.066725
0.222041 0.128407 -0.067165
0.222069 0.128640 -0.067627
0.222222 0.128823 -0.068066
0.219776 0.130040 -0.068976
0.220176 0.130124 -0.069371
0.220452 0.130258 -0.069788
0.220728 0.130392 -0.070205
0.221004 0.130525 -0.070623
0.221157 0.130708 -0.071062
0.221185 0.130940 -0.071524
0.217008 0.132847 -0.072747
0.217779 0.132784 -0.073075
0.218302 0.132819 -0.073448
0.218702 0.132904 -0.073843
0.217121 0.150586 -0.106835
0.218140 0.150424 -0.107118
0.218910 0.150360 -0.107446
0.219434 0.150396 -0.107819
0.219957 0.150431 -0.108191
0.221775 0.150438 -0.109264
0.222546 0.150374 -0.109592
0.223070 0.150410 -0.109964
0.223222 0.150593 -0.110404
0.223498 0.150726 -0.110821
0.223650 0.150909 -0.111261
0.223803 0.151092 -0.111701
0.223831 0.151324 -0.112163
0.224108 0.151458 -0.112580
0.224384 0.151592 -0.112997
0.332663 0.135152 -0.144859
0.333691 0.134976 -0.145145
0.334390 0.134935 -0.145488
0.334761 0.135028 -0.145890
0.335132 0.135121 -0.146291
0.335504 0.135214 -0.146692
0.335547 0.135442 -0.147151
0.335699 0.135625 -0.147591
0.335961 0.135763 -0.148011
0.336113 0.135946 -0.148451
0.336156 0.136174 -0.148910
0.336090 0.136447 -0.149388
0.335914 0.136764 -0.149885
0.335957 0.136992 -0.150344
0.335890 0.137264 -0.150822
0.335824 0.137537 -0.151301
0.335539 0.137899 -0.151817
0.335473 0.138172 -0.152295
0.335515 0.138400 -0.152754
0.335340 0.138717 -0.153252
0.335273 0.138990 -0.153730
0.335207 0.139262 -0.154208
0.335140 0.139535 -0.154686
0.335074 0.139808 -0.155164
0.334898 0.140125 -0.155662
0.334723 0.140443 -0.156159
0.334547 0.140760 -0.156657
0.334590 0.140988 -0.157116
0.334414 0.141305 -0.157613
0.334348 0.141578 -0.158091
0.334281 0.141851 -0.158569
0.334215 0.142123 -0.159048
0.334148 0.142396 -0.159526
0.334082 0.142668 -0.160004
0.334016 0.142941 -0.160482
0.334059 0.143169 -0.160941
0.333992 0.143441 -0.161419
0.333816 0.143759 -0.161917
0.333969 0.143942 -0.162356
0.333684 0.144304 -0.162873
0.333726 0.144532 -0.163332
0.333879 0.144715 -0.163772
0.333484 0.145122 -0.164308
0.217764 0.124609 -0.055728
0.218906 0.124397 -0.055989
0.219429 0.124432 -0.056362
0.220076 0.124418 -0.056712
0.220476 0.124502 -0.057107
0.220876 0.124587 -0.057502
0.221028 0.124769 -0.057941
0.220809 0.125100 -0.058448
0.220714 0.125382 -0.058933
0.220990 0.125516 -0.059350
0.221390 0.125600 -0.059745
0.220429 0.126227 -0.060386
0.220705 0.126360 -0.060803
0.220981 0.126494 -0.061220
0.221257 0.126627 -0.061638
0.221534 0.126761 -0.062055
0.221810 0.126895 -0.062472
0.222086 0.127028 -0.062890
0.222362 0.127162 -0.063307
0.222514 0.127345 -0.063747
0.222295 0.127676 -0.064253
0.221953 0.128056 -0.064782
0.221982 0.128288 -0.065244
0.222134 0.128471 -0.065684
0.222286 0.128654 -0.066124
0.222068 0.128985 -0.066631
0.221973 0.129267 -0.067115
0.222249 0.129400 -0.067532
0.221906 0.129780 -0.068061
0.220203 0.130703 -0.068836
0.220603 0.130787 -0.069231
0.220755 0.130970 -0.069671
0.221032 0.131104 -0.070088
0.221431 0.131188 -0.070483
0.218615 0.132555 -0.071459
0.216417 0.133675 -0.072323
0.217064 0.133660 -0.072674
0.215609 0.134484 -0.073404
0.214401 0.135210 -0.074089
0.214429 0.135442 -0.074551
0.217921 0.151108 -0.106625
0.218692 0.151044 -0.106953
0.219339 0.151030 -0.107303
0.219862 0.151065 -0.107676
0.220139 0.151198 -0.108093
0.222080 0.151155 -0.109144
0.222727 0.151141 -0.109494
0.223127 0.151225 -0.109889
0.223403 0.151359 -0.110307
0.223803 0.151443 -0.110702
0.223831 0.151676 -0.111164
0.223984 0.151859 -0.111603
0.224260 0.151992 -0.112021
0.224536 0.152126 -0.112438
0.333715 0.135506 -0.144632
0.334414 0.135464 -0.144975
0.334895 0.135513 -0.145357
0.335266 0.135606 -0.145759
0.335637 0.135699 -0.146160
0.335789 0.135882 -0.146600
0.335942 0.136065 -0.147039
0.336094 0.136248 -0.147479
0.336246 0.136431 -0.147919
0.336289 0.136659 -0.148377
0.336332 0.136886 -0.148836
0.336157 0.137204 -0.149334
0.336090 0.137477 -0.149812
0.335915 0.137794 -0.150309
0.335739 0.138112 -0.150806
0.335673 0.138385 -0.151285
0.335606 0.138658 -0.151763
0.335649 0.138885 -0.152222
0.335474 0.139203 -0.152719
0.335298 0.139521 -0.153216
0.335341 0.139749 -0.153675
0.335275 0.140021 -0.154153
0.335208 0.140294 -0.154631
0.335142 0.140567 -0.155109
0.335076 0.140840 -0.155588
0.334900 0.141157 -0.156085
0.334724 0.141475 -0.156582
0.334658 0.141748 -0.157060
0.334591 0.142020 -0.157538
0.334416 0.142338 -0.158036
0.334459 0.142566 -0.158495
0.334283 0.142883 -0.158992
0.334107 0.143201 -0.159489
0.334041 0.143474 -0.159967
0.333975 0.143747 -0.160445
0.334127 0.143930 -0.160885
0.333951 0.144247 -0.161382
0.333994 0.144475 -0.161841
0.333819 0.144793 -0.162339
0.333752 0.145065 -0.162817
0.333795 0.145293 -0.163276
0.333182 0.145791 -0.163850
0.332897 0.146153 -0.164366
0.218314 0.125222 -0.055567
0.219085 0.125158 -0.055895
0.219608 0.125192 -0.056267
0.220255 0.125178 -0.056618
0.220655 0.125262 -0.057013
0.221055 0.125346 -0.057408
0.220836 0.125677 -0.057915
0.220865 0.125910 -0.058377
0.220770 0.126191 -0.058861
0.220799 0.126424 -0.059323
0.220580 0.126755 -0.059829
0.220732 0.126938 -0.060269
0.221132 0.127022 -0.060664
0.221532 0.127106 -0.061059
0.221931 0.127190 -0.061454
0.222208 0.127324 -0.061872
0.222484 0.127457 -0.062289
0.222760 0.127591 -0.062706
0.222788 0.127823 -0.063168
0.221828 0.128451 -0.063809
0.221856 0.128683 -0.064271
0.222009 0.128866 -0.064711
0.222285 0.128999 -0.065128
0.222437 0.129182 -0.065568
0.222342 0.129464 -0.066052
0.222000 0.129844 -0.066581
0.222276 0.129978 -0.066998
0.222552 0.130112 -0.067416
0.220231 0.131282 -0.068302
0.220630 0.131366 -0.068697
0.220906 0.131500 -0.069114
0.221059 0.131683 -0.069554
0.221459 0.131767 -0.069949
0.221735 0.131900 -0.070366
0.218795 0.133318 -0.071364
0.215979 0.134685 -0.072339
0.215884 0.134967 -0.072823
0.216037 0.135150 -0.073263
0.214952 0.135827 -0.073926
0.218350 0.151777 -0.106482
0.218997 0.151763 -0.106833
0.219644 0.151748 -0.107183
0.220044 0.151833 -0.107578
0.220320 0.151966 -0.107995
0.221614 0.151937 -0.108696
0.222508 0.151824 -0.109002
0.223032 0.151859 -0.109375
0.223308 0.151992 -0.109792
0.223707 0.152076 -0.110187
0.223984 0.152210 -0.110604
0.224012 0.152442 -0.111066
0.224165 0.152625 -0.111506
0.224688 0.152660 -0.111879
0.333521 0.136126 -0.144157
0.334439 0.135994 -0.144462
0.335028 0.135998 -0.144825
0.335399 0.136091 -0.145226
0.335770 0.136184 -0.145628
0.335923 0.136366 -0.146067
0.336075 0.136549 -0.146507
0.336118 0.136777 -0.146966
0.336380 0.136915 -0.147386
0.336532 0.137098 -0.147826
0.336466 0.137371 -0.148304
0.336400 0.137644 -0.148782
0.336115 0.138007 -0.149299
0.336048 0.138280 -0.149777
0.335654 0.138687 -0.150312
0.335697 0.138915 -0.150771
0.335521 0.139233 -0.151268
0.335455 0.139506 -0.151746
0.335280 0.139824 -0.152244
0.335213 0.140097 -0.152722
0.335256 0.140325 -0.153180
0.335409 0.140508 -0.153620
0.335233 0.140825 -0.154117
0.335276 0.141053 -0.154576
0.335100 0.141371 -0.155073
0.335143 0.141599 -0.155532
0.334968 0.141917 -0.156029
0.334902 0.142190 -0.156508
0.334835 0.142463 -0.156986
0.334660 0.142781 -0.157483
0.334593 0.143053 -0.157961
0.334418 0.143371 -0.158458
0.334023 0.143779 -0.158994
0.334066 0.144007 -0.159452
0.334000 0.144280 -0.159930
0.334043 0.144508 -0.160389
0.334086 0.144736 -0.160848
0.334020 0.145009 -0.161326
0.333954 0.145281 -0.161804
0.333887 0.145554 -0.162282
0.333930 0.145782 -0.162741
0.333317 0.146280 -0.163315
0.333142 0.146598 -0.163812
0.217723 0.126047 -0.055144
0.218741 0.125883 -0.055428
0.219388 0.125869 -0.055778
0.219911 0.125903 -0.056151
0.220311 0.125987 -0.056546
0.220711 0.126072 -0.056941
0.220863 0.126254 -0.057381
0.220768 0.126536 -0.057865
0.221044 0.126670 -0.058282
0.220826 0.127001 -0.058789
0.220731 0.127283 -0.059273
0.220883 0.127466 -0.059713
0.221283 0.127550 -0.060108
0.221806 0.127584 -0.060481
0.222082 0.127718 -0.060898
0.222482 0.127802 -0.061293
0.222758 0.127936 -0.061711
0.222910 0.128119 -0.062150
0.222939 0.128351 -0.062612
0.221484 0.129176 -0.063342
0.221883 0.129260 -0.063737
0.222283 0.129345 -0.064132
0.222559 0.129478 -0.064549
0.222711 0.129661 -0.064989
0.222493 0.129992 -0.065496
0.221903 0.130472 -0.066069
0.222303 0.130556 -0.066464
0.222579 0.130689 -0.066882
0.220134 0.131910 -0.067789
0.220658 0.131945 -0.068162
0.220934 0.132078 -0.068579
0.221210 0.132212 -0.068997
0.221609 0.132296 -0.069392
0.221885 0.132429 -0.069809
0.218328 0.134095 -0.070918
0.216502 0.135069 -0.071714
0.215912 0.135549 -0.072287
0.216188 0.135682 -0.072705
0.217637 0.152660 -0.106078
0.218655 0.152497 -0.106362
0.219178 0.152531 -0.106734
0.219825 0.152516 -0.107085
0.220225 0.152600 -0.107480
0.220501 0.152734 -0.107897
0.222166 0.152556 -0.108532
0.222813 0.152541 -0.108882
0.223213 0.152625 -0.109277
0.223489 0.152759 -0.109695
0.223765 0.152893 -0.110112
0.224041 0.153026 -0.110529
0.224193 0.153209 -0.110969
0.224469 0.153342 -0.111386
0.224498 0.153575 -0.111848
0.333327 0.136747 -0.143682
0.334354 0.136570 -0.143968
0.335052 0.136527 -0.144312
0.335533 0.136575 -0.144694
0.335794 0.136713 -0.145115
0.336165 0.136806 -0.145516
0.336208 0.137034 -0.145975
0.336252 0.137262 -0.146434
0.336404 0.137445 -0.146874
0.336666 0.137583 -0.147294
0.336599 0.137856 -0.147772
0.336533 0.138129 -0.148250
0.336248 0.138492 -0.148766
0.336073 0.138810 -0.149263
0.335897 0.139128 -0.149760
0.335612 0.139491 -0.150277
0.334562 0.140169 -0.150927
0.334715 0.140352 -0.151367
0.334867 0.140535 -0.151806
0.335129 0.140673 -0.152227
0.335172 0.140901 -0.152686
0.335324 0.141084 -0.153125
0.335258 0.141357 -0.153603
0.335301 0.141585 -0.154062
0.335344 0.141813 -0.154521
0.335278 0.142086 -0.154999
0.335430 0.142269 -0.155439
0.335145 0.142632 -0.155955
0.335079 0.142905 -0.156433
0.334903 0.143223 -0.156930
0.334837 0.143496 -0.157408
0.334443 0.143904 -0.157943
0.333940 0.144357 -0.158498
0.333873 0.144630 -0.158976
0.334026 0.144813 -0.159415
0.333959 0.145086 -0.159893
0.334002 0.145314 -0.160352
0.334046 0.145542 -0.160811
0.334089 0.145770 -0.161270
0.333804 0.146133 -0.161786
0.333956 0.146316 -0.162226
0.333671 0.146679 -0.162742
0.333277 0.147087 -0.163277
0.333320 0.147315 -0.163736
0.217997 0.126526 -0.054565
0.218644 0.126511 -0.054916
0.219291 0.126496 -0.055266
0.219567 0.126629 -0.055684
0.219967 0.126713 -0.056079
0.220367 0.126797 -0.056474
0.220643 0.126931 -0.056892
0.220795 0.127114 -0.057331
0.221071 0.127247 -0.057749
0.220729 0.127628 -0.058277
0.220758 0.127860 -0.058739
0.221034 0.127994 -0.059157
0.221186 0.128177 -0.059596
0.221709 0.128211 -0.059969
0.222109 0.128295 -0.060364
0.222261 0.128478 -0.060804
0.222661 0.128562 -0.061199
0.220711 0.129586 -0.062017
0.220987 0.129720 -0.062435
0.221511 0.129754 -0.062808
0.222034 0.129789 -0.063181
0.222557 0.129823 -0.063553
0.222833 0.129957 -0.063971
0.222986 0.130140 -0.064411
0.221531 0.130966 -0.065140
0.221807 0.131099 -0.065557
0.222083 0.131233 -0.065974
0.222482 0.131317 -0.066370
0.219914 0.132588 -0.067299
0.220561 0.132573 -0.067650
0.220837 0.132707 -0.068067
0.221113 0.132840 -0.068485
0.221389 0.132974 -0.068902
0.221789 0.133058 -0.069297
0.217367 0.135072 -0.070560
0.216901 0.135502 -0.071111
0.218713 0.153315 -0.106285
0.219360 0.153300 -0.106636
0.220006 0.153285 -0.106987
0.220406 0.153369 -0.107382
0.220682 0.153502 -0.107799
0.222594 0.153225 -0.108389
0.222994 0.153309 -0.108784
0.223270 0.153442 -0.109202
0.223670 0.153526 -0.109597
0.223822 0.153709 -0.110037
0.224098 0.153842 -0.110454
0.224374 0.153976 -0.110872
0.224650 0.154109 -0.111289
0.223321 0.158056 -0.118068
0.334159 0.137190 -0.143493
0.335077 0.137057 -0.143799
0.335557 0.137105 -0.144181
0.335928 0.137198 -0.144583
0.336189 0.137336 -0.145003
0.336342 0.137518 -0.145443
0.336494 0.137701 -0.145883
0.336537 0.137929 -0.146341
0.336690 0.138112 -0.146781
0.336733 0.138340 -0.147240
0.336667 0.138614 -0.147718
0.336491 0.138932 -0.148215
0.336206 0.139295 -0.148731
0.335922 0.139658 -0.149247
0.335746 0.139977 -0.149744
0.333822 0.141016 -0.150547
0.334302 0.141064 -0.150929
0.334673 0.141157 -0.151330
0.334935 0.141295 -0.151751
0.335197 0.141433 -0.152172
0.335349 0.141615 -0.152611
0.335283 0.141889 -0.153089
0.335326 0.142117 -0.153548
0.335478 0.142300 -0.153988
0.335412 0.142573 -0.154466
0.335455 0.142801 -0.154924
0.335389 0.143074 -0.155402
0.335213 0.143392 -0.155899
0.335038 0.143710 -0.156396
0.334972 0.143983 -0.156874
0.334578 0.144392 -0.157409
0.333091 0.145251 -0.158136
0.333353 0.145389 -0.158556
0.333723 0.145482 -0.158958
0.333767 0.145710 -0.159416
0.333919 0.145893 -0.159856
0.334071 0.146076 -0.160296
0.334114 0.146304 -0.160755
0.333939 0.146622 -0.161252
0.333982 0.146850 -0.161710
0.333806 0.147168 -0.162207
0.333412 0.147577 -0.162743
0.333346 0.147850 -0.163220
0.333062 0.148213 -0.163737
0.218272 0.127005 -0.053986
0.218919 0.126990 -0.054337
0.219318 0.127074 -0.054732
0.219594 0.127207 -0.055150
0.219870 0.127340 -0.055567
0.220270 0.127424 -0.055962
0.220299 0.127657 -0.056424
0.220575 0.127790 -0.056842
0.220727 0.127973 -0.057281
0.220632 0.128255 -0.057766
0.220661 0.128488 -0.058227
0.220690 0.128720 -0.058689
0.220842 0.128903 -0.059129
0.220871 0.129135 -0.059591
0.221023 0.129318 -0.060031
0.220557 0.129749 -0.060581
0.220215 0.130130 -0.061110
0.220738 0.130165 -0.061483
0.221138 0.130248 -0.061878
0.221538 0.130332 -0.062274
0.222061 0.130367 -0.062647
0.222584 0.130401 -0.063019
0.222860 0.130534 -0.063437
0.223013 0.130717 -0.063877
0.221063 0.131742 -0.064694
0.221586 0.131777 -0.065067
0.221986 0.131861 -0.065462
0.222262 0.131994 -0.065880
0.222785 0.132028 -0.066253
0.220094 0.133351 -0.067204
0.220617 0.133385 -0.067577
0.220770 0.133568 -0.068017
0.221293 0.133602 -0.068389
0.221569 0.133736 -0.068807
0.217518 0.135603 -0.070002
0.216929 0.136083 -0.070576
0.218371 0.154049 -0.105814
0.219141 0.153984 -0.106143
0.219665 0.154019 -0.106516
0.220188 0.154053 -0.106889
0.220711 0.154087 -0.107262
0.221758 0.154156 -0.108008
0.222775 0.153992 -0.108292
0.223175 0.154076 -0.108687
0.223575 0.154160 -0.109082
0.223851 0.154293 -0.109499
0.224003 0.154476 -0.109939
0.224279 0.154609 -0.110357
0.224802 0.154644 -0.110730
0.223474 0.158592 -0.117508
0.224121 0.158577 -0.117858
0.333856 0.137856 -0.143037
0.334992 0.137633 -0.143305
0.335581 0.137635 -0.143668
0.336061 0.137682 -0.144050
0.336214 0.137865 -0.144490
0.336475 0.138003 -0.144911
0.336628 0.138186 -0.145350
0.336780 0.138369 -0.145790
0.336823 0.138597 -0.146249
0.336757 0.138870 -0.146727
0.336800 0.139098 -0.147185
0.336515 0.139462 -0.147701
0.336340 0.139780 -0.148198
0.335946 0.140189 -0.148733
0.335771 0.140508 -0.149230
0.333519 0.141684 -0.150089
0.334109 0.141686 -0.150453
0.334589 0.141734 -0.150835
0.334851 0.141872 -0.151256
0.335221 0.141964 -0.151657
0.335374 0.142147 -0.152097
0.335526 0.142330 -0.152537
0.335569 0.142558 -0.152996
0.335612 0.142786 -0.153454
0.335546 0.143059 -0.153932
0.335589 0.143288 -0.154391
0.335523 0.143561 -0.154869
0.335457 0.143834 -0.155347
0.335282 0.144153 -0.155843
0.335216 0.144426 -0.156321
0.334712 0.144880 -0.156875
0.332461 0.146056 -0.157735
0.333051 0.146059 -0.158098
0.333531 0.146106 -0.158480
0.333683 0.146289 -0.158920
0.333945 0.146427 -0.159341
0.334097 0.146610 -0.159780
0.334140 0.146838 -0.160239
0.334074 0.147111 -0.160717
0.334117 0.147339 -0.161176
0.333942 0.147658 -0.161673
0.333766 0.147976 -0.162170
0.333482 0.148340 -0.162685
0.333525 0.148568 -0.163144
0.218670 0.127434 -0.053385
0.219069 0.127518 -0.053781
0.219469 0.127602 -0.054176
0.219745 0.127735 -0.054593
0.220021 0.127869 -0.055011
0.220050 0.128101 -0.055473
0.220202 0.128284 -0.055912
0.220354 0.128467 -0.056352
0.220383 0.128700 -0.056814
0.220536 0.128883 -0.057254
0.220688 0.129065 -0.057693
0.220717 0.129298 -0.058155
0.220869 0.129481 -0.058595
0.220774 0.129763 -0.059079
0.220927 0.129946 -0.059519
0.220832 0.130228 -0.060003
0.220737 0.130510 -0.060487
0.220889 0.130693 -0.060927
0.221289 0.130777 -0.061322
0.221441 0.130960 -0.061761
0.221841 0.131044 -0.062157
0.222364 0.131078 -0.062530
0.222640 0.131211 -0.062947
0.222669 0.131444 -0.063409
0.220843 0.132420 -0.064204
0.221243 0.132504 -0.064599
0.221642 0.132588 -0.064995
0.222042 0.132671 -0.065390
0.222565 0.132706 -0.065763
0.219504 0.134178 -0.066780
0.220027 0.134212 -0.067153
0.220426 0.134296 -0.067548
0.220826 0.134380 -0.067944
0.217023 0.136150 -0.069094
0.217422 0.136234 -0.069489
0.218676 0.154768 -0.105693
0.219446 0.154703 -0.106022
0.219846 0.154787 -0.106417
0.220493 0.154772 -0.106768
0.220769 0.154905 -0.107186
0.222310 0.154775 -0.107843
0.223080 0.154710 -0.108172
0.223480 0.154793 -0.108567
0.223879 0.154877 -0.108962
0.224032 0.155060 -0.109402
0.224308 0.155194 -0.109819
0.224707 0.155277 -0.110215
0.223350 0.158995 -0.116530
0.223626 0.159128 -0.116947
0.224026 0.159212 -0.117343
0.223931 0.159494 -0.117827
0.334907 0.138208 -0.142810
0.335605 0.138165 -0.143155
0.336085 0.138212 -0.143537
0.336347 0.138350 -0.143958
0.336609 0.138488 -0.144379
0.336652 0.138716 -0.144837
0.336913 0.138853 -0.145258
0.336956 0.139082 -0.145717
0.337000 0.139310 -0.146175
0.337043 0.139538 -0.146634
0.336758 0.139902 -0.147150
0.336692 0.140175 -0.147628
0.336298 0.140584 -0.148163
0.336014 0.140948 -0.148678
0.333108 0.142397 -0.149651
0.334025 0.142264 -0.149957
0.334614 0.142266 -0.150321
0.334985 0.142358 -0.150723
0.335246 0.142496 -0.151143
0.335508 0.142634 -0.151564
0.335660 0.142817 -0.152004
0.335703 0.143045 -0.152462
0.335747 0.143273 -0.152921
0.335790 0.143501 -0.153380
0.335724 0.143774 -0.153857
0.335767 0.144003 -0.154316
0.335810 0.144231 -0.154775
0.335416 0.144640 -0.155310
0.335459 0.144868 -0.155768
0.335284 0.145187 -0.156265
0.332050 0.146772 -0.157295
0.332749 0.146728 -0.157640
0.333229 0.146776 -0.158022
0.333600 0.146868 -0.158424
0.333861 0.147006 -0.158844
0.334123 0.147144 -0.159265
0.334057 0.147417 -0.159743
0.334209 0.147600 -0.160182
0.334252 0.147828 -0.160641
0.334186 0.148101 -0.161119
0.334011 0.148420 -0.161616
0.333617 0.148829 -0.162151
0.333551 0.149103 -0.162628
0.333376 0.149421 -0.163125
0.217927 0.128078 -0.052522
0.218821 0.127963 -0.052829
0.219344 0.127997 -0.053202
0.219496 0.128180 -0.053642
0.219896 0.128264 -0.054037
0.220048 0.128447 -0.054477
0.220200 0.128629 -0.054916
0.220106 0.128912 -0.055400
0.220382 0.129045 -0.055818
0.220410 0.129278 -0.056280
0.220439 0.129510 -0.056742
0.220715 0.129643 -0.057159
0.220867 0.129826 -0.057599
0.221020 0.130009 -0.058039
0.221049 0.130242 -0.058500
0.221077 0.130475 -0.058962
0.221106 0.130707 -0.059424
0.221011 0.130989 -0.059908
0.221040 0.131222 -0.060370
0.221192 0.131405 -0.060810
0.221468 0.131538 -0.061227
0.221621 0.131721 -0.061667
0.221897 0.131854 -0.062084
0.221307 0.132335 -0.062657
0.220718 0.132816 -0.063230
0.220871 0.132999 -0.063669
0.220899 0.133232 -0.064131
0.221175 0.133365 -0.064549
0.221822 0.133349 -0.064900
0.222098 0.133483 -0.065317
0.219160 0.134907 -0.066311
0.218942 0.135239 -0.066818
0.218229 0.135769 -0.067412
0.218505 0.135903 -0.067830
0.177898 0.152956 -0.076513
0.218981 0.155488 -0.105573
0.219751 0.155422 -0.105901
0.220151 0.155506 -0.106297
0.220551 0.155590 -0.106692
0.222491 0.155543 -0.107745
0.223261 0.155477 -0.108074
0.223661 0.155561 -0.108469
0.223937 0.155694 -0.108887
0.224213 0.155827 -0.109304
0.224612 0.155911 -0.109699
0.222609 0.159646 -0.115663
0.223503 0.159531 -0.115970
0.223779 0.159664 -0.116387
0.223808 0.159897 -0.116849
0.224207 0.159980 -0.117244
0.334931 0.138739 -0.142297
0.335630 0.138695 -0.142641
0.336219 0.138697 -0.143005
0.336480 0.138834 -0.143426
0.336742 0.138972 -0.143847
0.336894 0.139155 -0.144286
0.336937 0.139383 -0.144745
0.337090 0.139566 -0.145185
0.337133 0.139794 -0.145643
0.337285 0.139977 -0.146083
0.336783 0.140432 -0.146637
0.336607 0.140751 -0.147133
0.336650 0.140979 -0.147592
0.333722 0.142932 -0.149500
0.334421 0.142888 -0.149845
0.334901 0.142935 -0.150227
0.335381 0.142983 -0.150610
0.335642 0.143120 -0.151031
0.335795 0.143303 -0.151470
0.335947 0.143486 -0.151910
0.335990 0.143714 -0.152369
0.335924 0.143988 -0.152846
0.335967 0.144216 -0.153305
0.336010 0.144444 -0.153764
0.335944 0.144718 -0.154241
0.335769 0.145037 -0.154738
0.335594 0.145355 -0.155235
0.335528 0.145629 -0.155712
0.331094 0.147714 -0.156950
0.332229 0.147489 -0.157219
0.332927 0.147446 -0.157563
0.333407 0.147493 -0.157946
0.333669 0.147631 -0.158367
0.334040 0.147723 -0.158769
0.334083 0.147951 -0.159227
0.334235 0.148134 -0.159667
0.334278 0.148362 -0.160126
0.334321 0.148591 -0.160584
0.334255 0.148864 -0.161062
0.333971 0.149228 -0.161578
0.333796 0.149547 -0.162074
0.333839 0.149775 -0.162533
0.218477 0.128690 -0.052361
0.219124 0.128675 -0.052712
0.219647 0.128708 -0.053085
0.219923 0.128842 -0.053503
0.220075 0.129024 -0.053943
0.220104 0.129257 -0.054404
0.220256 0.129440 -0.054844
0.220285 0.129673 -0.055306
0.220561 0.129806 -0.055723
0.220466 0.130088 -0.056207
0.220619 0.130271 -0.056647
0.220647 0.130504 -0.057109
0.220800 0.130687 -0.057549
0.220952 0.130870 -0.057988
0.221104 0.131053 -0.058428
0.221257 0.131236 -0.058868
0.221286 0.131468 -0.059329
0.221314 0.131701 -0.059791
0.221220 0.131983 -0.060275
0.221372 0.132166 -0.060715
0.221401 0.132399 -0.061177
0.221182 0.132731 -0.061683
0.221088 0.133013 -0.062167
0.220993 0.133296 -0.062651
0.220774 0.133628 -0.063157
0.220803 0.133860 -0.063619
0.220090 0.134391 -0.064213
0.219748 0.134773 -0.064742
0.219036 0.135304 -0.065336
0.219188 0.135487 -0.065776
0.219217 0.135720 -0.066238
0.218257 0.136350 -0.066877
0.177381 0.153533 -0.075599
0.177664 0.153663 -0.076015
0.218392 0.156323 -0.105145
0.219163 0.156257 -0.105474
0.219933 0.156191 -0.105803
0.220332 0.156275 -0.106198
0.220732 0.156358 -0.106594
0.222672 0.156311 -0.107647
0.223319 0.156295 -0.107998
0.223718 0.156378 -0.108393
0.223871 0.156561 -0.108833
0.224394 0.156595 -0.109206
0.223133 0.160033 -0.115036
0.223532 0.160117 -0.115431
0.223808 0.160250 -0.115849
0.223713 0.160532 -0.116333
0.223989 0.160665 -0.116751
0.334519 0.139451 -0.141859
0.335654 0.139225 -0.142128
0.336243 0.139227 -0.142492
0.336614 0.139319 -0.142894
0.336875 0.139457 -0.143314
0.337028 0.139640 -0.143754
0.337180 0.139822 -0.144194
0.337332 0.140005 -0.144633
0.337266 0.140279 -0.145111
0.337310 0.140507 -0.145570
0.337134 0.140826 -0.146066
0.336523 0.141327 -0.146639
0.336675 0.141510 -0.147078
0.334118 0.143557 -0.149387
0.334926 0.143468 -0.149713
0.335406 0.143514 -0.150096
0.335776 0.143607 -0.150497
0.335929 0.143790 -0.150937
0.336081 0.143973 -0.151377
0.336124 0.144201 -0.151835
0.336167 0.144429 -0.152294
0.336211 0.144657 -0.152753
0.336254 0.144886 -0.153211
0.336079 0.145205 -0.153708
0.336013 0.145478 -0.154186
0.335838 0.145797 -0.154682
0.335662 0.146116 -0.155179
0.331600 0.148297 -0.156817
0.332626 0.148117 -0.157105
0.333215 0.148118 -0.157468
0.333586 0.148210 -0.157870
0.333847 0.148348 -0.158291
0.334109 0.148486 -0.158712
0.334152 0.148714 -0.159170
0.334304 0.148897 -0.159610
0.334457 0.149080 -0.160050
0.334281 0.149399 -0.160546
0.334106 0.149718 -0.161043
0.334040 0.149991 -0.161520
0.333974 0.150265 -0.161998
0.334018 0.150493 -0.162457
0.216651 0.130016 -0.052158
0.219579 0.129569 -0.053035
0.220102 0.129603 -0.053408
0.220131 0.129835 -0.053870
0.220283 0.130018 -0.054310
0.220312 0.130251 -0.054772
0.220465 0.130434 -0.055211
0.220493 0.130667 -0.055673
0.220646 0.130850 -0.056113
0.220551 0.131132 -0.056597
0.220580 0.131365 -0.057059
0.220609 0.131597 -0.057520
0.220761 0.131780 -0.057960
0.221037 0.131914 -0.058378
0.221066 0.132146 -0.058839
0.221218 0.132329 -0.059279
0.221370 0.132512 -0.059719
0.221276 0.132795 -0.060203
0.221428 0.132978 -0.060642
0.221086 0.133360 -0.061170
0.220991 0.133642 -0.061654
0.221144 0.133825 -0.062094
0.221049 0.134107 -0.062578
0.220583 0.134539 -0.063128
0.220241 0.134921 -0.063656
0.220270 0.135154 -0.064118
0.218693 0.136034 -0.064867
0.219092 0.136117 -0.065263
0.219121 0.136350 -0.065725
0.176190 0.154138 -0.074338
0.176603 0.154216 -0.074731
0.176886 0.154346 -0.075147
0.218574 0.157092 -0.105046
0.219097 0.157126 -0.105419
0.219991 0.157010 -0.105726
0.220514 0.157044 -0.106100
0.220790 0.157177 -0.106517
0.222730 0.157128 -0.107571
0.223129 0.157212 -0.107966
0.223776 0.157196 -0.108318
0.224299 0.157229 -0.108691
0.223532 0.160470 -0.114432
0.223932 0.160553 -0.114827
0.224084 0.160736 -0.115267
0.224113 0.160969 -0.115728
0.224265 0.161152 -0.116168
0.224418 0.161335 -0.116608
0.335351 0.139892 -0.141671
0.336267 0.139757 -0.141979
0.336747 0.139804 -0.142362
0.337009 0.139941 -0.142782
0.337270 0.140079 -0.143203
0.337313 0.140307 -0.143662
0.337575 0.140445 -0.144082
0.337509 0.140718 -0.144560
0.337443 0.140992 -0.145037
0.337486 0.141220 -0.145496
0.336656 0.141812 -0.146106
0.336590 0.142086 -0.146584
0.333816 0.144226 -0.148929
0.334733 0.144091 -0.149236
0.335431 0.144047 -0.149581
0.335801 0.144139 -0.149983
0.335954 0.144322 -0.150423
0.336215 0.144459 -0.150844
0.336368 0.144642 -0.151283
0.336411 0.144870 -0.151742
0.336563 0.145053 -0.152182
0.336497 0.145327 -0.152659
0.336431 0.145601 -0.153137
0.336365 0.145875 -0.153614
0.336190 0.146194 -0.154111
0.336015 0.146513 -0.154607
0.335404 0.147014 -0.155179
0.331888 0.148970 -0.156721
0.332914 0.148789 -0.157009
0.333503 0.148790 -0.157373
0.333873 0.148883 -0.157775
0.334135 0.149020 -0.158196
0.334287 0.149203 -0.158636
0.334439 0.149386 -0.159075
0.334592 0.149569 -0.159515
0.334635 0.149797 -0.159974
0.334351 0.150162 -0.160489
0.334285 0.150436 -0.160966
0.334110 0.150755 -0.161463
0.334262 0.150938 -0.161903
0.216584 0.130885 -0.052104
0.217230 0.130869 -0.052455
0.217506 0.131002 -0.052873
0.219911 0.130520 -0.053377
0.219940 0.130753 -0.053839
0.220216 0.130886 -0.054256
0.220369 0.131069 -0.054696
0.220397 0.131302 -0.055158
0.220426 0.131535 -0.055620
0.220331 0.131817 -0.056103
0.220113 0.132150 -0.056609
0.220018 0.132432 -0.057093
0.220294 0.132566 -0.057511
0.220694 0.132649 -0.057906
0.220846 0.132832 -0.058346
0.220751 0.133114 -0.058830
0.220780 0.133347 -0.059291
0.220809 0.133580 -0.059753
0.221085 0.133713 -0.060171
0.220743 0.134095 -0.060699
0.220772 0.134328 -0.061161
0.220801 0.134561 -0.061622
0.220953 0.134744 -0.062062
0.220735 0.135076 -0.062568
0.220270 0.135508 -0.063118
0.220298 0.135741 -0.063580
0.176067 0.154571 -0.073348
0.176089 0.154807 -0.073811
0.176372 0.154937 -0.074227
0.176655 0.155067 -0.074643
0.219157 0.157954 -0.105338
0.219927 0.157888 -0.105668
0.220450 0.157921 -0.106041
0.220973 0.157955 -0.106414
0.222789 0.157955 -0.107491
0.223312 0.157989 -0.107864
0.223835 0.158022 -0.108237
0.223810 0.160965 -0.113845
0.224086 0.161098 -0.114262
0.224362 0.161231 -0.114680
0.224268 0.161514 -0.115164
0.224420 0.161697 -0.115603
0.224572 0.161880 -0.116043
0.224848 0.162013 -0.116461
0.218812 0.167137 -0.122675
0.336185 0.140341 -0.141480
0.336774 0.140342 -0.141844
0.337254 0.140389 -0.142227
0.337515 0.140526 -0.142648
0.337558 0.140754 -0.143106
0.337711 0.140937 -0.143546
0.337754 0.141166 -0.144005
0.337688 0.141440 -0.144482
0.337513 0.141759 -0.144978
0.337011 0.142215 -0.145531
0.336726 0.142580 -0.146047
0.334542 0.144722 -0.148755
0.335240 0.144678 -0.149101
0.335829 0.144679 -0.149465
0.336090 0.144816 -0.149885
0.336352 0.144954 -0.150306
0.336504 0.145137 -0.150746
0.336547 0.145365 -0.151204
0.336700 0.145548 -0.151644
0.336852 0.145731 -0.152084
0.336677 0.146050 -0.152580
0.336611 0.146324 -0.153058
0.336327 0.146689 -0.153573
0.336152 0.147008 -0.154069
0.335540 0.147510 -0.154641
0.333094 0.149515 -0.156929
0.333683 0.149516 -0.157293
0.334163 0.149562 -0.157676
0.334424 0.149700 -0.158097
0.334577 0.149883 -0.158537
0.334620 0.150111 -0.158995
0.334772 0.150294 -0.159435
0.334597 0.150614 -0.159931
0.334531 0.150887 -0.160409
0.334247 0.151252 -0.160924
0.334399 0.151435 -0.161364
0.217287 0.131689 -0.052379
0.217687 0.131772 -0.052774
0.217839 0.131955 -0.053214
0.219750 0.131672 -0.053807
0.220149 0.131755 -0.054203
0.220178 0.131988 -0.054664
0.220083 0.132270 -0.055148
0.219989 0.132553 -0.055632
0.219770 0.132886 -0.056138
0.219923 0.133069 -0.056577
0.219828 0.133351 -0.057061
0.219733 0.133634 -0.057545
0.219915 0.134050 -0.058446
0.220067 0.134233 -0.058886
0.219812 0.135314 -0.060799
0.220335 0.135347 -0.061172
0.220240 0.135630 -0.061656
0.175836 0.155293 -0.072843
0.176119 0.155423 -0.073260
0.175749 0.155817 -0.073792
0.217677 0.158916 -0.104598
0.218571 0.158800 -0.104905
0.219217 0.158783 -0.105257
0.219987 0.158716 -0.105586
0.220634 0.158700 -0.105938
0.221033 0.158783 -0.106333
0.221432 0.158866 -0.106729
0.222202 0.158799 -0.107059
0.223096 0.158683 -0.107366
0.223619 0.158716 -0.107740
0.224212 0.161410 -0.113236
0.224611 0.161493 -0.113632
0.224640 0.161726 -0.114093
0.224422 0.162059 -0.114599
0.224574 0.162242 -0.115039
0.224727 0.162425 -0.115479
0.225003 0.162558 -0.115896
0.336103 0.140925 -0.140981
0.336801 0.140881 -0.141326
0.337390 0.140881 -0.141690
0.337651 0.141019 -0.142111
0.337803 0.141202 -0.142551
0.337847 0.141430 -0.143010
0.338108 0.141568 -0.143430
0.338042 0.141842 -0.143908
0.337758 0.142207 -0.144423
0.337147 0.142708 -0.144995
0.337081 0.142982 -0.145472
0.334351 0.145354 -0.148274
0.335158 0.145264 -0.148601
0.335747 0.145265 -0.148965
0.336117 0.145357 -0.149367
0.336488 0.145448 -0.149769
0.336750 0.145586 -0.150190
0.336793 0.145814 -0.150648
0.336836 0.146043 -0.151107
0.336988 0.146226 -0.151546
0.336923 0.146500 -0.152024
0.336748 0.146819 -0.152520
0.336573 0.147139 -0.153016
0.336507 0.147413 -0.153494
0.335568 0.148051 -0.154122
0.335720 0.148234 -0.154562
0.333274 0.150241 -0.156849
0.333972 0.150196 -0.157194
0.334343 0.150288 -0.157596
0.334605 0.150425 -0.158017
0.334757 0.150608 -0.158457
0.334909 0.150791 -0.158896
0.334843 0.151065 -0.159374
0.334778 0.151339 -0.159851
0.334603 0.151659 -0.160347
0.334537 0.151933 -0.160825
0.334471 0.152207 -0.161302
0.217344 0.132509 -0.052302
0.217744 0.132592 -0.052698
0.218020 0.132725 -0.053115
0.218543 0.132758 -0.053489
0.219436 0.132641 -0.053797
0.219835 0.132724 -0.054192
0.219864 0.132956 -0.054654
0.219646 0.133289 -0.055160
0.219551 0.133572 -0.055643
0.219580 0.133805 -0.056105
0.174778 0.155860 -0.071552
0.175061 0.155990 -0.071969
0.175605 0.156014 -0.072339
0.175888 0.156144 -0.072755
0.175649 0.156486 -0.073265
0.217709 0.159513 -0.104054
0.218108 0.159596 -0.104450
0.219001 0.159479 -0.104758
0.219524 0.159512 -0.105131
0.220171 0.159495 -0.105483
0.220694 0.159528 -0.105857
0.221216 0.159561 -0.106230
0.222756 0.159427 -0.106890
0.223402 0.159410 -0.107241
0.223720 0.161972 -0.112320
0.224613 0.161855 -0.112628
0.225013 0.161938 -0.113023
0.224918 0.162221 -0.113507
0.224577 0.162604 -0.114035
0.224482 0.162887 -0.114518
0.224511 0.163120 -0.114980
0.224910 0.163203 -0.115376
0.225186 0.163336 -0.115793
0.336609 0.141510 -0.140846
0.337416 0.141420 -0.141173
0.337787 0.141511 -0.141575
0.338048 0.141649 -0.141996
0.338201 0.141832 -0.142435
0.338353 0.142015 -0.142875
0.338396 0.142243 -0.143334
0.338112 0.142609 -0.143849
0.337719 0.143019 -0.144383
0.337326 0.143430 -0.144916
0.334967 0.145896 -0.148120
0.335665 0.145851 -0.148465
0.336254 0.145851 -0.148829
0.336625 0.145943 -0.149231
0.336886 0.146080 -0.149652
0.336929 0.146309 -0.150111
0.336973 0.146537 -0.150569
0.337234 0.146675 -0.150990
0.337277 0.146903 -0.151449
0.337321 0.147132 -0.151907
0.336818 0.147588 -0.152460
0.336643 0.147908 -0.152956
0.335814 0.148501 -0.153565
0.335857 0.148730 -0.154024
0.333564 0.150921 -0.156750
0.334153 0.150922 -0.157114
0.334633 0.150968 -0.157497
0.334894 0.151105 -0.157918
0.335046 0.151288 -0.158358
0.335090 0.151517 -0.158816
0.335242 0.151700 -0.159256
0.335176 0.151974 -0.159733
0.334783 0.152385 -0.160267
0.334935 0.152568 -0.160707
0.217430 0.133562 -0.052687
0.219369 0.133510 -0.053742
0.219769 0.133593 -0.054138
0.218539 0.160276 -0.104302
0.219309 0.160209 -0.104632
0.219832 0.160241 -0.105006
0.220478 0.160224 -0.105358
0.221248 0.160157 -0.105687
0.221770 0.160189 -0.106061
0.222046 0.160322 -0.106479
0.223063 0.160155 -0.106765
0.223709 0.160137 -0.107117
0.223998 0.162467 -0.111733
0.224891 0.162350 -0.112041
0.225044 0.162533 -0.112481
0.225073 0.162766 -0.112942
0.224978 0.163049 -0.113426
0.224636 0.163432 -0.113954
0.224542 0.163715 -0.114437
0.224941 0.163798 -0.114833
0.225217 0.163931 -0.115251
0.337225 0.142050 -0.140693
0.337923 0.142004 -0.141038
0.338293 0.142096 -0.141441
0.338555 0.142233 -0.141861
0.338598 0.142462 -0.142320
0.338532 0.142736 -0.142797
0.338576 0.142965 -0.143256
0.337855 0.143513 -0.143846
0.337899 0.143741 -0.144304
0.334558 0.146619 -0.147676
0.335584 0.146437 -0.147965
0.336281 0.146392 -0.148311
0.336652 0.146483 -0.148713
0.336913 0.146621 -0.149134
0.337175 0.146758 -0.149555
0.337218 0.146987 -0.150013
0.337261 0.147215 -0.150472
0.337523 0.147352 -0.150892
0.337457 0.147627 -0.151370
0.337391 0.147901 -0.151847
0.336889 0.148358 -0.152400
0.336496 0.148769 -0.152933
0.336103 0.149180 -0.153467
0.333636 0.151693 -0.156688
0.334442 0.151602 -0.157015
0.334922 0.151648 -0.157398
0.335074 0.151831 -0.157838
0.335336 0.151968 -0.158259
0.335488 0.152151 -0.158698
0.335422 0.152425 -0.159176
0.335138 0.152791 -0.159691
0.335073 0.153065 -0.160168
0.335334 0.153202 -0.160589
0.217707 0.161224 -0.103912
0.218600 0.161106 -0.104220
0.219493 0.160988 -0.104528
0.220139 0.160970 -0.104880
0.220785 0.160953 -0.105232
0.221431 0.160935 -0.105584
0.222476 0.161000 -0.106332
0.223493 0.160832 -0.106618
0.224276 0.162963 -0.111147
0.224799 0.162995 -0.111520
0.225075 0.163128 -0.111938
0.224980 0.163411 -0.112422
0.225009 0.163644 -0.112883
0.224914 0.163927 -0.113367
0.224573 0.164311 -0.113894
0.224725 0.164494 -0.114334
0.225125 0.164576 -0.114730
0.336816 0.142771 -0.140250
0.337950 0.142543 -0.140521
0.338429 0.142588 -0.140904
0.338800 0.142680 -0.141306
0.338952 0.142863 -0.141746
0.338886 0.143137 -0.142223
0.338930 0.143366 -0.142682
0.338319 0.143869 -0.143253
0.338253 0.144143 -0.143730
0.335284 0.147115 -0.147503
0.336091 0.147024 -0.147830
0.336679 0.147024 -0.148194
0.336941 0.147161 -0.148615
0.337202 0.147298 -0.149036
0.337464 0.147435 -0.149457
0.337398 0.147710 -0.149934
0.337659 0.147847 -0.150355
0.337593 0.148121 -0.150832
0.337528 0.148396 -0.151310
0.337135 0.148807 -0.151843
0.336742 0.149219 -0.152377
0.336240 0.149676 -0.152929
0.336174 0.149950 -0.153406
0.333707 0.152465 -0.156626
0.334514 0.152374 -0.156953
0.334993 0.152419 -0.157337
0.335364 0.152511 -0.157739
0.335516 0.152694 -0.158179
0.335778 0.152831 -0.158600
0.335712 0.153105 -0.159077
0.335428 0.153471 -0.159592
0.335580 0.153654 -0.160031
0.216259 0.161688 -0.102230
0.216802 0.161712 -0.102601
0.216955 0.161895 -0.103040
0.218508 0.161753 -0.103698
0.219030 0.161785 -0.104072
0.219677 0.161768 -0.104424
0.220446 0.161700 -0.104755
0.220969 0.161732 -0.105129
0.220998 0.161965 -0.105590
0.223908 0.163475 -0.110208
0.224307 0.163558 -0.110604
0.224830 0.163590 -0.110978
0.224982 0.163773 -0.111418
0.224888 0.164056 -0.111901
0.225040 0.164239 -0.112341
0.225069 0.164472 -0.112802
0.225098 0.164706 -0.113264
0.224263 0.165290 -0.113879
0.224785 0.165323 -0.114253
0.337431 0.143310 -0.140097
0.338347 0.143173 -0.140405
0.338827 0.143218 -0.140789
0.338979 0.143401 -0.141228
0.339131 0.143584 -0.141668
0.339175 0.143813 -0.142127
0.339109 0.144087 -0.142604
0.338607 0.144545 -0.143156
0.335791 0.147702 -0.147367
0.336598 0.147610 -0.147694
0.336968 0.147701 -0.148096
0.337339 0.147793 -0.148499
0.337491 0.147976 -0.148938
0.337534 0.148205 -0.149397
0.337796 0.148342 -0.149818
0.337839 0.148570 -0.150276
0.337773 0.148845 -0.150753
0.337598 0.149165 -0.151249
0.337097 0.149623 -0.151801
0.336704 0.150034 -0.152335
0.336420 0.150400 -0.152849
0.334585 0.153145 -0.156892
0.335283 0.153100 -0.157238
0.335544 0.153237 -0.157659
0.335915 0.153328 -0.158061
0.335958 0.153557 -0.158519
0.335783 0.153877 -0.159015
0.335827 0.154106 -0.159474
0.216262 0.162053 -0.101224
0.216936 0.162024 -0.101572
0.217342 0.162103 -0.101966
0.217494 0.162286 -0.102406
0.218017 0.162318 -0.102780
0.218663 0.162300 -0.103133
0.219062 0.162383 -0.103529
0.219708 0.162364 -0.103881
0.220231 0.162397 -0.104255
0.220753 0.162429 -0.104629
0.221029 0.162561 -0.105047
0.221181 0.162744 -0.105487
0.222923 0.164240 -0.109378
0.223692 0.164171 -0.109709
0.224215 0.164204 -0.110083
0.224367 0.164386 -0.110523
0.224766 0.164469 -0.110919
0.222821 0.165506 -0.111730
0.223097 0.165639 -0.112147
0.222262 0.166224 -0.112762
0.222908 0.166206 -0.113114
0.223184 0.166339 -0.113532
0.337720 0.143986 -0.140000
0.338635 0.143848 -0.140309
0.339006 0.143940 -0.140711
0.339376 0.144031 -0.141113
0.339419 0.144260 -0.141571
0.339463 0.144488 -0.142030
0.339397 0.144763 -0.142507
0.336298 0.148288 -0.147232
0.336996 0.148242 -0.147578
0.337366 0.148333 -0.147980
0.337736 0.148425 -0.148382
0.337780 0.148653 -0.148841
0.337932 0.148836 -0.149280
0.338084 0.149019 -0.149720
0.338128 0.149248 -0.150178
0.337844 0.149614 -0.150693
0.337560 0.149981 -0.151207
0.337058 0.150438 -0.151759
0.336993 0.150713 -0.152237
0.334766 0.153872 -0.156811
0.335354 0.153871 -0.157176
0.335725 0.153963 -0.157578
0.335986 0.154100 -0.157999
0.336030 0.154328 -0.158458
0.336073 0.154557 -0.158916
0.336116 0.154786 -0.159375
0.216548 0.162548 -0.100635
0.217222 0.162518 -0.100983
0.217744 0.162550 -0.101357
0.217897 0.162733 -0.101797
0.218666 0.162664 -0.102127
0.219435 0.162595 -0.102458
0.219711 0.162728 -0.102876
0.219986 0.162861 -0.103294
0.220386 0.162943 -0.103690
0.220785 0.163025 -0.104086
0.221060 0.163158 -0.104504
0.221336 0.163290 -0.104921
0.221612 0.163423 -0.105339
0.221641 0.163656 -0.105801
0.222403 0.164571 -0.107999
0.222802 0.164653 -0.108395
0.223078 0.164786 -0.108813
0.223353 0.164918 -0.109231
0.223136 0.165252 -0.109736
0.223288 0.165435 -0.110176
0.223440 0.165618 -0.110616
0.223099 0.166003 -0.111142
0.223128 0.166236 -0.111604
0.223034 0.166519 -0.112087
0.222939 0.166803 -0.112570
0.222968 0.167036 -0.113032
0.223244 0.167169 -0.113450
0.338117 0.144616 -0.139884
0.338814 0.144570 -0.140231
0.339294 0.144615 -0.140614
0.339555 0.144752 -0.141035
0.339599 0.144981 -0.141494
0.339969 0.145072 -0.141896
0.335889 0.149013 -0.146787
0.336805 0.148875 -0.147096
0.337393 0.148874 -0.147461
0.337764 0.148965 -0.147864
0.338025 0.149102 -0.148284
0.338069 0.149331 -0.148743
0.338221 0.149514 -0.149183
0.338373 0.149697 -0.149622
0.338199 0.150017 -0.150118
0.337806 0.150430 -0.150651
0.337631 0.150750 -0.151147
0.337347 0.151117 -0.151661
0.335317 0.154689 -0.157133
0.335796 0.154734 -0.157517
0.335949 0.154917 -0.157956
0.336101 0.155100 -0.158396
0.335599 0.155559 -0.158948
0.216703 0.163096 -0.100069
0.217377 0.163066 -0.100417
0.218023 0.163047 -0.100769
0.218422 0.163129 -0.101165
0.219068 0.163110 -0.101518
0.219960 0.162991 -0.101827
0.220482 0.163023 -0.102201
0.220512 0.163256 -0.102663
0.220787 0.163388 -0.103081
0.221186 0.163471 -0.103477
0.221339 0.163654 -0.103917
0.221491 0.163836 -0.104356
0.221643 0.164019 -0.104796
0.221919 0.164152 -0.105214
0.222071 0.164335 -0.105654
0.222100 0.164568 -0.106115
0.222253 0.164751 -0.106555
0.222405 0.164934 -0.106994
0.222804 0.165016 -0.107391
0.222957 0.165199 -0.107830
0.223232 0.165332 -0.108248
0.223385 0.165515 -0.108688
0.223290 0.165798 -0.109171
0.223319 0.166032 -0.109632
0.223472 0.166215 -0.110072
0.223377 0.166498 -0.110555
0.223283 0.166782 -0.111039
0.223189 0.167066 -0.111522
0.223095 0.167350 -0.112005
0.223000 0.167634 -0.112488
0.223029 0.167867 -0.112950
0.338078 0.145430 -0.139843
0.338994 0.145292 -0.140152
0.339364 0.145383 -0.140555
0.339625 0.145520 -0.140976
0.339669 0.145749 -0.141434
0.336287 0.149645 -0.146671
0.337094 0.149552 -0.146998
0.337791 0.149506 -0.147345
0.338053 0.149643 -0.147766
0.338314 0.149780 -0.148187
0.338357 0.150009 -0.148645
0.338401 0.150237 -0.149103
0.338553 0.150420 -0.149543
0.338378 0.150741 -0.150039
0.337986 0.151154 -0.150572
0.337811 0.151475 -0.151067
0.337746 0.151749 -0.151544
0.216033 0.163492 -0.098715
0.216706 0.163461 -0.099063
0.217119 0.163537 -0.099457
0.217656 0.163563 -0.099829
0.218425 0.163493 -0.100160
0.219070 0.163474 -0.100513
0.219593 0.163506 -0.100887
0.220238 0.163487 -0.101240
0.220637 0.163569 -0.101636
0.221160 0.163600 -0.102011
0.221312 0.163783 -0.102450
0.221588 0.163916 -0.102868
0.221863 0.164048 -0.103286
0.222016 0.164231 -0.103726
0.222045 0.164465 -0.104187
0.222074 0.164698 -0.104649
0.222226 0.164881 -0.105088
0.222625 0.164963 -0.105485
0.222654 0.165196 -0.105946
0.222807 0.165379 -0.106386
0.222959 0.165562 -0.106825
0.223235 0.165695 -0.107243
0.223264 0.165928 -0.107705
0.223416 0.166111 -0.108144
0.223445 0.166344 -0.108606
0.223351 0.166628 -0.109089
0.223503 0.166811 -0.109529
0.223532 0.167045 -0.109990
0.223438 0.167329 -0.110473
0.223221 0.167663 -0.110978
0.223126 0.167947 -0.111461
0.222909 0.168281 -0.111966
0.222814 0.168565 -0.112449
0.223090 0.168698 -0.112867
0.336576 0.150323 -0.146573
0.337383 0.150230 -0.146901
0.337971 0.150229 -0.147266
0.338341 0.150320 -0.147668
0.338494 0.150503 -0.148108
0.338537 0.150732 -0.148566
0.338581 0.150961 -0.149024
0.338624 0.151190 -0.149483
0.338340 0.151557 -0.149997
0.338166 0.151878 -0.150492
0.338209 0.152107 -0.150951
0.215384 0.164124 -0.097824
0.216449 0.163933 -0.098103
0.216992 0.163956 -0.098474
0.217535 0.163978 -0.098845
0.218058 0.164009 -0.099220
0.218703 0.163990 -0.099572
0.219472 0.163920 -0.099904
0.219994 0.163951 -0.100278
0.220517 0.163983 -0.100653
0.220916 0.164065 -0.101049
0.221314 0.164146 -0.101446
0.221590 0.164279 -0.101864
0.221866 0.164411 -0.102282
0.222141 0.164543 -0.102700
0.222417 0.164676 -0.103118
0.222693 0.164808 -0.103536
0.222845 0.164991 -0.103975
0.222751 0.165275 -0.104458
0.222903 0.165458 -0.104898
0.223179 0.165591 -0.105316
0.222961 0.165925 -0.105821
0.223360 0.166007 -0.106217
0.223390 0.166240 -0.106678
0.223295 0.166525 -0.107161
0.223448 0.166707 -0.107601
0.223600 0.166890 -0.108041
0.223629 0.167124 -0.108502
0.223535 0.167408 -0.108985
0.223564 0.167641 -0.109447
0.223470 0.167926 -0.109930
0.223252 0.168260 -0.110434
0.223158 0.168544 -0.110917
0.223187 0.168778 -0.111379
0.223093 0.169062 -0.111862
0.222875 0.169396 -0.112367
0.222781 0.169681 -0.112850
0.336756 0.151048 -0.146493
0.337781 0.150862 -0.146784
0.338260 0.150907 -0.147168
0.338630 0.150998 -0.147570
0.338783 0.151181 -0.148010
0.338826 0.151410 -0.148468
0.338760 0.151685 -0.148945
0.338695 0.151960 -0.149422
0.338629 0.152235 -0.149899
0.338564 0.152510 -0.150376
0.216604 0.164481 -0.097537
0.217148 0.164503 -0.097908
0.217691 0.164526 -0.098279
0.218982 0.164487 -0.098985
0.219874 0.164366 -0.099295
0.220396 0.164397 -0.099670
0.220672 0.164529 -0.100088
0.221194 0.164560 -0.100462
0.221593 0.164642 -0.100859
0.221745 0.164825 -0.101298
0.222021 0.164957 -0.101716
0.222419 0.165039 -0.102113
0.222695 0.165171 -0.102531
0.223094 0.165253 -0.102927
0.223370 0.165385 -0.103345
0.223522 0.165568 -0.103785
0.223551 0.165801 -0.104246
0.223704 0.165984 -0.104686
0.223733 0.166218 -0.105147
0.223638 0.166502 -0.105630
0.223914 0.166634 -0.106048
0.223820 0.166919 -0.106531
0.223726 0.167203 -0.107014
0.223755 0.167436 -0.107476
0.223784 0.167670 -0.107937
0.223690 0.167954 -0.108420
0.223596 0.168238 -0.108903
0.223501 0.168523 -0.109386
0.223407 0.168807 -0.109869
0.223313 0.169091 -0.110352
0.223219 0.169375 -0.110835
0.223248 0.169609 -0.111296
0.223031 0.169944 -0.111801
0.222936 0.170228 -0.112284
0.337154 0.151680 -0.146376
0.338070 0.151540 -0.146686
0.338549 0.151585 -0.147070
0.338919 0.151675 -0.147473
0.339071 0.151858 -0.147912
0.339006 0.152134 -0.148389
0.338940 0.152409 -0.148866
0.338875 0.152684 -0.149343
0.339027 0.152867 -0.149782
0.216912 0.165212 -0.097410
0.218738 0.164952 -0.098023
0.219507 0.164881 -0.098355
0.220152 0.164862 -0.098708
0.220797 0.164842 -0.099061
0.221196 0.164923 -0.099458
0.221595 0.165005 -0.099854
0.221871 0.165137 -0.100272
0.222146 0.165269 -0.100690
0.222299 0.165452 -0.101130
0.222697 0.165534 -0.101526
0.222973 0.165666 -0.101944
0.223249 0.165798 -0.102362
0.223524 0.165930 -0.102780
0.223677 0.166113 -0.103220
0.223952 0.166246 -0.103638
0.223981 0.166479 -0.104100
0.224134 0.166662 -0.104539
0.224286 0.166845 -0.104979
0.224438 0.167028 -0.105419
0.224591 0.167211 -0.105858
0.224620 0.167445 -0.106320
0.224403 0.167780 -0.106824
0.224308 0.168064 -0.107307
0.224461 0.168247 -0.107747
0.224120 0.168633 -0.108273
0.224026 0.168917 -0.108756
0.223809 0.169252 -0.109260
0.223838 0.169486 -0.109721
0.223497 0.169872 -0.110248
0.223403 0.170156 -0.110730
0.223309 0.170440 -0.111213
0.223092 0.170775 -0.111718
0.223121 0.171009 -0.112179
0.337226 0.152451 -0.146315
0.338249 0.152264 -0.146607
0.338729 0.152309 -0.146991
0.339099 0.152399 -0.147393
0.339142 0.152628 -0.147852
0.339077 0.152904 -0.148328
0.339120 0.153133 -0.148787
0.339273 0.153316 -0.149226
0.219292 0.165581 -0.097854
0.220307 0.165408 -0.098142
0.220952 0.165388 -0.098496
0.221474 0.165419 -0.098871
0.221873 0.165500 -0.099267
0.222272 0.165581 -0.099664
0.222547 0.165713 -0.100082
0.222946 0.165795 -0.100479
0.222975 0.166029 -0.100940
0.223251 0.166161 -0.101358
0.223403 0.166344 -0.101798
0.223679 0.166476 -0.102216
0.223831 0.166659 -0.102655
0.223984 0.166842 -0.103095
0.224136 0.167025 -0.103535
0.224288 0.167208 -0.103974
0.224564 0.167340 -0.104392
0.224593 0.167573 -0.104854
0.224992 0.167655 -0.105250
0.225144 0.167838 -0.105690
0.225173 0.168072 -0.106151
0.225079 0.168356 -0.106634
0.225108 0.168590 -0.107095
0.225138 0.168823 -0.107557
0.225044 0.169108 -0.108039
0.224580 0.169545 -0.108587
0.224486 0.169829 -0.109070
0.224515 0.170063 -0.109531
0.223928 0.170551 -0.110100
0.223834 0.170835 -0.110583
0.223740 0.171120 -0.111066
0.223523 0.171455 -0.111570
0.222531 0.172109 -0.112210
0.218321 0.174827 -0.114813
0.338320 0.153035 -0.146546
0.338800 0.153079 -0.146930
0.339061 0.153216 -0.147351
0.339104 0.153445 -0.147809
0.339039 0.153720 -0.148286
0.339300 0.153857 -0.148707
0.219846 0.166209 -0.097685
0.220984 0.165985 -0.097952
0.221629 0.165965 -0.098306
0.222028 0.166046 -0.098702
0.222426 0.166127 -0.099099
0.222825 0.166208 -0.099495
0.223101 0.166340 -0.099914
0.223500 0.166422 -0.100310
0.223775 0.166554 -0.100728
0.223927 0.166737 -0.101168
0.224080 0.166920 -0.101608
0.224232 0.167103 -0.102047
0.224261 0.167336 -0.102509
0.224414 0.167519 -0.102948
0.224443 0.167753 -0.103410
0.224595 0.167936 -0.103849
0.224871 0.168068 -0.104267
0.225023 0.168251 -0.104707
0.225176 0.168434 -0.105147
0.225328 0.168617 -0.105586
0.225357 0.168851 -0.106048
0.225386 0.169084 -0.106509
0.225416 0.169318 -0.106970
0.225445 0.169552 -0.107431
0.225351 0.169837 -0.107914
0.224887 0.170274 -0.108461
0.224916 0.170508 -0.108923
0.224945 0.170741 -0.109384
0.224605 0.171128 -0.109910
0.224141 0.171565 -0.110457
0.224171 0.171799 -0.110918
0.223830 0.172185 -0.111444
0.222578 0.172948 -0.112129
0.222600 0.173184 -0.112592
0.338435 0.154034 -0.146943
0.338696 0.154171 -0.147364
0.338522 0.154493 -0.147859
0.220523 0.166786 -0.097494
0.221537 0.166612 -0.097784
0.221936 0.166694 -0.098180
0.222458 0.166724 -0.098555
0.222857 0.166805 -0.098952
0.223255 0.166886 -0.099349
0.223531 0.167018 -0.099767
0.224053 0.167048 -0.100142
0.224205 0.167231 -0.100582
0.224481 0.167363 -0.101000
0.224633 0.167546 -0.101440
0.224785 0.167729 -0.101879
0.224815 0.167963 -0.102341
0.224844 0.168197 -0.102802
0.224873 0.168431 -0.103263
0.225025 0.168613 -0.103703
0.225301 0.168745 -0.104121
0.225330 0.168979 -0.104582
0.225359 0.169213 -0.105043
0.225389 0.169447 -0.105504
0.225418 0.169681 -0.105965
0.225447 0.169915 -0.106427
0.225599 0.170098 -0.106866
0.225629 0.170332 -0.107327
0.225288 0.170718 -0.107853
0.224948 0.171105 -0.108379
0.225100 0.171288 -0.108818
0.225130 0.171522 -0.109280
0.224912 0.171857 -0.109784
0.224449 0.172295 -0.110331
0.224478 0.172529 -0.110792
0.222864 0.173442 -0.111540
0.222886 0.173679 -0.112003
0.222518 0.174077 -0.112533
0.221759 0.174637 -0.113132
0.218526 0.176219 -0.114163
0.207723 0.169498 -0.093126
0.208526 0.169411 -0.093452
0.221598 0.167444 -0.097701
0.222243 0.167423 -0.098055
0.222642 0.167503 -0.098452
0.222917 0.167635 -0.098870
0.223439 0.167665 -0.099245
0.223961 0.167695 -0.099620
0.224360 0.167776 -0.100017
0.224635 0.167908 -0.100435
0.224788 0.168091 -0.100875
0.225063 0.168223 -0.101293
0.225215 0.168406 -0.101733
0.225245 0.168640 -0.102194
0.225274 0.168874 -0.102655
0.225426 0.169057 -0.103095
0.225702 0.169189 -0.103513
0.225854 0.169372 -0.103953
0.226007 0.169555 -0.104392
0.225789 0.169891 -0.104896
0.225819 0.170125 -0.105358
0.225725 0.170409 -0.105840
0.225754 0.170643 -0.106301
0.225660 0.170928 -0.106784
0.225197 0.171366 -0.107331
0.225226 0.171600 -0.107792
0.225255 0.171834 -0.108253
0.225161 0.172119 -0.108736
0.225067 0.172404 -0.109218
0.224850 0.172740 -0.109722
0.224756 0.173025 -0.110205
0.223410 0.173828 -0.110906
0.223172 0.174173 -0.111414
0.223324 0.174356 -0.111853
0.221914 0.175186 -0.112565
0.219593 0.176392 -0.113436
0.219746 0.176575 -0.113876
0.207620 0.170158 -0.092602
0.208293 0.170126 -0.092951
0.208706 0.170201 -0.093346
0.208598 0.170491 -0.093831
0.209010 0.170566 -0.094225
0.223225 0.168364 -0.098744
0.223869 0.168343 -0.099098
0.224391 0.168373 -0.099474
0.224667 0.168504 -0.099892
0.224942 0.168636 -0.100310
0.225218 0.168768 -0.100729
0.225247 0.169002 -0.101190
0.225399 0.169185 -0.101629
0.225428 0.169419 -0.102090
0.225581 0.169602 -0.102530
0.225856 0.169734 -0.102948
0.226132 0.169866 -0.103367
0.226284 0.170049 -0.103806
0.226313 0.170283 -0.104267
0.226220 0.170568 -0.104750
0.226249 0.170802 -0.105211
0.226278 0.171036 -0.105672
0.226061 0.171372 -0.106176
0.225475 0.171861 -0.106744
0.225504 0.172095 -0.107205
0.225656 0.172278 -0.107645
0.225809 0.172461 -0.108085
0.225469 0.172848 -0.108610
0.225375 0.173134 -0.109093
0.225158 0.173470 -0.109597
0.223435 0.174430 -0.110362
0.223718 0.174559 -0.110779
0.223740 0.174796 -0.111242
0.223502 0.175141 -0.111749
0.222223 0.175917 -0.112438
0.220162 0.177018 -0.113263
0.220054 0.177309 -0.113748
0.207256 0.170928 -0.092124
0.207929 0.170894 -0.092473
0.208472 0.170915 -0.092845
0.208755 0.171044 -0.093262
0.209037 0.171173 -0.093679
0.223010 0.169063 -0.098244
0.224024 0.168888 -0.098534
0.224423 0.168969 -0.098930
0.224821 0.169050 -0.099327
0.224973 0.169233 -0.099767
0.225249 0.169364 -0.100185
0.225401 0.169547 -0.100625
0.225431 0.169781 -0.101086
0.225583 0.169964 -0.101526
0.225735 0.170147 -0.101965
0.225888 0.170330 -0.102405
0.226163 0.170462 -0.102823
0.226439 0.170594 -0.103242
0.226468 0.170828 -0.103703
0.226497 0.171062 -0.104164
0.226526 0.171296 -0.104625
0.226556 0.171530 -0.105086
0.226462 0.171815 -0.105568
0.226491 0.172050 -0.106029
0.225659 0.172642 -0.106640
0.225811 0.172824 -0.107080
0.226087 0.172956 -0.107498
0.225993 0.173242 -0.107981
0.225776 0.173578 -0.108484
0.225559 0.173914 -0.108988
0.225342 0.174251 -0.109492
0.223873 0.175107 -0.110213
0.224156 0.175236 -0.110630
0.224178 0.175473 -0.111093
0.222899 0.176250 -0.111781
0.220058 0.177676 -0.112741
0.220601 0.177697 -0.113113
0.207284 0.171535 -0.091577
0.207956 0.171502 -0.091927
0.208369 0.171576 -0.092321
0.208782 0.171651 -0.092716
0.208804 0.171888 -0.093178
0.223933 0.169536 -0.098011
0.224577 0.169514 -0.098366
0.225099 0.169544 -0.098741
0.225251 0.169727 -0.099181
0.225403 0.169910 -0.099621
0.225556 0.170093 -0.100060
0.225708 0.170276 -0.100500
0.225737 0.170510 -0.100961
0.225890 0.170693 -0.101401
0.226042 0.170876 -0.101840
0.226195 0.171058 -0.102280
0.226347 0.171241 -0.102720
0.226376 0.171476 -0.103181
0.226529 0.171659 -0.103620
0.226558 0.171893 -0.104081
0.226710 0.172076 -0.104521
0.226617 0.172361 -0.105004
0.226769 0.172544 -0.105443
0.226552 0.172880 -0.105947
0.225966 0.173371 -0.106515
0.226242 0.173502 -0.106933
0.226271 0.173737 -0.107394
0.226054 0.174073 -0.107898
0.225837 0.174410 -0.108401
0.225620 0.174746 -0.108905
0.224159 0.175601 -0.109625
0.224441 0.175730 -0.110042
0.224594 0.175912 -0.110481
0.223965 0.176420 -0.111057
0.222817 0.177144 -0.111722
0.220757 0.178247 -0.112545
0.206638 0.172177 -0.090681
0.207571 0.172034 -0.090986
0.207984 0.172109 -0.091380
0.208266 0.172238 -0.091797
0.208679 0.172312 -0.092192
0.208961 0.172441 -0.092609
0.214168 0.171751 -0.094504
0.215231 0.171554 -0.094786
0.224486 0.170162 -0.097843
0.225130 0.170140 -0.098198
0.225529 0.170221 -0.098595
0.225681 0.170404 -0.099035
0.225833 0.170586 -0.099474
0.225863 0.170821 -0.099935
0.226015 0.171004 -0.100375
0.226044 0.171238 -0.100836
0.226320 0.171370 -0.101254
0.226472 0.171552 -0.101694
0.226378 0.171838 -0.102176
0.226408 0.172072 -0.102637
0.226683 0.172204 -0.103056
0.226589 0.172489 -0.103538
0.226742 0.172672 -0.103978
0.226648 0.172958 -0.104460
0.226677 0.173192 -0.104921
0.226338 0.173580 -0.105446
0.225998 0.173968 -0.105971
0.226273 0.174100 -0.106389
0.226426 0.174283 -0.106829
0.226209 0.174619 -0.107332
0.226115 0.174905 -0.107815
0.225775 0.175293 -0.108340
0.224574 0.176040 -0.109014
0.224727 0.176223 -0.109453
0.224749 0.176460 -0.109915
0.224381 0.176860 -0.110445
0.223102 0.177639 -0.111133
0.220523 0.178960 -0.112046
0.218724 0.179955 -0.112823
0.219007 0.180084 -0.113241
0.206796 0.172730 -0.090112
0.207598 0.172642 -0.090439
0.207881 0.172771 -0.090856
0.208293 0.172845 -0.091251
0.208576 0.172974 -0.091668
0.208728 0.173157 -0.092108
0.214324 0.172301 -0.093936
0.215257 0.172158 -0.094241
0.215930 0.172124 -0.094591
0.224916 0.170840 -0.097697
0.225437 0.170868 -0.098073
0.225835 0.170949 -0.098470
0.225865 0.171183 -0.098931
0.226140 0.171315 -0.099349
0.226170 0.171549 -0.099810
0.226322 0.171732 -0.100250
0.226474 0.171915 -0.100690
0.226627 0.172098 -0.101129
0.226902 0.172229 -0.101548
0.226562 0.172618 -0.102073
0.226838 0.172749 -0.102491
0.226867 0.172983 -0.102952
0.226650 0.173320 -0.103455
0.226680 0.173555 -0.103916
0.226463 0.173892 -0.104420
0.226000 0.174331 -0.104966
0.226153 0.174514 -0.105405
0.226305 0.174697 -0.105845
0.226335 0.174932 -0.106306
0.226241 0.175217 -0.106788
0.226147 0.175503 -0.107270
0.225931 0.175840 -0.107774
0.224470 0.176696 -0.108493
0.224752 0.176825 -0.108910
0.224774 0.177062 -0.109372
0.223886 0.177679 -0.109992
0.222868 0.178350 -0.110634
0.220549 0.179564 -0.111501
0.219271 0.180344 -0.112188
0.219553 0.180473 -0.112605
0.219316 0.180818 -0.113112
0.206693 0.173393 -0.089588
0.207495 0.173304 -0.089915
0.207908 0.173378 -0.090310
0.208320 0.173453 -0.090705
0.208733 0.173527 -0.091099
0.216216 0.172620 -0.094001
0.216888 0.172585 -0.094351
0.217561 0.172551 -0.094701
0.218103 0.172571 -0.095073
0.219036 0.172428 -0.095378
0.224086 0.171796 -0.097302
0.225223 0.171568 -0.097572
0.225744 0.171597 -0.097948
0.226019 0.171728 -0.098366
0.226049 0.171962 -0.098827
0.226201 0.172145 -0.099267
0.226353 0.172328 -0.099707
0.226629 0.172460 -0.100125
0.226781 0.172643 -0.100565
0.227057 0.172774 -0.100983
0.226963 0.173060 -0.101465
0.227115 0.173243 -0.101905
0.227145 0.173477 -0.102366
0.226928 0.173815 -0.102869
0.226957 0.174049 -0.103330
0.226495 0.174489 -0.103876
0.226278 0.174826 -0.104379
0.226308 0.175061 -0.104840
0.226460 0.175244 -0.105280
0.226366 0.175529 -0.105762
0.226273 0.175815 -0.106244
0.226056 0.176152 -0.106747
0.225963 0.176438 -0.107230
0.224625 0.177244 -0.107926
0.224907 0.177373 -0.108344
0.224800 0.177664 -0.108828
0.224302 0.178119 -0.109380
0.223024 0.178899 -0.110067
0.220575 0.180169 -0.110956
0.221118 0.180189 -0.111328
0.219840 0.180970 -0.112015
0.219862 0.181207 -0.112477
0.219104 0.181770 -0.113074
0.206720 0.174001 -0.089041
0.207393 0.173967 -0.089391
0.207935 0.173986 -0.089763
0.208218 0.174115 -0.090180
0.208760 0.174134 -0.090553
0.216242 0.173224 -0.093456
0.217044 0.173135 -0.093784
0.217717 0.173100 -0.094134
0.218259 0.173120 -0.094506
0.218932 0.173085 -0.094856
0.219734 0.172996 -0.095184
0.224118 0.172394 -0.096758
0.225008 0.172268 -0.097071
0.225530 0.172296 -0.097447
0.225928 0.172376 -0.097844
0.225957 0.172611 -0.098305
0.226233 0.172742 -0.098723
0.226385 0.172925 -0.099163
0.226414 0.173160 -0.099624
0.226690 0.173291 -0.100042
0.227088 0.173371 -0.100440
0.227117 0.173605 -0.100901
0.227147 0.173840 -0.101361
0.227299 0.174023 -0.101801
0.227206 0.174309 -0.102283
0.227112 0.174595 -0.102765
0.226773 0.174984 -0.103290
0.226433 0.175372 -0.103814
0.226586 0.175555 -0.104254
0.226615 0.175790 -0.104715
0.226521 0.176076 -0.105197
0.226428 0.176362 -0.105679
0.226211 0.176699 -0.106182
0.225995 0.177037 -0.106685
0.224780 0.177792 -0.107360
0.225193 0.177866 -0.107755
0.225215 0.178103 -0.108217
0.224588 0.178613 -0.108792
0.223570 0.179285 -0.109433
0.223202 0.179686 -0.109962
0.221274 0.180739 -0.110761
0.219996 0.181521 -0.111447
0.220149 0.181704 -0.111887
0.219131 0.182376 -0.112528
0.218113 0.183049 -0.113170
0.218136 0.183286 -0.113632
0.206205 0.174590 -0.088121
0.207008 0.174501 -0.088449
0.207550 0.174520 -0.088822
0.207702 0.174703 -0.089261
0.208245 0.174723 -0.089634
0.208657 0.174797 -0.090029
0.214273 0.174170 -0.092323
0.216810 0.173848 -0.093284
0.217613 0.173758 -0.093612
0.218827 0.173743 -0.094335
0.224150 0.172992 -0.096214
0.225040 0.172865 -0.096527
0.225561 0.172893 -0.096903
0.225837 0.173025 -0.097322
0.226112 0.173156 -0.097740
0.226141 0.173391 -0.098201
0.226294 0.173574 -0.098641
0.226323 0.173808 -0.099101
0.226598 0.173939 -0.099520
0.226997 0.174019 -0.099917
0.227026 0.174254 -0.100378
0.226933 0.174540 -0.100860
0.227208 0.174671 -0.101279
0.227237 0.174906 -0.101740
0.227021 0.175243 -0.102243
0.226682 0.175633 -0.102767
0.226465 0.175970 -0.103270
0.226617 0.176153 -0.103710
0.226893 0.176284 -0.104128
0.226676 0.176622 -0.104631
0.226583 0.176908 -0.105113
0.226489 0.177194 -0.105595
0.226273 0.177532 -0.106098
0.225196 0.178231 -0.106750
0.225218 0.178468 -0.107212
0.225501 0.178596 -0.107629
0.224743 0.179161 -0.108225
0.223985 0.179725 -0.108822
0.223098 0.180344 -0.109440
0.221300 0.181344 -0.110216
0.220023 0.182126 -0.110902
0.220435 0.182200 -0.111296
0.219808 0.182710 -0.111870
0.218920 0.183329 -0.112489
0.218813 0.183621 -0.112974
0.218835 0.183858 -0.113436
0.206493 0.175090 -0.087529
0.207165 0.175055 -0.087880
0.207578 0.175129 -0.088275
0.207860 0.175257 -0.088692
0.208142 0.175385 -0.089109
0.208554 0.175459 -0.089504
0.214560 0.174667 -0.091733
0.215102 0.174686 -0.092106
0.216836 0.174452 -0.092739
0.217509 0.174416 -0.093090
0.218311 0.174327 -0.093418
0.218853 0.174346 -0.093790
0.223936 0.173693 -0.095712
0.225072 0.173462 -0.095983
0.225593 0.173491 -0.096359
0.225868 0.173622 -0.096778
0.226144 0.173753 -0.097196
0.226296 0.173936 -0.097636
0.226202 0.174222 -0.098118
0.226355 0.174405 -0.098558
0.226507 0.174588 -0.098997
0.226782 0.174719 -0.099416
0.226935 0.174902 -0.099856
0.226841 0.175189 -0.100338
0.226994 0.175372 -0.100777
0.227023 0.175606 -0.101238
0.226807 0.175944 -0.101741
0.226345 0.176385 -0.102286
0.226497 0.176568 -0.102726
0.226649 0.176751 -0.103166
0.226925 0.176882 -0.103584
0.226708 0.177220 -0.104087
0.226615 0.177506 -0.104569
0.226644 0.177741 -0.105030
0.226182 0.178182 -0.105575
0.226335 0.178365 -0.106015
0.225114 0.179125 -0.106690
0.225396 0.179253 -0.107108
0.225289 0.179545 -0.107592
0.224271 0.180219 -0.108233
0.221067 0.182058 -0.109715
0.220179 0.182677 -0.110334
0.220462 0.182806 -0.110751
0.220614 0.182989 -0.111191
0.219207 0.183826 -0.111898
0.219099 0.184118 -0.112383
0.218992 0.184410 -0.112867
0.206131 0.175863 -0.087049
0.207063 0.175718 -0.087355
0.207605 0.175737 -0.087728
0.208017 0.175811 -0.088123
0.208170 0.175994 -0.088562
0.208712 0.176013 -0.088935
0.214456 0.175327 -0.091210
0.215128 0.175291 -0.091561
0.216863 0.175056 -0.092195
0.217535 0.175020 -0.092545
0.218207 0.174985 -0.092896
0.219009 0.174895 -0.093224
0.224091 0.174239 -0.095147
0.225104 0.174060 -0.095439
0.225625 0.174088 -0.095815
0.225900 0.174219 -0.096234
0.226052 0.174402 -0.096674
0.226328 0.174533 -0.097092
0.226357 0.174768 -0.097553
0.226387 0.175003 -0.098014
0.226662 0.175134 -0.098432
0.226814 0.175317 -0.098872
0.226967 0.175500 -0.099312
0.226873 0.175786 -0.099794
0.226903 0.176021 -0.100254
0.227055 0.176204 -0.100694
0.226716 0.176593 -0.101218
0.226254 0.177035 -0.101763
0.226529 0.177166 -0.102182
0.226804 0.177297 -0.102600
0.226834 0.177532 -0.103061
0.226495 0.177922 -0.103585
0.226401 0.178208 -0.104067
0.226431 0.178443 -0.104528
0.225969 0.178884 -0.105073
0.224597 0.179708 -0.105774
0.224879 0.179837 -0.106191
0.225162 0.179965 -0.106608
0.225054 0.180257 -0.107093
0.224037 0.180932 -0.107733
0.221071 0.182426 -0.108708
0.219404 0.183373 -0.109460
0.220466 0.183174 -0.109743
0.220618 0.183357 -0.110183
0.220771 0.183540 -0.110623
0.219884 0.184160 -0.111241
0.219386 0.184616 -0.111792
0.219149 0.184963 -0.112299
0.219041 0.185255 -0.112783
0.206831 0.176436 -0.086852
0.207503 0.176400 -0.087203
0.207785 0.176528 -0.087620
0.208197 0.176602 -0.088015
0.208739 0.176621 -0.088388
0.216889 0.175660 -0.091650
0.217561 0.175625 -0.092000
0.218233 0.175589 -0.092351
0.218775 0.175608 -0.092724
0.219577 0.175517 -0.093052
0.223878 0.174941 -0.094645
0.225013 0.174710 -0.094916
0.225657 0.174685 -0.095272
0.225932 0.174816 -0.095690
0.226084 0.174999 -0.096130
0.226359 0.175131 -0.096549
0.226512 0.175313 -0.096988
0.226418 0.175600 -0.097470
0.226571 0.175783 -0.097910
0.226969 0.175862 -0.098307
0.226998 0.176097 -0.098768
0.226905 0.176384 -0.099250
0.226935 0.176618 -0.099710
0.227087 0.176801 -0.100150
0.226625 0.177243 -0.100695
0.226409 0.177581 -0.101198
0.226684 0.177713 -0.101616
0.226714 0.177947 -0.102077
0.226743 0.178182 -0.102538
0.226527 0.178520 -0.103041
0.226311 0.178859 -0.103543
0.226217 0.179145 -0.104025
0.225878 0.179535 -0.104549
0.224882 0.180202 -0.105185
0.224775 0.180494 -0.105669
0.225057 0.180622 -0.106087
0.224430 0.181133 -0.106660
0.223933 0.181590 -0.107211
0.221357 0.182921 -0.108118
0.221639 0.183050 -0.108536
0.220233 0.183889 -0.109242
0.220645 0.183963 -0.109638
0.220667 0.184200 -0.110100
0.220040 0.184711 -0.110673
0.219803 0.185058 -0.111179
0.219046 0.185624 -0.111775
0.206598 0.177155 -0.086349
0.207400 0.177064 -0.086678
0.207812 0.177137 -0.087073
0.208095 0.177265 -0.087491
0.208637 0.177284 -0.087864
0.215051 0.176556 -0.090492
0.215723 0.176520 -0.090843
0.216785 0.176320 -0.091127
0.217587 0.176229 -0.091456
0.218129 0.176247 -0.091829
0.219473 0.176175 -0.092530
0.224033 0.175487 -0.094079
0.224799 0.175411 -0.094414
0.225443 0.175387 -0.094770
0.225841 0.175466 -0.095167
0.225993 0.175649 -0.095607
0.226268 0.175780 -0.096026
0.226298 0.176015 -0.096486
0.226327 0.176249 -0.096947
0.226480 0.176432 -0.097387
0.226878 0.176512 -0.097784
0.226907 0.176746 -0.098245
0.226937 0.176981 -0.098706
0.226966 0.177216 -0.099166
0.226996 0.177451 -0.099627
0.226289 0.177997 -0.100214
0.226564 0.178128 -0.100632
0.226839 0.178259 -0.101051
0.226868 0.178494 -0.101512
0.226775 0.178780 -0.101993
0.226682 0.179067 -0.102475
0.226466 0.179405 -0.102978
0.226372 0.179692 -0.103459
0.226033 0.180083 -0.103983
0.225940 0.180369 -0.104465
0.224671 0.181152 -0.105148
0.225083 0.181225 -0.105543
0.224456 0.181737 -0.106116
0.223959 0.182194 -0.106667
0.221513 0.183472 -0.107551
0.222055 0.183491 -0.107924
0.219870 0.184659 -0.108763
0.220412 0.184678 -0.109136
0.220564 0.184861 -0.109576
0.220067 0.185318 -0.110127
0.219440 0.185829 -0.110700
0.219333 0.186122 -0.111184
0.207168 0.177783 -0.086175
0.207710 0.177801 -0.086548
0.208122 0.177874 -0.086943
0.208664 0.177893 -0.087317
0.214948 0.177217 -0.089969
0.215490 0.177235 -0.090342
0.216552 0.177034 -0.090626
0.217353 0.176943 -0.090955
0.218025 0.176907 -0.091306
0.224310 0.175982 -0.093493
0.224831 0.176009 -0.093870
0.225229 0.176088 -0.094267
0.225504 0.176219 -0.094686
0.225779 0.176350 -0.095105
0.226055 0.176481 -0.095523
0.225961 0.176768 -0.096005
0.226114 0.176951 -0.096445
0.226266 0.177134 -0.096884
0.226664 0.177213 -0.097282
0.226694 0.177448 -0.097743
0.226723 0.177683 -0.098203
0.226876 0.177866 -0.098643
0.226660 0.178205 -0.099146
0.226321 0.178595 -0.099669
0.226350 0.178830 -0.100130
0.226625 0.178961 -0.100549
0.226778 0.179144 -0.100988
0.226685 0.179431 -0.101470
0.226591 0.179718 -0.101951
0.226498 0.180004 -0.102433
0.226282 0.180343 -0.102935
0.226189 0.180630 -0.103417
0.225973 0.180969 -0.103920
0.224437 0.181865 -0.104648
0.224979 0.181883 -0.105021
0.224612 0.182285 -0.105549
0.223855 0.182852 -0.106144
0.221280 0.184187 -0.107050
0.221952 0.184151 -0.107401
0.219637 0.185376 -0.108262
0.220179 0.185394 -0.108635
0.220071 0.185687 -0.109119
0.219445 0.186199 -0.109692
0.218818 0.186711 -0.110265
0.218970 0.186894 -0.110704
0.218993 0.187131 -0.111166
0.207089 0.178685 -0.086112
0.207890 0.178593 -0.086441
0.208432 0.178611 -0.086814
0.214173 0.177914 -0.089094
0.214715 0.177933 -0.089468
0.215646 0.177786 -0.089774
0.216318 0.177749 -0.090125
0.224343 0.176581 -0.092948
0.224986 0.176556 -0.093304
0.225261 0.176687 -0.093723
0.225536 0.176817 -0.094142
0.225689 0.177000 -0.094581
0.225841 0.177183 -0.095021
0.225993 0.177366 -0.095461
0.225900 0.177653 -0.095942
0.226175 0.177784 -0.096361
0.226328 0.177967 -0.096801
0.226603 0.178098 -0.097220
0.226510 0.178385 -0.097701
0.226785 0.178516 -0.098120
0.226446 0.178907 -0.098643
0.226230 0.179246 -0.099146
0.226383 0.179429 -0.099585
0.226535 0.179612 -0.100025
0.226442 0.179899 -0.100506
0.226594 0.180082 -0.100946
0.226624 0.180316 -0.101407
0.226285 0.180707 -0.101930
0.226069 0.181046 -0.102432
0.226098 0.181281 -0.102893
0.225739 0.181681 -0.103420
0.224073 0.182633 -0.104170
0.224615 0.182651 -0.104543
0.224638 0.182889 -0.105005
0.223491 0.183621 -0.105666
0.221177 0.184848 -0.106526
0.221978 0.184756 -0.106855
0.219404 0.186092 -0.107760
0.219686 0.186220 -0.108178
0.219449 0.186568 -0.108684
0.219342 0.186861 -0.109168
0.218196 0.187593 -0.109829
0.218478 0.187721 -0.110246
0.207811 0.179495 -0.086377
0.213940 0.178631 -0.088593
0.214612 0.178594 -0.088944
0.215543 0.178447 -0.089251
0.216345 0.178355 -0.089580
0.217688 0.178281 -0.090283
0.224375 0.177179 -0.092404
0.224895 0.177206 -0.092781
0.225293 0.177285 -0.093179
0.225568 0.177416 -0.093597
0.225844 0.177547 -0.094016
0.225873 0.177782 -0.094477
0.226026 0.177965 -0.094916
0.225810 0.178304 -0.095419
0.225962 0.178487 -0.095858
0.226114 0.178670 -0.096298
0.226390 0.178800 -0.096717
0.226542 0.178983 -0.097157
0.226572 0.179218 -0.097617
0.225987 0.179714 -0.098182
0.226140 0.179897 -0.098622
0.226169 0.180132 -0.099082
0.226322 0.180315 -0.099522
0.226229 0.180602 -0.100003
0.226135 0.180889 -0.100485
0.226288 0.181072 -0.100925
0.226072 0.181411 -0.101427
0.225719 0.181808 -0.101952
0.225742 0.182046 -0.102414
0.225764 0.182284 -0.102876
0.223969 0.183292 -0.103647
0.224381 0.183365 -0.104043
0.224404 0.183603 -0.104505
0.219431 0.186699 -0.107214
0.219713 0.186827 -0.107631
0.219476 0.187175 -0.108137
0.219369 0.187468 -0.108621
0.218612 0.188036 -0.109216
0.218505 0.188329 -0.109700
0.213578 0.179403 -0.088113
0.214509 0.179255 -0.088420
0.215440 0.179108 -0.088727
0.216241 0.179015 -0.089057
0.224162 0.177882 -0.091901
0.224805 0.177857 -0.092257
0.225203 0.177935 -0.092655
0.225478 0.178066 -0.093074
0.225753 0.178197 -0.093493
0.225783 0.178432 -0.093953
0.225935 0.178615 -0.094393
0.225842 0.178902 -0.094874
0.225994 0.179085 -0.095314
0.226269 0.179216 -0.095733
0.226299 0.179451 -0.096193
0.226574 0.179582 -0.096612
0.226726 0.179765 -0.097052
0.225897 0.180365 -0.097658
0.226172 0.180496 -0.098077
0.226202 0.180731 -0.098538
0.226354 0.180914 -0.098977
0.226138 0.181253 -0.099479
0.226045 0.181540 -0.099961
0.225829 0.181880 -0.100463
0.225722 0.182173 -0.100947
0.225485 0.182521 -0.101453
0.225378 0.182814 -0.101936
0.225530 0.182997 -0.102376
0.223865 0.183951 -0.103125
0.224277 0.184024 -0.103520
0.224040 0.184372 -0.104026
0.223544 0.184830 -0.104576
0.221490 0.185949 -0.105391
0.219458 0.187306 -0.106668
0.219870 0.187379 -0.107063
0.219633 0.187727 -0.107569
0.219656 0.187965 -0.108031
0.219289 0.188369 -0.108559
0.215077 0.179879 -0.088248
0.216138 0.179676 -0.088533
0.216810 0.179639 -0.088885
0.224194 0.178482 -0.091356
0.224837 0.178456 -0.091712
0.225112 0.178586 -0.092131
0.225510 0.178665 -0.092529
0.225662 0.178848 -0.092969
0.225815 0.179031 -0.093409
0.225845 0.179266 -0.093869
0.225751 0.179553 -0.094350
0.225904 0.179736 -0.094790
0.226179 0.179867 -0.095209
0.226331 0.180050 -0.095649
0.226484 0.180233 -0.096088
0.226636 0.180416 -0.096528
0.226052 0.180912 -0.097092
0.226082 0.181147 -0.097553
0.226234 0.181330 -0.097993
0.226387 0.181513 -0.098432
0.226416 0.181748 -0.098893
0.226078 0.182140 -0.099416
0.226107 0.182375 -0.099876
0.225618 0.182831 -0.100425
0.225511 0.183124 -0.100908
0.225533 0.183362 -0.101370
0.225426 0.183655 -0.101854
0.224021 0.184500 -0.102558
0.224433 0.184573 -0.102954
0.223937 0.185031 -0.103503
0.223311 0.185545 -0.104075
0.221516 0.186555 -0.104845
0.221928 0.186628 -0.105241
0.219615 0.187859 -0.106099
0.219897 0.187986 -0.106517
0.219790 0.188280 -0.107001
0.219812 0.188518 -0.107462
0.219705 0.188811 -0.107946
0.216035 0.180337 -0.088009
0.216706 0.180300 -0.088361
0.223338 0.179212 -0.090496
0.224227 0.179081 -0.090811
0.224624 0.179159 -0.091209
0.225022 0.179238 -0.091607
0.225297 0.179368 -0.092026
0.225327 0.179603 -0.092487
0.225479 0.179786 -0.092926
0.225509 0.180022 -0.093387
0.225538 0.180257 -0.093847
0.225691 0.180440 -0.094287
0.225966 0.180570 -0.094706
0.226118 0.180753 -0.095145
0.226393 0.180884 -0.095564
0.226300 0.181172 -0.096046
0.225839 0.181616 -0.096589
0.225992 0.181799 -0.097029
0.226144 0.181982 -0.097468
0.226296 0.182165 -0.097908
0.226203 0.182452 -0.098389
0.226110 0.182740 -0.098871
0.226010 0.183030 -0.099353
0.226033 0.183268 -0.099815
0.225666 0.183672 -0.100342
0.225559 0.183966 -0.100826
0.225322 0.184314 -0.101332
0.224047 0.185104 -0.102013
0.224459 0.185177 -0.102409
0.223833 0.185691 -0.102980
0.223077 0.186261 -0.103574
0.221284 0.187272 -0.104344
0.219100 0.188449 -0.105179
0.219642 0.188466 -0.105553
0.219924 0.188594 -0.105970
0.220077 0.188777 -0.106410
0.219840 0.189125 -0.106916
0.219733 0.189419 -0.107399
0.223248 0.179864 -0.089971
0.224136 0.179733 -0.090287
0.224657 0.179758 -0.090664
0.224932 0.179889 -0.091083
0.225207 0.180020 -0.091502
0.225236 0.180255 -0.091963
0.225389 0.180438 -0.092402
0.225296 0.180726 -0.092883
0.225448 0.180908 -0.093323
0.225601 0.181091 -0.093763
0.225753 0.181274 -0.094202
0.225905 0.181457 -0.094642
0.226180 0.181588 -0.095061
0.225965 0.181928 -0.095563
0.225749 0.182268 -0.096065
0.225902 0.182451 -0.096504
0.225931 0.182686 -0.096965
0.225961 0.182921 -0.097425
0.225991 0.183157 -0.097886
0.226266 0.183287 -0.098305
0.225906 0.183688 -0.098831
0.225799 0.183982 -0.099314
0.225562 0.184331 -0.099820
0.225455 0.184624 -0.100303
0.224181 0.185415 -0.100985
0.224203 0.185654 -0.101446
0.224485 0.185781 -0.101864
0.223470 0.186462 -0.102501
0.220509 0.187972 -0.103468
0.221181 0.187934 -0.103820
0.219128 0.189056 -0.104632
0.219410 0.189184 -0.105050
0.219692 0.189312 -0.105468
0.219974 0.189439 -0.105886
0.219607 0.189843 -0.106413
0.219630 0.190082 -0.106875
0.223526 0.180359 -0.089385
0.224169 0.180332 -0.089742
0.224567 0.180410 -0.090140
0.224842 0.180541 -0.090559
0.225117 0.180671 -0.090978
0.225269 0.180854 -0.091418
0.225421 0.181037 -0.091857
0.225328 0.181325 -0.092338
0.225358 0.181560 -0.092799
0.225511 0.181743 -0.093238
0.225663 0.181926 -0.093678
0.225815 0.182109 -0.094118
0.225968 0.182292 -0.094557
0.225997 0.182527 -0.095018
0.225537 0.182973 -0.095561
0.225559 0.183211 -0.096022
0.225712 0.183394 -0.096462
0.225734 0.183632 -0.096924
0.225627 0.183926 -0.097407
0.225909 0.184053 -0.097825
0.225802 0.184347 -0.098309
0.225436 0.184751 -0.098836
0.225329 0.185045 -0.099319
0.225092 0.185394 -0.099825
0.223558 0.186297 -0.100549
0.223970 0.186369 -0.100945
0.224512 0.186386 -0.101319
0.220536 0.188579 -0.102922
0.221207 0.188540 -0.103274
0.218789 0.190069 -0.104613
0.219330 0.190086 -0.104987
0.219612 0.190213 -0.105405
0.223429 0.181014 -0.088861
0.224202 0.180932 -0.089197
0.224599 0.181010 -0.089595
0.224874 0.181140 -0.090014
0.225027 0.181323 -0.090454
0.225056 0.181559 -0.090914
0.224963 0.181847 -0.091395
0.225116 0.182030 -0.091835
0.225268 0.182213 -0.092274
0.225543 0.182343 -0.092693
0.225818 0.182473 -0.093112
0.225725 0.182761 -0.093593
0.225878 0.182944 -0.094033
0.226030 0.183127 -0.094473
0.225433 0.183631 -0.095039
0.225455 0.183869 -0.095500
0.225608 0.184052 -0.095940
0.225630 0.184291 -0.096401
0.225653 0.184529 -0.096863
0.225416 0.184878 -0.097368
0.224791 0.185394 -0.097939
0.224813 0.185632 -0.098401
0.223021 0.186647 -0.099169
0.223432 0.186719 -0.099564
0.223455 0.186957 -0.100026
0.223867 0.187029 -0.100422
0.224019 0.187212 -0.100862
0.219633 0.189336 -0.102067
0.220304 0.189297 -0.102419
0.217367 0.191049 -0.103845
0.218427 0.190843 -0.104132
0.218709 0.190971 -0.104550
0.218861 0.191154 -0.104989
0.213245 0.183508 -0.085383
0.223989 0.181637 -0.088693
0.224387 0.181715 -0.089091
0.224784 0.181793 -0.089489
0.224937 0.181976 -0.089929
0.224844 0.182264 -0.090410
0.224874 0.182499 -0.090870
0.224781 0.182787 -0.091351
0.225056 0.182918 -0.091770
0.225331 0.183048 -0.092189
0.225483 0.183231 -0.092629
0.225635 0.183414 -0.093069
0.225788 0.183597 -0.093508
0.225818 0.183832 -0.093969
0.225458 0.184234 -0.094494
0.225222 0.184584 -0.095000
0.225633 0.184656 -0.095396
0.225527 0.184950 -0.095879
0.225549 0.185188 -0.096340
0.225313 0.185538 -0.096846
0.224687 0.186054 -0.097416
0.224840 0.186237 -0.097856
0.223306 0.187141 -0.098580
0.223588 0.187269 -0.098997
0.223611 0.187507 -0.099459
0.222597 0.188190 -0.100095
0.219790 0.189888 -0.101498
0.220590 0.189793 -0.101829
0.213272 0.184116 -0.084836
0.214073 0.184021 -0.085167
0.216085 0.183903 -0.086224
0.223397 0.182754 -0.088718
0.224327 0.182603 -0.089026
0.224479 0.182786 -0.089466
0.224631 0.182969 -0.089906
0.224654 0.183207 -0.090367
0.224547 0.183502 -0.090851
0.224829 0.183629 -0.091268
0.225111 0.183756 -0.091686
0.225264 0.183939 -0.092126
0.225286 0.184178 -0.092587
0.225439 0.184361 -0.093027
0.225332 0.184655 -0.093510
0.224836 0.185116 -0.094059
0.224859 0.185354 -0.094521
0.225270 0.185426 -0.094917
0.225293 0.185664 -0.095378
0.225186 0.185959 -0.095861
0.225079 0.186253 -0.096345
0.224973 0.186547 -0.096828
0.224736 0.186897 -0.097333
0.223592 0.187635 -0.097991
0.223485 0.187929 -0.098474
0.223508 0.188168 -0.098935
0.223401 0.188462 -0.099419
0.222128 0.189256 -0.100098
0.219428 0.190662 -0.101017
0.220358 0.190512 -0.101326
0.212629 0.184764 -0.083937
0.213429 0.184669 -0.084268
0.214100 0.184629 -0.084620
0.214641 0.184645 -0.084995
0.216242 0.184454 -0.085656
0.216783 0.184470 -0.086031
0.218125 0.184391 -0.086736
0.223056 0.183763 -0.088700
0.223598 0.183779 -0.089074
0.224009 0.183851 -0.089470
0.224162 0.184033 -0.089910
0.224055 0.184328 -0.090393
0.224596 0.184344 -0.090768
0.224878 0.184471 -0.091186
0.225160 0.184598 -0.091603
0.225053 0.184893 -0.092087
0.225076 0.185131 -0.092548
0.224969 0.185425 -0.093031
0.224084 0.186054 -0.093645
0.224237 0.186237 -0.094085
0.224519 0.186364 -0.094503
0.224801 0.186491 -0.094921
0.224564 0.186841 -0.095425
0.224587 0.187080 -0.095887
0.224739 0.187263 -0.096327
0.222971 0.188519 -0.097554
0.223382 0.188591 -0.097950
0.223534 0.188773 -0.098390
0.223039 0.189235 -0.098938
0.222154 0.189863 -0.099552
0.219067 0.191437 -0.100536
0.219997 0.191286 -0.100845
0.206254 0.186139 -0.080741
0.212397 0.185484 -0.083433
0.213327 0.185333 -0.083742
0.214127 0.185237 -0.084073
0.214798 0.185197 -0.084426
0.215339 0.185213 -0.084801
0.216139 0.185117 -0.085132
0.217069 0.184966 -0.085441
0.217610 0.184981 -0.085816
0.218281 0.184941 -0.086168
0.218952 0.184901 -0.086521
0.219363 0.184973 -0.086918
0.219904 0.184989 -0.087292
0.220445 0.185004 -0.087667
0.220598 0.185187 -0.088106
0.222846 0.184717 -0.088660
0.223517 0.184677 -0.089013
0.223799 0.184804 -0.089431
0.223822 0.185043 -0.089892
0.223844 0.185282 -0.090353
0.224256 0.185353 -0.090750
0.224279 0.185592 -0.091211
0.224301 0.185831 -0.091673
0.223676 0.186348 -0.092242
0.223440 0.186698 -0.092747
0.223722 0.186825 -0.093165
0.224004 0.186952 -0.093583
0.223897 0.187247 -0.094066
0.223920 0.187486 -0.094528
0.222647 0.188282 -0.095206
0.221656 0.189205 -0.096303
0.222067 0.189276 -0.096699
0.222608 0.189292 -0.097074
0.223279 0.189252 -0.097426
0.204660 0.186704 -0.079068
0.205460 0.186608 -0.079399
0.205871 0.186679 -0.079795
0.206412 0.186695 -0.080170
0.207083 0.186654 -0.080523
0.214414 0.185734 -0.083483
0.215084 0.185694 -0.083836
0.215496 0.185765 -0.084232
0.216426 0.185613 -0.084542
0.216967 0.185629 -0.084917
0.217767 0.185532 -0.085248
0.218308 0.185548 -0.085623
0.219108 0.185452 -0.085954
0.219778 0.185412 -0.086307
0.220319 0.185427 -0.086681
0.220601 0.185554 -0.087099
0.220883 0.185681 -0.087517
0.221165 0.185809 -0.087935
0.221188 0.186047 -0.088397
0.221470 0.186174 -0.088815
0.221622 0.186357 -0.089254
0.223352 0.186109 -0.089895
0.223764 0.186181 -0.090292
0.223916 0.186364 -0.090731
0.223939 0.186602 -0.091193
0.222796 0.187343 -0.091849
0.222818 0.187582 -0.092311
0.223360 0.187598 -0.092685
0.223512 0.187781 -0.093125
0.223664 0.187963 -0.093565
0.222003 0.188928 -0.094308
0.220753 0.189963 -0.095447
0.221812 0.189756 -0.095735
0.221965 0.189938 -0.096175
0.222376 0.190010 -0.096571
0.220715 0.190974 -0.097314
0.204666 0.187078 -0.078057
0.205336 0.187037 -0.078410
0.205877 0.187053 -0.078785
0.206548 0.187012 -0.079138
0.206830 0.187139 -0.079556
0.214959 0.186119 -0.082850
0.215912 0.186205 -0.083621
0.216841 0.186053 -0.083931
0.217512 0.186012 -0.084284
0.218053 0.186028 -0.084658
0.218594 0.186043 -0.085033
0.219005 0.186114 -0.085430
0.219805 0.186018 -0.085761
0.220476 0.185977 -0.086114
0.220887 0.186048 -0.086511
0.221039 0.186231 -0.086950
0.221321 0.186358 -0.087368
0.221603 0.186485 -0.087786
0.221626 0.186724 -0.088248
0.221778 0.186907 -0.088687
0.221801 0.187146 -0.089149
0.221436 0.187552 -0.089675
0.220940 0.188015 -0.090223
0.220963 0.188253 -0.090684
0.220856 0.188548 -0.091167
0.222997 0.188371 -0.092205
0.223279 0.188498 -0.092623
0.223043 0.188848 -0.093127
0.222159 0.189478 -0.093740
0.219850 0.190723 -0.094591
0.220780 0.190570 -0.094901
0.221321 0.190586 -0.095276
0.221755 0.190896 -0.096133
0.220871 0.191526 -0.096746
0.204954 0.187579 -0.077465
0.205624 0.187538 -0.077818
0.206165 0.187553 -0.078193
0.206576 0.187624 -0.078589
0.215116 0.186671 -0.082281
0.215916 0.186574 -0.082613
0.216457 0.186589 -0.082988
0.217127 0.186548 -0.083341
0.217798 0.186507 -0.083694
0.218468 0.186467 -0.084048
0.219139 0.186426 -0.084401
0.219679 0.186441 -0.084776
0.220220 0.186456 -0.085151
0.220632 0.186527 -0.085547
0.221043 0.186598 -0.085944
0.221325 0.186725 -0.086362
0.221477 0.186908 -0.086801
0.221759 0.187035 -0.087219
0.221782 0.187274 -0.087681
0.221934 0.187457 -0.088120
0.222087 0.187640 -0.088560
0.221980 0.187934 -0.089043
0.221615 0.188341 -0.089569
0.221249 0.188748 -0.090095
0.221142 0.189043 -0.090578
0.220906 0.189394 -0.091082
0.220022 0.190024 -0.091695
0.219268 0.190599 -0.092286
0.220678 0.191234 -0.094376
0.221089 0.191305 -0.094773
0.198257 0.188364 -0.072920
0.198798 0.188379 -0.073295
0.199339 0.188394 -0.073670
0.200009 0.188353 -0.074023
0.200420 0.188424 -0.074420
0.200831 0.188495 -0.074816
0.201372 0.188510 -0.075191
0.204983 0.188192 -0.076915
0.205912 0.188039 -0.077226
0.206323 0.188109 -0.077622
0.206864 0.188124 -0.077997
0.210863 0.187638 -0.079657
0.211663 0.187541 -0.079989
0.212074 0.187612 -0.080385
0.215273 0.187223 -0.081713
0.216073 0.187126 -0.082045
0.216614 0.187141 -0.082420
0.217284 0.187100 -0.082773
0.217954 0.187059 -0.083126
0.218625 0.187017 -0.083480
0.219295 0.186976 -0.083833
0.219965 0.186935 -0.084187
0.220506 0.186950 -0.084562
0.220917 0.187021 -0.084958
0.221199 0.187148 -0.085376
0.221481 0.187275 -0.085795
0.221633 0.187458 -0.086234
0.221786 0.187640 -0.086674
0.222197 0.187711 -0.087070
0.222090 0.188006 -0.087553
0.222243 0.188189 -0.087993
0.222266 0.188428 -0.088454
0.222030 0.188779 -0.088959
0.221923 0.189074 -0.089441
0.221817 0.189369 -0.089924
0.221192 0.189888 -0.090493
0.220179 0.190576 -0.091127
0.220461 0.190702 -0.091545
0.220095 0.191109 -0.092071
0.196337 0.188332 -0.069903
0.196878 0.188346 -0.070278
0.197160 0.188473 -0.070696
0.197700 0.188488 -0.071071
0.198112 0.188558 -0.071468
0.198523 0.188629 -0.071865
0.198934 0.188700 -0.072261
0.199345 0.188771 -0.072658
0.199627 0.188897 -0.073076
0.200038 0.188968 -0.073473
0.200709 0.188927 -0.073826
0.201120 0.188997 -0.074223
0.201661 0.189012 -0.074598
0.201943 0.189139 -0.075016
0.205682 0.188763 -0.076720
0.206352 0.188722 -0.077073
0.210739 0.188066 -0.078669
0.211409 0.188024 -0.079023
0.211820 0.188095 -0.079419
0.212361 0.188110 -0.079794
0.215430 0.187775 -0.081144
0.216230 0.187678 -0.081476
0.216900 0.187636 -0.081830
0.217441 0.187651 -0.082205
0.217593 0.187834 -0.082645
0.218910 0.187512 -0.082891
0.219581 0.187471 -0.083244
0.219992 0.187541 -0.083641
0.220662 0.187500 -0.083994
0.221203 0.187514 -0.084370
0.221485 0.187641 -0.084788
0.221767 0.187768 -0.085206
0.221919 0.187951 -0.085646
0.222071 0.188134 -0.086085
0.222224 0.188317 -0.086525
0.222376 0.188500 -0.086965
0.222528 0.188683 -0.087404
0.222422 0.188978 -0.087887
0.222315 0.189273 -0.088370
0.222209 0.189568 -0.088852
0.222491 0.189695 -0.089271
0.221607 0.190327 -0.089882
0.220206 0.191183 -0.090580
0.220488 0.191310 -0.090999
0.220770 0.191437 -0.091417
0.220145 0.191956 -0.091986
0.196885 0.188723 -0.069266
0.197167 0.188850 -0.069684
0.197448 0.188977 -0.070102
0.197989 0.188991 -0.070477
0.198400 0.189062 -0.070874
0.198682 0.189189 -0.071292
0.199093 0.189259 -0.071689
0.199375 0.189386 -0.072107
0.199786 0.189457 -0.072504
0.200198 0.189527 -0.072901
0.200738 0.189542 -0.073276
0.201150 0.189612 -0.073673
0.201561 0.189683 -0.074069
0.201843 0.189810 -0.074487
0.210614 0.188493 -0.077681
0.211155 0.188508 -0.078057
0.211696 0.188522 -0.078432
0.212107 0.188593 -0.078828
0.212259 0.188776 -0.079268
0.215716 0.188272 -0.080554
0.216516 0.188174 -0.080887
0.217057 0.188188 -0.081262
0.217468 0.188259 -0.081659
0.219866 0.187965 -0.082655
0.220536 0.187923 -0.083009
0.220948 0.187994 -0.083406
0.221359 0.188064 -0.083802
0.221641 0.188191 -0.084221
0.221923 0.188318 -0.084639
0.222204 0.188445 -0.085057
0.222357 0.188627 -0.085497
0.222509 0.188810 -0.085936
0.222661 0.188993 -0.086376
0.222684 0.189232 -0.086837
0.222707 0.189472 -0.087298
0.222730 0.189711 -0.087760
0.222494 0.190062 -0.088264
0.222517 0.190301 -0.088725
0.222411 0.190597 -0.089208
0.220492 0.191678 -0.089991
0.220645 0.191861 -0.090431
0.220926 0.191988 -0.090849
0.220432 0.192452 -0.091396
0.196938 0.189579 -0.069176
0.197478 0.189593 -0.069551
0.197890 0.189664 -0.069948
0.198301 0.189734 -0.070345
0.198712 0.189805 -0.070741
0.198994 0.189931 -0.071160
0.199405 0.190002 -0.071556
0.199816 0.190072 -0.071953
0.200098 0.190199 -0.072371
0.200639 0.190213 -0.072747
0.201179 0.190227 -0.073122
0.201461 0.190354 -0.073540
0.210102 0.189090 -0.076758
0.210901 0.188991 -0.077090
0.211442 0.189006 -0.077466
0.211983 0.189020 -0.077841
0.212264 0.189146 -0.078259
0.215462 0.188753 -0.079589
0.216261 0.188655 -0.079922
0.216802 0.188669 -0.080297
0.217213 0.188740 -0.080694
0.217495 0.188866 -0.081112
0.220023 0.188515 -0.082088
0.220822 0.188417 -0.082420
0.221363 0.188431 -0.082796
0.221644 0.188558 -0.083214
0.221926 0.188684 -0.083632
0.222208 0.188811 -0.084050
0.222490 0.188938 -0.084469
0.222642 0.189121 -0.084908
0.222794 0.189304 -0.085348
0.222817 0.189543 -0.085809
0.223099 0.189670 -0.086227
0.223122 0.189909 -0.086688
0.223275 0.190092 -0.087128
0.222650 0.190612 -0.087696
0.222415 0.190964 -0.088200
0.222567 0.191147 -0.088640
0.221684 0.191780 -0.089251
0.220801 0.192413 -0.089863
0.221083 0.192539 -0.090281
0.220847 0.192891 -0.090785
0.197813 0.190576 -0.069879
0.198095 0.190702 -0.070297
0.199458 0.190857 -0.071467
0.199610 0.191040 -0.071906
0.209849 0.189574 -0.075791
0.210907 0.189363 -0.076081
0.211447 0.189377 -0.076457
0.211729 0.189503 -0.076875
0.212140 0.189574 -0.077272
0.212422 0.189700 -0.077690
0.215748 0.189249 -0.078999
0.216677 0.189094 -0.079310
0.217218 0.189108 -0.079686
0.217499 0.189235 -0.080104
0.217522 0.189474 -0.080565
0.220179 0.189066 -0.081520
0.221237 0.188854 -0.081810
0.221648 0.188924 -0.082207
0.222059 0.188995 -0.082604
0.222341 0.189121 -0.083022
0.222623 0.189248 -0.083441
0.222646 0.189487 -0.083902
0.222927 0.189614 -0.084320
0.223209 0.189741 -0.084738
0.223103 0.190036 -0.085221
0.223126 0.190275 -0.085682
0.223408 0.190402 -0.086100
0.223560 0.190585 -0.086540
0.223324 0.190937 -0.087044
0.222830 0.191401 -0.087590
0.222464 0.191810 -0.088116
0.222617 0.191993 -0.088555
0.221087 0.192908 -0.089273
0.220981 0.193203 -0.089756
0.221133 0.193386 -0.090195
0.210936 0.189982 -0.075529
0.211606 0.189939 -0.075883
0.212017 0.190009 -0.076280
0.212170 0.190192 -0.076720
0.215754 0.189627 -0.077987
0.216553 0.189528 -0.078320
0.217094 0.189542 -0.078695
0.217376 0.189669 -0.079114
0.217657 0.189795 -0.079532
0.220207 0.189681 -0.080970
0.221394 0.189413 -0.081239
0.222064 0.189370 -0.081593
0.222346 0.189497 -0.082011
0.222628 0.189624 -0.082430
0.222909 0.189750 -0.082848
0.223062 0.189933 -0.083288
0.223085 0.190172 -0.083749
0.223366 0.190299 -0.084167
0.223519 0.190482 -0.084607
0.223412 0.190778 -0.085089
0.223565 0.190961 -0.085529
0.223588 0.191200 -0.085990
0.223870 0.191326 -0.086408
0.223246 0.191848 -0.086976
0.222751 0.192312 -0.087523
0.222645 0.192608 -0.088005
0.222539 0.192904 -0.088487
0.220880 0.193876 -0.089226
0.221162 0.194003 -0.089645
0.208158 0.190828 -0.073581
0.209216 0.190616 -0.073871
0.210167 0.190700 -0.074644
0.211096 0.190544 -0.074955
0.211377 0.190671 -0.075374
0.211788 0.190741 -0.075771
0.216301 0.190019 -0.077351
0.216970 0.189976 -0.077705
0.217511 0.189989 -0.078081
0.217792 0.190116 -0.078499
0.220859 0.189775 -0.079852
0.221529 0.189732 -0.080207
0.222069 0.189746 -0.080582
0.222480 0.189816 -0.080979
0.222762 0.189943 -0.081398
0.223043 0.190069 -0.081816
0.223196 0.190252 -0.082256
0.223219 0.190491 -0.082717
0.223500 0.190618 -0.083135
0.223524 0.190857 -0.083596
0.223676 0.191040 -0.084036
0.223699 0.191280 -0.084497
0.223722 0.191519 -0.084958
0.223745 0.191758 -0.085419
0.223897 0.191941 -0.085858
0.223532 0.192350 -0.086383
0.223168 0.192759 -0.086908
0.222673 0.193224 -0.087455
0.222567 0.193520 -0.087937
0.221297 0.194323 -0.088612
0.221449 0.194506 -0.089051
0.221343 0.194802 -0.089534
0.209634 0.191066 -0.073255
0.210303 0.191023 -0.073609
0.210714 0.191093 -0.074006
0.216436 0.190340 -0.076317
0.217105 0.190297 -0.076672
0.217387 0.190423 -0.077090
0.217798 0.190493 -0.077487
0.218080 0.190620 -0.077906
0.221534 0.190108 -0.079196
0.222074 0.190122 -0.079571
0.222485 0.190192 -0.079968
0.222766 0.190318 -0.080387
0.223048 0.190445 -0.080805
0.223201 0.190627 -0.081245
0.223611 0.190697 -0.081642
0.223764 0.190880 -0.082082
0.223916 0.191063 -0.082521
0.224069 0.191246 -0.082961
0.224092 0.191486 -0.083422
0.224244 0.191669 -0.083862
0.224138 0.191965 -0.084344
0.224032 0.192261 -0.084826
0.223796 0.192613 -0.085330
0.223690 0.192909 -0.085812
0.223713 0.193148 -0.086273
0.222702 0.193840 -0.086904
0.221949 0.194418 -0.087493
0.221584 0.194827 -0.088018
0.221736 0.195010 -0.088458
0.221759 0.195249 -0.088919
0.209793 0.191629 -0.072681
0.210592 0.191529 -0.073014
0.211261 0.191486 -0.073369
0.211672 0.191556 -0.073766
0.216594 0.190900 -0.075745
0.217263 0.190857 -0.076099
0.217803 0.190870 -0.076475
0.218085 0.190997 -0.076894
0.221280 0.190597 -0.078227
0.221949 0.190554 -0.078582
0.222748 0.190454 -0.078915
0.223030 0.190580 -0.079334
0.223311 0.190707 -0.079752
0.223464 0.190890 -0.080192
0.223616 0.191073 -0.080631
0.223898 0.191199 -0.081050
0.224179 0.191325 -0.081468
0.224203 0.191565 -0.081929
0.224484 0.191691 -0.082348
0.224378 0.191987 -0.082830
0.224530 0.192170 -0.083269
0.224553 0.192410 -0.083730
0.224577 0.192649 -0.084191
0.223953 0.193172 -0.084759
0.223718 0.193524 -0.085262
0.223870 0.193707 -0.085702
0.222601 0.194512 -0.086375
0.222624 0.194752 -0.086836
0.221742 0.195387 -0.087446
0.221765 0.195627 -0.087907
0.221917 0.195810 -0.088347
0.209085 0.191574 -0.070391
0.209237 0.191757 -0.070831
0.209648 0.191827 -0.071228
0.210059 0.191896 -0.071625
0.210211 0.192079 -0.072065
0.210751 0.192092 -0.072441
0.211420 0.192049 -0.072795
0.211961 0.192062 -0.073171
0.215824 0.191618 -0.074860
0.216623 0.191517 -0.075194
0.217292 0.191474 -0.075548
0.217961 0.191430 -0.075903
0.218502 0.191444 -0.076279
0.221437 0.191156 -0.077656
0.222107 0.191113 -0.078011
0.222776 0.191069 -0.078365
0.223316 0.191082 -0.078741
0.223727 0.191152 -0.079139
0.224009 0.191278 -0.079557
0.224032 0.191518 -0.080018
0.224313 0.191644 -0.080436
0.224466 0.191827 -0.080876
0.224489 0.192067 -0.081337
0.224641 0.192249 -0.081777
0.224664 0.192489 -0.082237
0.224687 0.192729 -0.082698
0.224840 0.192912 -0.083138
0.224863 0.193151 -0.083599
0.224369 0.193617 -0.084145
0.223875 0.194083 -0.084691
0.224028 0.194266 -0.085130
0.222758 0.195072 -0.085804
0.222652 0.195368 -0.086286
0.222158 0.195834 -0.086832
0.208505 0.191462 -0.068079
0.208787 0.191588 -0.068498
0.209069 0.191714 -0.068916
0.209479 0.191784 -0.069314
0.209890 0.191854 -0.069711
0.210172 0.191980 -0.070129
0.210195 0.192220 -0.070590
0.210476 0.192346 -0.071009
0.210887 0.192415 -0.071406
0.211169 0.192542 -0.071825
0.211990 0.192681 -0.072619
0.216241 0.192065 -0.074245
0.216652 0.192135 -0.074643
0.217450 0.192034 -0.074976
0.217990 0.192047 -0.075352
0.218401 0.192117 -0.075750
0.221466 0.191772 -0.077106
0.222264 0.191671 -0.077439
0.222933 0.191627 -0.077794
0.223473 0.191640 -0.078170
0.223884 0.191710 -0.078568
0.224295 0.191780 -0.078965
0.224576 0.191906 -0.079383
0.224729 0.192089 -0.079823
0.224752 0.192328 -0.080284
0.225033 0.192455 -0.080702
0.224927 0.192751 -0.081184
0.224951 0.192991 -0.081645
0.225103 0.193173 -0.082085
0.224997 0.193470 -0.082567
0.225020 0.193709 -0.083028
0.224785 0.194062 -0.083531
0.224162 0.194585 -0.084098
0.224056 0.194882 -0.084580
0.223433 0.195405 -0.085147
0.222810 0.195928 -0.085714
0.222704 0.196224 -0.086196
0.222081 0.196747 -0.086763
0.208314 0.191180 -0.065704
0.209006 0.191376 -0.066520
0.209288 0.191502 -0.066939
0.209440 0.191685 -0.067379
0.209721 0.191811 -0.067797
0.210003 0.191937 -0.068216
0.210026 0.192177 -0.068676
0.210437 0.192246 -0.069074
0.210719 0.192372 -0.069492
0.210871 0.192555 -0.069932
0.211023 0.192738 -0.070372
0.211176 0.192921 -0.070811
0.211586 0.192991 -0.071209
0.211997 0.193060 -0.071606
0.216270 0.192683 -0.073694
0.217456 0.192412 -0.073964
0.217608 0.192595 -0.074404
0.217761 0.192778 -0.074844
0.218301 0.192790 -0.075220
0.222421 0.192230 -0.076868
0.223349 0.192072 -0.077181
0.223759 0.192142 -0.077578
0.224041 0.192268 -0.077997
0.224323 0.192394 -0.078415
0.224604 0.192520 -0.078834
0.225015 0.192590 -0.079231
0.225038 0.192830 -0.079692
0.225190 0.193013 -0.080132
0.225214 0.193252 -0.080592
0.224978 0.193605 -0.081096
0.225131 0.193788 -0.081535
0.225154 0.194028 -0.081996
0.225177 0.194268 -0.082457
0.225071 0.194564 -0.082939
0.224707 0.194974 -0.083463
0.224472 0.195327 -0.083966
0.223332 0.196077 -0.084618
0.223226 0.196374 -0.085100
0.223249 0.196614 -0.085561
0.221981 0.197421 -0.086233
0.208228 0.190601 -0.062848
0.208897 0.190557 -0.063203
0.208533 0.190967 -0.063727
0.209331 0.190866 -0.064061
0.208837 0.191333 -0.064606
0.209377 0.191345 -0.064983
0.209659 0.191472 -0.065401
0.209682 0.191711 -0.065862
0.209963 0.191838 -0.066281
0.210245 0.191964 -0.066699
0.210397 0.192147 -0.067139
0.210421 0.192386 -0.067600
0.210573 0.192569 -0.068039
0.210725 0.192752 -0.068479
0.211007 0.192878 -0.068898
0.211288 0.193004 -0.069316
0.211441 0.193187 -0.069756
0.211464 0.193427 -0.070217
0.211745 0.193553 -0.070635
0.212156 0.193623 -0.071033
0.216687 0.193130 -0.073079
0.217614 0.192972 -0.073392
0.217896 0.193098 -0.073811
0.222943 0.192378 -0.075773
0.223612 0.192334 -0.076128
0.224022 0.192404 -0.076525
0.224304 0.192530 -0.076944
0.224585 0.192656 -0.077362
0.224738 0.192839 -0.077802
0.224890 0.193022 -0.078242
0.225043 0.193205 -0.078681
0.225195 0.193388 -0.079121
0.225218 0.193627 -0.079582
0.225370 0.193810 -0.080022
0.225135 0.194164 -0.080525
0.225288 0.194347 -0.080964
0.225440 0.194529 -0.081404
0.225463 0.194769 -0.081865
0.225616 0.194952 -0.082304
0.225122 0.195419 -0.082850
0.225016 0.195716 -0.083332
0.222586 0.197034 -0.084194
0.223384 0.196933 -0.084528
0.223407 0.197173 -0.084989
0.209033 0.190880 -0.062169
0.209443 0.190949 -0.062566
0.209467 0.191189 -0.063027
0.209490 0.191429 -0.063488
0.209901 0.191498 -0.063885
0.209795 0.191794 -0.064367
0.210076 0.191921 -0.064786
0.210229 0.192103 -0.065225
0.210123 0.192400 -0.065707
0.210533 0.192469 -0.066105
0.210686 0.192652 -0.066544
0.210580 0.192949 -0.067026
0.210732 0.193132 -0.067466
0.210885 0.193315 -0.067906
0.211166 0.193441 -0.068324
0.211318 0.193624 -0.068764
0.211471 0.193807 -0.069203
0.211494 0.194047 -0.069664
0.211517 0.194286 -0.070125
0.211928 0.194356 -0.070523
0.217643 0.193589 -0.072841
0.218312 0.193545 -0.073196
0.222302 0.193038 -0.074867
0.223358 0.192823 -0.075159
0.223898 0.192836 -0.075536
0.224308 0.192905 -0.075933
0.224719 0.192974 -0.076331
0.225001 0.193100 -0.076749
0.225282 0.193226 -0.077168
0.225305 0.193466 -0.077629
0.225329 0.193706 -0.078089
0.225352 0.193946 -0.078550
0.225504 0.194128 -0.078990
0.225398 0.194425 -0.079472
0.225292 0.194722 -0.079954
0.225445 0.194905 -0.080393
0.225597 0.195088 -0.080833
0.225620 0.195327 -0.081294
0.225773 0.195510 -0.081733
0.225667 0.195807 -0.082215
0.225432 0.196161 -0.082718
0.222098 0.197879 -0.083727
0.223025 0.197720 -0.084041
0.223565 0.197733 -0.084417
0.208546 0.191727 -0.061700
0.209344 0.191625 -0.062035
0.209497 0.191808 -0.062474
0.209649 0.191991 -0.062914
0.209801 0.192174 -0.063354
0.209954 0.192357 -0.063793
0.210106 0.192540 -0.064233
0.210129 0.192780 -0.064694
0.210411 0.192906 -0.065113
0.210434 0.193146 -0.065573
0.210457 0.193386 -0.066034
0.210481 0.193625 -0.066495
0.210633 0.193808 -0.066934
0.210785 0.193991 -0.067374
0.210938 0.194174 -0.067814
0.211219 0.194300 -0.068232
0.217086 0.193715 -0.070992
0.217496 0.193784 -0.071389
0.217907 0.193853 -0.071787
0.218188 0.193979 -0.072205
0.218341 0.194162 -0.072645
0.223644 0.193325 -0.074567
0.224313 0.193280 -0.074923
0.224595 0.193406 -0.075341
0.224876 0.193532 -0.075760
0.225157 0.193658 -0.076179
0.225439 0.193784 -0.076597
0.225591 0.193967 -0.077037
0.225744 0.194150 -0.077477
0.225896 0.194333 -0.077916
0.225661 0.194686 -0.078419
0.225684 0.194926 -0.078880
0.225449 0.195280 -0.079383
0.225344 0.195577 -0.079864
0.225496 0.195760 -0.080304
0.225390 0.196056 -0.080786
0.225672 0.196182 -0.081205
0.225437 0.196536 -0.081707
0.223782 0.197516 -0.082442
0.209163 0.192839 -0.062446
0.209315 0.193022 -0.062885
0.209468 0.193204 -0.063325
0.209878 0.193273 -0.063723
0.209772 0.193570 -0.064204
0.210054 0.193696 -0.064623
0.210077 0.193936 -0.065084
0.210100 0.194176 -0.065544
0.210253 0.194359 -0.065984
0.210018 0.194713 -0.066487
0.216998 0.193133 -0.068137
0.217432 0.193442 -0.068995
0.217326 0.193739 -0.069477
0.217866 0.193751 -0.069854
0.218147 0.193877 -0.070272
0.218171 0.194116 -0.070733
0.218452 0.194242 -0.071152
0.218734 0.194368 -0.071570
0.218757 0.194608 -0.072031
0.224318 0.193655 -0.073912
0.224728 0.193724 -0.074310
0.225010 0.193850 -0.074728
0.225291 0.193976 -0.075147
0.225443 0.194159 -0.075587
0.225596 0.194342 -0.076026
0.225748 0.194525 -0.076466
0.225901 0.194708 -0.076906
0.225924 0.194947 -0.077367
0.225947 0.195187 -0.077827
0.225970 0.195427 -0.078288
0.225865 0.195724 -0.078770
0.225243 0.196249 -0.079335
0.225008 0.196603 -0.079838
0.224386 0.197128 -0.080404
0.224022 0.197538 -0.080928
0.224174 0.197721 -0.081368
0.224456 0.197847 -0.081786
0.209286 0.194418 -0.063736
0.217368 0.193099 -0.066601
0.217520 0.193282 -0.067041
0.218060 0.193294 -0.067418
0.218083 0.193534 -0.067878
0.218235 0.193717 -0.068318
0.218517 0.193843 -0.068737
0.218540 0.194083 -0.069197
0.218822 0.194209 -0.069616
0.218845 0.194449 -0.070077
0.218739 0.194746 -0.070559
0.219021 0.194871 -0.070977
0.219044 0.195111 -0.071438
0.224451 0.193973 -0.072881
0.224733 0.194099 -0.073299
0.225401 0.194054 -0.073655
0.225554 0.194237 -0.074095
0.225706 0.194419 -0.074534
0.225987 0.194545 -0.074953
0.226011 0.194785 -0.075414
0.226034 0.195025 -0.075874
0.226057 0.195265 -0.076335
0.225823 0.195619 -0.076838
0.225846 0.195859 -0.077298
0.225869 0.196099 -0.077759
0.225893 0.196339 -0.078220
0.225787 0.196636 -0.078701
0.225294 0.197104 -0.079246
0.223898 0.197972 -0.079938
0.223921 0.198212 -0.080398
0.223945 0.198452 -0.080859
0.224226 0.198578 -0.081278
0.217561 0.192642 -0.064166
0.218230 0.192597 -0.064522
0.217995 0.192951 -0.065024
0.218406 0.193019 -0.065422
0.218300 0.193317 -0.065904
0.218452 0.193500 -0.066343
0.218734 0.193625 -0.066762
0.218886 0.193808 -0.067202
0.218909 0.194048 -0.067662
0.218933 0.194288 -0.068123
0.218956 0.194528 -0.068584
0.219366 0.194597 -0.068981
0.219390 0.194837 -0.069442
0.219413 0.195077 -0.069903
0.219179 0.195431 -0.070405
0.225382 0.194188 -0.072184
0.225664 0.194314 -0.072603
0.225687 0.194554 -0.073063
0.226097 0.194623 -0.073461
0.226121 0.194863 -0.073922
0.226402 0.194989 -0.074341
0.226296 0.195286 -0.074822
0.226449 0.195469 -0.075262
0.226472 0.195709 -0.075723
0.225980 0.196177 -0.076267
0.225874 0.196474 -0.076749
0.225510 0.196886 -0.077272
0.225405 0.197183 -0.077754
0.225557 0.197366 -0.078193
0.225451 0.197663 -0.078675
0.217649 0.192481 -0.062212
0.218188 0.192493 -0.062589
0.218599 0.192562 -0.062987
0.218622 0.192802 -0.063448
0.218774 0.192985 -0.063887
0.218798 0.193225 -0.064348
0.218950 0.193408 -0.064787
0.219103 0.193591 -0.065227
0.218997 0.193888 -0.065709
0.219149 0.194071 -0.066148
0.219173 0.194311 -0.066609
0.219196 0.194551 -0.067070
0.219349 0.194734 -0.067509
0.219372 0.194974 -0.067970
0.219524 0.195157 -0.068410
0.219677 0.195340 -0.068849
0.219700 0.195580 -0.069310
0.224871 0.194792 -0.071258
0.225797 0.194632 -0.071572
0.226207 0.194700 -0.071970
0.226489 0.194826 -0.072388
0.226383 0.195123 -0.072870
0.226406 0.195363 -0.073330
0.226688 0.195489 -0.073749
0.226840 0.195672 -0.074189
0.226606 0.196026 -0.074691
0.226500 0.196324 -0.075173
0.226136 0.196735 -0.075696
0.225902 0.197090 -0.076199
0.225538 0.197501 -0.076722
0.225046 0.197970 -0.077266
0.224682 0.198381 -0.077790
0.217936 0.192984 -0.061619
0.218604 0.192938 -0.061976
0.218885 0.193064 -0.062394
0.219167 0.193189 -0.062813
0.219319 0.193372 -0.063253
0.219213 0.193670 -0.063734
0.219237 0.193910 -0.064195
0.219389 0.194093 -0.064635
0.219413 0.194333 -0.065095
0.219307 0.194630 -0.065577
0.219330 0.194870 -0.066037
0.219354 0.195111 -0.066498
0.219377 0.195351 -0.066958
0.219401 0.195591 -0.067419
0.219553 0.195774 -0.067859
0.219577 0.196014 -0.068319
0.226059 0.194892 -0.070520
0.226341 0.195017 -0.070938
0.226622 0.195143 -0.071357
0.226903 0.195269 -0.071776
0.227056 0.195452 -0.072216
0.226950 0.195749 -0.072697
0.227102 0.195932 -0.073137
0.226997 0.196229 -0.073618
0.226891 0.196527 -0.074100
0.226528 0.196939 -0.074623
0.226422 0.197236 -0.075104
0.225801 0.197762 -0.075669
0.225180 0.198288 -0.076234
0.224945 0.198643 -0.076737
0.218762 0.193497 -0.061404
0.219043 0.193623 -0.061823
0.219324 0.193749 -0.062242
0.219476 0.193931 -0.062681
0.219371 0.194229 -0.063163
0.219266 0.194526 -0.063644
0.219418 0.194709 -0.064084
0.219699 0.194835 -0.064503
0.219207 0.195304 -0.065047
0.219359 0.195487 -0.065486
0.219383 0.195728 -0.065947
0.219148 0.196082 -0.066449
0.219301 0.196265 -0.066889
0.219453 0.196448 -0.067328
0.226603 0.195277 -0.069887
0.227013 0.195346 -0.070285
0.227165 0.195529 -0.070724
0.227318 0.195711 -0.071164
0.227470 0.195894 -0.071604
0.227364 0.196192 -0.072085
0.227259 0.196489 -0.072566
0.227153 0.196787 -0.073048
0.226919 0.197142 -0.073550
0.226556 0.197554 -0.074073
0.226192 0.197966 -0.074596
0.225056 0.198721 -0.075244
0.218685 0.194411 -0.061335
0.219095 0.194480 -0.061733
0.219247 0.194663 -0.062172
0.219013 0.195018 -0.062674
0.219036 0.195258 -0.063135
0.219189 0.195441 -0.063575
0.219083 0.195738 -0.064056
0.219107 0.195979 -0.064516
0.219130 0.196219 -0.064977
0.219283 0.196402 -0.065417
0.219048 0.196757 -0.065919
0.226326 0.195526 -0.068458
0.227231 0.195373 -0.068776
0.227505 0.195502 -0.069196
0.227657 0.195685 -0.069636
0.227688 0.195922 -0.070095
0.227718 0.196159 -0.070555
0.227748 0.196397 -0.071014
0.227779 0.196634 -0.071473
0.227416 0.197047 -0.071996
0.227310 0.197344 -0.072477
0.227076 0.197699 -0.072979
0.226455 0.198226 -0.073544
0.225189 0.199040 -0.074213
0.218538 0.197363 -0.064990
0.226611 0.196026 -0.067867
0.227509 0.195875 -0.068186
0.227783 0.196004 -0.068607
0.227936 0.196187 -0.069046
0.228088 0.196370 -0.069486
0.227874 0.196716 -0.069984
0.227905 0.196954 -0.070444
0.227678 0.197306 -0.070944
0.227314 0.197719 -0.071467
0.227080 0.198074 -0.071969
0.226588 0.198544 -0.072513
0.225839 0.199128 -0.073098
0.227574 0.196724 -0.068095
0.227970 0.196798 -0.068496
0.228001 0.197036 -0.068955
0.227909 0.197328 -0.069434
0.227811 0.197623 -0.069913
0.227319 0.198093 -0.070457
0.227213 0.198391 -0.070938
0.226593 0.198919 -0.071502
0.226995 0.197861 -0.068107
0.227194 0.198525 -0.069467
0.456523 0.208853 -0.032322
0.269605 0.339423 -0.039075
